t,	etaU
0,	39.2518
0.554477,	36.1464
1.10895,	29.7056
1.66343,	25.5722
2.21791,	25.5722
2.77239,	29.7056
3.32686,	36.1464
3.88134,	39.2518
4.43582,	36.4717
4.9903,	31.2054
5.54477,	27.4981
6.09925,	28.0133
6.65373,	31.1085
7.20821,	31.7425
7.76268,	29.2309
8.31716,	27.0822
8.87164,	26.8605
9.42612,	28.4375
9.98059,	30.7213
10.5351,	30.9999
11.0895,	29.2029
11.644,	26.2098
12.1985,	21.6616
12.753,	16.7494
13.3075,	13.7951
13.8619,	18.0841
14.4164,	31.5607
14.9709,	46.1198
15.5254,	51.1179
16.0798,	43.6198
16.6343,	30.0161
17.1888,	21.6203
17.7433,	22.4271
18.2978,	27.2969
18.8522,	34.0067
19.4067,	42.1531
19.9612,	48.2023
20.5157,	48.9733
21.0701,	42.9056
21.6246,	32.5881
22.1791,	25.581
22.7336,	24.1809
23.2881,	24.2035
23.8425,	21.8075
24.397,	17.3023
24.9515,	15.907
25.506,	19.7577
26.0604,	24.5137
26.6149,	27.2862
27.1694,	29.303
27.7239,	33.3881
28.2783,	38.8214
28.8328,	41.4846
29.3873,	39.3769
29.9418,	34.2402
30.4963,	28.3811
31.0507,	24.1167
31.6052,	23.4473
32.1597,	24.6776
32.7142,	23.8079
33.2686,	20.6666
33.8231,	17.7707
34.3776,	16.1566
34.9321,	16.5651
35.4866,	17.5695
36.041,	17.2299
36.5955,	16.4585
37.15,	14.6949
37.7045,	11.5883
38.2589,	11.0001
38.8134,	14.2206
39.3679,	18.6527
39.9224,	23.3033
40.4769,	26.5262
41.0313,	26.4235
41.5858,	23.71
42.1403,	21.3972
42.6948,	22.711
43.2492,	28.6925
43.8037,	37.076
44.3582,	45.0978
44.9127,	50.3168
45.4671,	52.004
46.0216,	49.9264
46.5761,	45.3129
47.1306,	40.8696
47.6851,	35.8284
48.2395,	28.3147
48.794,	19.3025
49.3485,	12.6871
49.903,	11.8215
50.4574,	15.1527
51.0119,	17.5588
51.5664,	17.0967
52.1209,	14.203
52.6754,	12.0679
53.2298,	13.8762
53.7843,	18.2829
54.3388,	22.1271
54.8933,	23.3741
55.4477,	21.3092
56.0022,	18.513
56.5567,	16.4875
57.1112,	14.4267
57.6657,	13.2724
58.2201,	13.6216
58.7746,	15.6079
59.3291,	19.1693
59.8836,	22.9829
60.438,	26.5932
60.9925,	28.8361
61.547,	29.6425
62.1015,	29.7387
62.6559,	27.8128
63.2104,	23.7388
63.7649,	18.9811
64.3194,	16.2696
64.8739,	17.8331
65.4283,	20.3246
65.9828,	18.8977
66.5373,	13.7059
67.0918,	8.19201
67.6462,	7.62395
68.2007,	12.3895
68.7552,	17.2838
69.3097,	18.6802
69.8642,	19.0328
70.4186,	23.0031
70.9731,	29.4421
71.5276,	31.8591
72.0821,	26.848
72.6365,	17.8927
73.191,	11.1774
73.7455,	11.4506
74.3,	16.4955
74.8544,	21.7014
75.4089,	24.96
75.9634,	25.4657
76.5179,	25.1123
77.0724,	25.7473
77.6268,	24.2532
78.1813,	19.1125
78.7358,	13.9654
79.2903,	12.0125
79.8447,	15.1712
80.3992,	21.6439
80.9537,	27.3394
81.5082,	29.1865
82.0627,	26.0358
82.6171,	18.9791
83.1716,	11.2782
83.7261,	7.46334
84.2806,	9.17557
84.835,	13.0224
85.3895,	15.4362
85.944,	16.5957
86.4985,	17.7181
87.053,	19.867
87.6074,	22.1155
88.1619,	23.1967
88.7164,	23.1376
89.2709,	21.2704
89.8253,	19.3619
90.3798,	20.0775
90.9343,	22.9082
91.4888,	25.5971
92.0432,	25.9091
92.5977,	23.6404
93.1522,	20.2516
93.7067,	15.2795
94.2612,	9.5797
94.8156,	9.95579
95.3701,	17.9178
95.9246,	25.8104
96.4791,	26.7118
97.0335,	21.083
97.588,	15.1297
98.1425,	13.378
98.697,	13.5315
99.2515,	13.9534
99.8059,	15.2994
100.36,	15.9358
100.915,	14.2204
101.469,	10.3121
102.024,	8.05514
102.578,	9.53554
103.133,	12.1741
103.687,	12.8524
104.242,	12.64
104.796,	13.3089
105.351,	15.841
105.905,	18.9193
106.46,	20.4721
107.014,	20.4637
107.569,	20.0507
108.123,	20.5141
108.678,	23.9175
109.232,	28.7227
109.787,	30.2909
110.341,	27.3891
110.895,	22.4882
111.45,	19.0141
112.004,	17.005
112.559,	14.6408
113.113,	13.4552
113.668,	17.8539
114.222,	25.9159
114.777,	30.9874
115.331,	32.083
115.886,	31.9166
116.44,	31.7118
116.995,	30.6009
117.549,	25.464
118.104,	18.9853
118.658,	18.2881
119.213,	22.4708
119.767,	25.3707
120.322,	24.4115
120.876,	19.8986
121.431,	15.3933
121.985,	14.9815
122.54,	17.6539
123.094,	19.4864
123.648,	18.2532
124.203,	15.1925
124.757,	13.8896
125.312,	16.5038
125.866,	20.5497
126.421,	23.6411
126.975,	26.6424
127.53,	28.9782
128.084,	27.4373
128.639,	21.1296
129.193,	14.1562
129.748,	11.9072
130.302,	14.8578
130.857,	18.9453
131.411,	20.8712
131.966,	21.0069
132.52,	21.7084
133.075,	24.9608
133.629,	30.6527
134.184,	35.5979
134.738,	35.6869
135.292,	29.9815
135.847,	22.2919
136.401,	19.6544
136.956,	23.3655
137.51,	27.5577
138.065,	27.1061
138.619,	24.6971
139.174,	27.1016
139.728,	32.8856
140.283,	39.3965
140.837,	51.3356
141.392,	68.1957
141.946,	84.3373
142.501,	93.2824
143.055,	95.0764
143.61,	96.5413
144.164,	100
144.719,	98.0718
145.273,	90.4371
145.828,	84.5374
146.382,	78.1201
146.937,	65.8349
147.491,	49.8784
148.045,	34.9665
148.6,	25.0707
149.154,	21.7733
149.709,	22.4672
150.263,	28.7615
150.818,	36.8913
151.372,	38.5599
151.927,	33.3682
152.481,	29.9767
153.036,	33.1781
153.59,	38.1413
154.145,	37.3679
154.699,	31.6986
155.254,	27.6411
155.808,	26.4912
156.363,	25.0735
156.917,	21.4507
157.472,	16.9171
158.026,	15.1105
158.581,	16.1581
159.135,	17.0195
159.689,	17.0044
160.244,	15.7953
160.798,	13.8576
161.353,	14.3611
161.907,	17.2077
162.462,	19.5283
163.016,	19.7985
163.571,	16.8536
164.125,	12.182
164.68,	9.29886
165.234,	8.32247
165.789,	9.14298
166.343,	12.3907
166.898,	16.8084
167.452,	19.8864
168.007,	19.2941
168.561,	16.0818
169.116,	13.2708
169.67,	12.5094
170.225,	12.3993
170.779,	10.9843
171.334,	9.27214
171.888,	8.9575
172.442,	9.43071
172.997,	9.37813
173.551,	8.39761
174.106,	8.16591
174.66,	9.78778
175.215,	11.3733
175.769,	11.6196
176.324,	10.3813
176.878,	8.80168
177.433,	8.28307
177.987,	9.05111
178.542,	10.6148
179.096,	12.0196
179.651,	11.976
180.205,	9.79692
180.76,	7.06673
181.314,	6.10972
181.869,	7.82407
182.423,	11.5383
182.978,	14.7488
183.532,	14.9282
184.086,	12.2754
184.641,	9.19049
185.195,	7.95988
185.75,	7.89798
186.304,	7.45256
186.859,	6.94589
187.413,	7.34632
187.968,	8.69957
188.522,	9.61836
189.077,	9.30755
189.631,	8.70136
190.186,	7.95512
190.74,	7.09931
191.295,	6.89562
191.849,	7.84514
192.404,	9.28296
192.958,	9.54818
193.513,	8.39321
194.067,	6.81532
194.622,	5.73701
195.176,	5.445
195.731,	5.68231
196.285,	6.30477
196.839,	8.49992
197.394,	12.2732
197.948,	16.0214
198.503,	18.6361
199.057,	19.1409
199.612,	17.4205
200.166,	14.3187
200.721,	10.9765
201.275,	8.90731
201.83,	9.76045
202.384,	12.4697
202.939,	13.7055
203.493,	12.6033
204.048,	11.4049
204.602,	12.0619
205.157,	14.2143
205.711,	15.019
206.266,	12.8111
206.82,	9.27964
207.375,	6.32776
207.929,	4.64185
208.484,	4.00626
209.038,	4.18015
209.592,	4.86526
210.147,	5.7635
210.701,	6.60631
211.256,	6.70635
211.81,	6.07311
212.365,	5.23978
212.919,	4.44789
213.474,	4.00484
214.028,	3.78385
214.583,	4.84512
215.137,	7.907
215.692,	10.7749
216.246,	11.1306
216.801,	8.81625
217.355,	5.75814
217.91,	4.10519
218.464,	4.12262
219.019,	5.49429
219.573,	7.63304
220.128,	8.69558
220.682,	7.86013
221.236,	5.7958
221.791,	4.06802
222.345,	3.48069
222.9,	3.44647
223.454,	4.46926
224.009,	7.02698
224.563,	9.13438
225.118,	8.96995
225.672,	6.91591
226.227,	4.76891
226.781,	3.92305
227.336,	3.75102
227.89,	3.15014
228.445,	2.47308
228.999,	2.26416
229.554,	2.16766
230.108,	2.0261
230.663,	1.9871
231.217,	2.1504
231.772,	2.68613
232.326,	3.14216
232.881,	3.13771
233.435,	3.13083
233.989,	3.2493
234.544,	3.40205
235.098,	3.4829
235.653,	3.36901
236.207,	3.36534
236.762,	3.92165
237.316,	5.20725
237.871,	6.61095
238.425,	7.10386
238.98,	6.53437
239.534,	5.84797
240.089,	5.78961
240.643,	6.09835
241.198,	6.15466
241.752,	5.65347
242.307,	4.86026
242.861,	4.34266
243.416,	4.00387
243.97,	3.87968
244.525,	4.18921
245.079,	4.21217
245.633,	3.73233
246.188,	3.63367
246.742,	4.06265
247.297,	4.77312
247.851,	5.37473
248.406,	5.2428
248.96,	4.41776
249.515,	3.23365
250.069,	2.14893
250.624,	1.78062
251.178,	2.17686
251.733,	2.62089
252.287,	2.63612
252.842,	2.50826
253.396,	2.6742
253.951,	2.93589
254.505,	3.13331
255.06,	3.27545
255.614,	3.2611
256.169,	3.16416
256.723,	2.89253
257.278,	2.55993
257.832,	2.44113
258.386,	2.35544
258.941,	2.06353
259.495,	1.74171
260.05,	1.89279
260.604,	2.58817
261.159,	3.12666
261.713,	3.11871
262.268,	3.08618
262.822,	3.35065
263.377,	3.63151
263.931,	3.38217
264.486,	2.74322
265.04,	2.49621
265.595,	2.83712
266.149,	3.13383
266.704,	2.93877
267.258,	2.64711
267.813,	2.81904
268.367,	3.47743
268.922,	4.27355
269.476,	5.04386
270.03,	5.48196
270.585,	5.43082
271.139,	4.82407
271.694,	3.89353
272.248,	3.25872
272.803,	3.03228
273.357,	2.71766
273.912,	2.29759
274.466,	1.97534
275.021,	1.87878
275.575,	2.27567
276.13,	2.80244
276.684,	3.28213
277.239,	3.96467
277.793,	4.59078
278.348,	4.88018
278.902,	4.91293
279.457,	4.90335
280.011,	5.23767
280.566,	5.66724
281.12,	5.31266
281.675,	3.93255
282.229,	2.47499
282.783,	2.19066
283.338,	3.28622
283.892,	4.62685
284.447,	5.05207
285.001,	4.4053
285.556,	3.46035
286.11,	2.9802
286.665,	3.17158
287.219,	3.66368
287.774,	4.18214
288.328,	4.4604
288.883,	4.11015
289.437,	3.41667
289.992,	2.91405
290.546,	2.93087
291.101,	3.37105
291.655,	4.00005
292.21,	4.66668
292.764,	5.02441
293.319,	4.63727
293.873,	3.76365
294.428,	2.98735
294.982,	2.62191
295.536,	2.48405
296.091,	2.18257
296.645,	1.72773
297.2,	1.40587
297.754,	1.22303
298.309,	1.2314
298.863,	1.51253
299.418,	1.88571
299.972,	2.28094
300.527,	2.72851
301.081,	3.0508
301.636,	3.00025
302.19,	2.72722
302.745,	2.78837
303.299,	3.36072
303.854,	3.87245
304.408,	3.78477
304.963,	3.04188
305.517,	2.11935
306.072,	1.56973
306.626,	1.39906
307.18,	1.30995
307.735,	1.21279
308.289,	1.23439
308.844,	1.62222
309.398,	2.35964
309.953,	2.93638
310.507,	2.96963
311.062,	2.49649
311.616,	1.88655
312.171,	1.60778
312.725,	1.70094
313.28,	1.85904
313.834,	1.92345
314.389,	1.8587
314.943,	1.72503
315.498,	1.64156
316.052,	1.68467
316.607,	1.81199
317.161,	1.93193
317.716,	1.83172
318.27,	1.39125
318.825,	0.888467
319.379,	0.626699
319.933,	0.593287
320.488,	0.632386
321.042,	0.662655
321.597,	0.774923
322.151,	1.16453
322.706,	1.68324
323.26,	2.12261
323.815,	2.25565
324.369,	2.01393
324.924,	1.65131
325.478,	1.27084
326.033,	0.885938
326.587,	0.831596
327.142,	1.1089
327.696,	1.43458
328.251,	1.63686
328.805,	1.54862
329.36,	1.39698
329.914,	1.41013
330.469,	1.57472
331.023,	1.76669
331.577,	1.72717
332.132,	1.43585
332.686,	1.22651
333.241,	1.28831
333.795,	1.69265
334.35,	2.2383
334.904,	2.48936
335.459,	2.4091
336.013,	2.16653
336.568,	1.98249
337.122,	1.96925
337.677,	1.98233
338.231,	1.93451
338.786,	1.83128
339.34,	1.70375
339.895,	1.60905
340.449,	1.54636
341.004,	1.52587
341.558,	1.54372
342.113,	1.49459
342.667,	1.501
343.222,	1.61606
343.776,	1.74561
344.33,	1.8148
344.885,	1.91577
345.439,	2.16605
345.994,	2.37576
346.548,	2.26491
347.103,	1.83367
347.657,	1.34912
348.212,	1.03414
348.766,	0.918142
349.321,	0.879723
349.875,	0.814286
350.43,	0.710786
350.984,	0.771139
351.539,	1.03088
352.093,	1.32636
352.648,	1.54162
353.202,	1.69641
353.757,	1.84004
354.311,	2.04515
354.866,	2.22409
355.42,	2.19872
355.974,	2.02557
356.529,	1.83452
357.083,	1.72608
357.638,	1.85553
358.192,	2.09585
358.747,	2.00968
359.301,	1.57542
359.856,	1.13951
360.41,	0.923311
360.965,	0.98134
361.519,	1.09879
362.074,	0.993186
362.628,	0.718131
363.183,	0.425328
363.737,	0.349094
364.292,	0.703648
364.846,	1.33833
365.401,	1.84311
365.955,	1.87222
366.51,	1.49997
367.064,	1.16097
367.619,	1.33042
368.173,	1.97328
368.727,	2.4226
369.282,	2.22043
369.836,	1.61196
370.391,	1.05576
370.945,	0.81287
371.5,	0.72098
372.054,	0.654774
372.609,	0.754813
373.163,	1.05236
373.718,	1.34715
374.272,	1.34794
374.827,	1.10017
375.381,	0.916106
375.936,	1.0364
376.49,	1.43674
377.045,	1.76943
377.599,	1.72548
378.154,	1.37895
378.708,	1.13118
379.263,	1.21147
379.817,	1.37226
380.371,	1.38545
380.926,	1.38706
381.48,	1.52997
382.035,	1.69577
382.589,	1.64147
383.144,	1.29221
383.698,	0.864614
384.253,	0.698556
384.807,	0.854531
385.362,	1.05562
385.916,	1.11755
386.471,	1.04314
387.025,	0.979191
387.58,	1.03153
388.134,	1.09437
388.689,	0.986016
389.243,	0.802665
389.798,	0.779233
390.352,	0.856169
390.907,	0.850867
391.461,	0.818036
392.016,	0.864009
392.57,	1.00654
393.124,	1.14239
393.679,	1.22121
394.233,	1.29783
394.788,	1.35931
395.342,	1.44804
395.897,	1.53099
396.451,	1.50469
397.006,	1.33695
397.56,	0.979386
398.115,	0.548289
398.669,	0.314612
399.224,	0.270524
399.778,	0.295865
400.333,	0.392444
400.887,	0.492675
401.442,	0.62832
401.996,	0.805497
402.551,	0.893891
403.105,	0.894144
403.66,	0.870925
404.214,	0.792771
404.769,	0.719561
405.323,	0.659805
405.877,	0.610504
406.432,	0.742514
406.986,	0.986212
407.541,	1.22836
408.095,	1.47558
408.65,	1.56972
409.204,	1.44242
409.759,	1.21486
410.313,	0.942524
410.868,	0.738854
411.422,	0.661411
411.977,	0.687869
412.531,	0.872294
413.086,	1.15816
413.64,	1.32801
414.195,	1.1946
414.749,	0.870775
415.304,	0.626049
415.858,	0.528867
416.413,	0.567813
416.967,	0.66187
417.521,	0.687703
418.076,	0.686143
418.63,	0.673751
419.185,	0.629876
419.739,	0.613093
420.294,	0.623071
420.848,	0.638118
421.403,	0.695216
421.957,	0.734332
422.512,	0.661757
423.066,	0.49048
423.621,	0.351238
424.175,	0.360565
424.73,	0.584353
425.284,	0.927369
425.839,	1.14824
426.393,	1.13967
426.948,	0.944867
427.502,	0.667542
428.057,	0.441641
428.611,	0.334602
429.166,	0.334425
429.72,	0.430118
430.274,	0.566191
430.829,	0.661095
431.383,	0.713272
431.938,	0.780965
432.492,	0.853346
433.047,	0.892228
433.601,	0.874481
434.156,	0.85108
434.71,	0.905775
435.265,	0.971403
435.819,	0.93668
436.374,	0.759581
436.928,	0.50257
437.483,	0.357847
438.037,	0.410482
438.592,	0.549339
439.146,	0.690054
439.701,	0.765699
440.255,	0.749542
440.81,	0.69146
441.364,	0.605866
441.918,	0.485038
442.473,	0.405561
443.027,	0.458263
443.582,	0.641049
444.136,	0.852697
444.691,	0.983695
445.245,	1.00237
445.8,	0.951424
446.354,	0.879063
446.909,	0.812282
447.463,	0.757335
448.018,	0.702402
448.572,	0.66694
449.127,	0.653046
449.681,	0.613195
450.236,	0.539716
450.79,	0.502995
451.345,	0.582562
451.899,	0.789178
452.454,	0.998367
453.008,	1.05531
453.563,	0.930461
454.117,	0.733176
454.671,	0.56558
455.226,	0.461751
455.78,	0.418659
456.335,	0.382453
456.889,	0.343463
457.444,	0.335627
457.998,	0.345648
458.553,	0.408843
459.107,	0.623095
459.662,	0.919678
460.216,	1.09242
460.771,	1.03912
461.325,	0.8027
461.88,	0.550391
462.434,	0.438701
462.989,	0.486629
463.543,	0.600803
464.098,	0.699286
464.652,	0.768924
465.207,	0.806156
465.761,	0.819202
466.315,	0.83856
466.87,	0.804398
467.424,	0.702758
467.979,	0.640064
468.533,	0.648038
469.088,	0.69157
469.642,	0.733333
470.197,	0.717571
470.751,	0.644231
471.306,	0.647193
471.86,	0.79134
472.415,	0.94373
472.969,	0.956687
473.524,	0.807056
474.078,	0.563761
474.633,	0.370371
475.187,	0.330807
475.742,	0.394374
476.296,	0.468815
476.851,	0.51643
477.405,	0.511029
477.96,	0.464914
478.514,	0.44778
479.068,	0.456847
479.623,	0.478794
480.177,	0.526892
480.732,	0.574156
481.286,	0.587882
481.841,	0.532699
482.395,	0.469156
482.95,	0.469871
483.504,	0.577812
484.059,	0.821598
484.613,	1.05193
485.168,	1.06796
485.722,	0.933562
486.277,	0.784945
486.831,	0.681773
487.386,	0.656367
487.94,	0.655852
488.495,	0.649446
489.049,	0.685246
489.604,	0.74904
490.158,	0.822377
490.713,	0.940991
491.267,	0.995535
491.821,	0.898611
492.376,	0.736819
492.93,	0.593238
493.485,	0.513823
494.039,	0.475823
494.594,	0.482507
495.148,	0.634798
495.703,	0.852782
496.257,	0.989498
496.812,	0.998721
497.366,	0.904278
497.921,	0.794703
498.475,	0.696641
499.03,	0.592783
499.584,	0.502064
500.139,	0.435592
500.693,	0.420819
501.248,	0.444773
501.802,	0.478843
502.357,	0.543384
502.911,	0.594078
503.465,	0.60286
504.02,	0.5927
504.574,	0.551975
505.129,	0.472923
505.683,	0.361012
506.238,	0.223531
506.792,	0.120996
507.347,	0.135894
507.901,	0.237062
508.456,	0.361902
509.01,	0.466938
509.565,	0.497661
510.119,	0.498679
510.674,	0.564157
511.228,	0.689303
511.783,	0.794591
512.337,	0.791853
512.892,	0.645538
513.446,	0.447744
514.001,	0.372767
514.555,	0.487095
515.11,	0.644017
515.664,	0.717946
516.218,	0.69048
516.773,	0.585884
517.327,	0.517784
517.882,	0.514042
518.436,	0.493932
518.991,	0.467135
519.545,	0.441039
520.1,	0.382179
520.654,	0.332631
521.209,	0.392179
521.763,	0.585716
522.318,	0.829113
522.872,	0.972309
523.427,	0.895883
523.981,	0.647898
524.536,	0.444968
525.09,	0.386238
525.645,	0.389447
526.199,	0.379314
526.754,	0.343631
527.308,	0.310552
527.862,	0.319718
528.417,	0.392865
528.971,	0.500221
529.526,	0.603075
530.08,	0.691291
530.635,	0.723577
531.189,	0.653116
531.744,	0.549642
532.298,	0.492187
532.853,	0.491146
533.407,	0.524039
533.962,	0.517723
534.516,	0.432134
535.071,	0.378187
535.625,	0.418733
536.18,	0.474852
536.734,	0.4722
537.289,	0.414547
537.843,	0.37313
538.398,	0.411263
538.952,	0.494407
539.507,	0.53569
540.061,	0.524799
540.615,	0.51968
541.17,	0.576562
541.724,	0.667484
542.279,	0.753841
542.833,	0.799574
543.388,	0.749581
543.942,	0.602398
544.497,	0.409493
545.051,	0.235979
545.606,	0.158002
546.16,	0.208108
546.715,	0.318567
547.269,	0.410833
547.824,	0.446657
548.378,	0.453165
548.933,	0.481509
549.487,	0.526104
550.042,	0.533845
550.596,	0.482401
551.151,	0.388549
551.705,	0.290559
552.259,	0.230838
552.814,	0.275217
553.368,	0.44884
553.923,	0.614426
554.477,	0.645553
555.032,	0.585117
555.586,	0.525743
556.141,	0.522925
556.695,	0.527482
557.25,	0.443796
557.804,	0.310384
558.359,	0.245318
558.913,	0.308513
559.468,	0.437315
560.022,	0.544555
560.577,	0.584544
561.131,	0.550296
561.686,	0.505297
562.24,	0.479135
562.795,	0.434241
563.349,	0.370381
563.904,	0.296138
564.458,	0.226494
565.012,	0.201373
565.567,	0.248554
566.121,	0.349125
566.676,	0.463028
567.23,	0.592225
567.785,	0.694312
568.339,	0.682518
568.894,	0.587455
569.448,	0.465896
570.003,	0.361615
570.557,	0.358648
571.112,	0.43965
571.666,	0.513096
572.221,	0.536452
572.775,	0.529884
573.33,	0.537823
573.884,	0.601249
574.439,	0.655149
574.993,	0.602826
575.548,	0.475312
576.102,	0.381179
576.657,	0.350639
577.211,	0.341822
577.765,	0.355883
578.32,	0.399239
578.874,	0.439668
579.429,	0.474286
579.983,	0.514491
580.538,	0.526592
581.092,	0.539765
581.647,	0.551257
582.201,	0.500632
582.756,	0.409225
583.31,	0.307958
583.865,	0.22635
584.419,	0.222916
584.974,	0.307271
585.528,	0.441611
586.083,	0.56756
586.637,	0.616974
587.192,	0.551511
587.746,	0.404157
588.301,	0.281207
588.855,	0.227246
589.409,	0.215004
589.964,	0.216258
590.518,	0.228609
591.073,	0.256011
591.627,	0.305949
592.182,	0.399314
592.736,	0.4991
593.291,	0.554338
593.845,	0.585581
594.4,	0.597662
594.954,	0.569521
595.509,	0.488834
596.063,	0.35089
596.618,	0.230977
597.172,	0.215598
597.727,	0.301945
598.281,	0.40139
598.836,	0.465235
599.39,	0.49301
599.945,	0.475596
600.499,	0.46585
601.054,	0.488329
601.608,	0.499368
602.162,	0.488582
602.717,	0.434143
603.271,	0.333447
603.826,	0.250392
604.38,	0.244152
604.935,	0.363721
605.489,	0.542484
606.044,	0.658159
606.598,	0.660385
607.153,	0.552916
607.707,	0.412116
608.262,	0.305252
608.816,	0.237502
609.371,	0.231727
609.925,	0.323291
610.48,	0.451033
611.034,	0.501928
611.589,	0.472
612.143,	0.447757
612.698,	0.483915
613.252,	0.57619
613.806,	0.605144
614.361,	0.494978
614.915,	0.356774
615.47,	0.293455
616.024,	0.305095
616.579,	0.341156
617.133,	0.36241
617.688,	0.373609
618.242,	0.414608
618.797,	0.480904
619.351,	0.495912
619.906,	0.43334
620.46,	0.362913
621.015,	0.323115
621.569,	0.302278
622.124,	0.289339
622.678,	0.291928
623.233,	0.344299
623.787,	0.444494
624.342,	0.536002
624.896,	0.547486
625.451,	0.495526
626.005,	0.441153
626.559,	0.39102
627.114,	0.331872
627.668,	0.260699
628.223,	0.177279
628.777,	0.112058
629.332,	0.118209
629.886,	0.200338
630.441,	0.333282
630.995,	0.495243
631.55,	0.62878
632.104,	0.661818
632.659,	0.609203
633.213,	0.498573
633.768,	0.373574
634.322,	0.311739
634.877,	0.305995
635.431,	0.301227
635.986,	0.290388
636.54,	0.305149
637.095,	0.356043
637.649,	0.440837
638.203,	0.527661
638.758,	0.547831
639.312,	0.470553
639.867,	0.325931
640.421,	0.171518
640.976,	0.0896871
641.53,	0.134507
642.085,	0.284953
642.639,	0.442823
643.194,	0.512022
643.748,	0.480534
644.303,	0.390457
644.857,	0.328513
645.412,	0.326453
645.966,	0.326233
646.521,	0.310709
647.075,	0.284087
647.63,	0.234985
648.184,	0.183627
648.739,	0.18803
649.293,	0.291546
649.848,	0.443318
650.402,	0.563091
650.956,	0.614839
651.511,	0.585482
652.065,	0.515253
652.62,	0.427684
653.174,	0.323491
653.729,	0.238423
654.283,	0.195921
654.838,	0.193756
655.392,	0.233912
655.947,	0.319913
656.501,	0.4153
657.056,	0.479459
657.61,	0.520381
658.165,	0.527936
658.719,	0.472406
659.274,	0.36893
659.828,	0.243576
660.383,	0.144109
660.937,	0.107171
661.492,	0.142634
662.046,	0.226749
662.6,	0.322032
663.155,	0.412664
663.709,	0.452176
664.264,	0.419735
664.818,	0.376752
665.373,	0.341471
665.927,	0.298452
666.482,	0.276551
667.036,	0.276736
667.591,	0.301579
668.145,	0.357962
668.7,	0.425343
669.254,	0.469881
669.809,	0.501679
670.363,	0.519688
670.918,	0.495128
671.472,	0.441842
672.027,	0.385555
672.581,	0.319389
673.136,	0.250143
673.69,	0.213902
674.245,	0.209629
674.799,	0.233429
675.353,	0.292124
675.908,	0.381259
676.462,	0.458785
677.017,	0.490102
677.571,	0.464488
678.126,	0.392884
678.68,	0.316274
679.235,	0.278277
679.789,	0.285902
680.344,	0.329381
680.898,	0.392299
681.453,	0.417482
682.007,	0.398687
682.562,	0.399374
683.116,	0.4157
683.671,	0.409111
684.225,	0.364408
684.78,	0.275829
685.334,	0.186114
685.889,	0.141923
686.443,	0.168291
686.998,	0.255245
687.552,	0.36547
688.106,	0.460354
688.661,	0.484838
689.215,	0.432063
689.77,	0.376188
690.324,	0.339407
690.879,	0.325718
691.433,	0.326931
691.988,	0.28975
692.542,	0.22413
693.097,	0.186959
693.651,	0.218471
694.206,	0.305075
694.76,	0.407274
695.315,	0.474248
695.869,	0.466119
696.424,	0.400655
696.978,	0.314242
697.533,	0.232713
698.087,	0.192288
698.642,	0.194593
699.196,	0.202624
699.75,	0.205981
700.305,	0.226606
700.859,	0.27733
701.414,	0.340802
701.968,	0.421356
702.523,	0.497543
703.077,	0.510876
703.632,	0.44621
704.186,	0.330121
704.741,	0.227561
705.295,	0.208769
705.85,	0.26785
706.404,	0.335832
706.959,	0.370044
707.513,	0.383729
708.068,	0.388329
708.622,	0.387552
709.177,	0.385076
709.731,	0.353148
710.286,	0.291012
710.84,	0.229813
711.395,	0.182294
711.949,	0.169664
712.503,	0.223503
713.058,	0.316455
713.612,	0.374967
714.167,	0.379136
714.721,	0.380227
715.276,	0.409621
715.83,	0.440334
716.385,	0.407246
716.939,	0.295052
717.494,	0.184329
718.048,	0.137492
718.603,	0.156749
719.157,	0.228087
719.712,	0.339902
720.266,	0.447886
720.821,	0.473936
721.375,	0.415179
721.93,	0.349453
722.484,	0.325648
723.039,	0.323106
723.593,	0.295332
724.147,	0.236362
724.702,	0.189955
725.256,	0.186024
725.811,	0.213646
726.365,	0.260265
726.92,	0.338348
727.474,	0.408012
728.029,	0.416339
728.583,	0.379533
729.138,	0.323602
729.692,	0.264024
730.247,	0.216771
730.801,	0.187293
731.356,	0.180691
731.91,	0.215792
732.465,	0.295806
733.019,	0.371263
733.574,	0.390038
734.128,	0.348623
734.683,	0.261639
735.237,	0.196141
735.792,	0.188575
736.346,	0.188238
736.9,	0.17626
737.455,	0.173168
738.009,	0.18527
738.564,	0.204799
739.118,	0.241809
739.673,	0.321025
740.227,	0.414876
740.782,	0.455641
741.336,	0.409216
741.891,	0.308779
742.445,	0.24378
743,	0.251455
743.554,	0.288056
744.109,	0.321704
744.663,	0.348252
745.218,	0.352117
745.772,	0.31773
746.327,	0.290902
746.881,	0.312579
747.436,	0.355115
747.99,	0.36635
748.544,	0.303361
749.099,	0.194777
749.653,	0.122782
750.208,	0.126554
750.762,	0.186313
751.317,	0.270377
751.871,	0.351438
752.426,	0.386671
752.98,	0.35381
753.535,	0.299664
754.089,	0.25655
754.644,	0.230898
755.198,	0.216812
755.753,	0.178384
756.307,	0.136717
756.862,	0.147009
757.416,	0.211545
757.971,	0.285717
758.525,	0.333857
759.08,	0.361634
759.634,	0.371772
760.189,	0.353078
760.743,	0.300692
761.297,	0.217444
761.852,	0.141905
762.406,	0.104022
762.961,	0.0938425
763.515,	0.109606
764.07,	0.164262
764.624,	0.239952
765.179,	0.293824
765.733,	0.317621
766.288,	0.341081
766.842,	0.361544
767.397,	0.35641
767.951,	0.313662
768.506,	0.240215
769.06,	0.190117
769.615,	0.195079
770.169,	0.2294
770.724,	0.269735
771.278,	0.326009
771.833,	0.370831
772.387,	0.377774
772.942,	0.35129
773.496,	0.303011
774.05,	0.251683
774.605,	0.206967
775.159,	0.178679
775.714,	0.173729
776.268,	0.20937
776.823,	0.278788
777.377,	0.333732
777.932,	0.342208
778.486,	0.333509
779.041,	0.318462
779.595,	0.308048
780.15,	0.300282
780.704,	0.259576
781.259,	0.194614
781.813,	0.131509
782.368,	0.0853413
782.922,	0.0738259
783.477,	0.125512
784.031,	0.229714
784.586,	0.320132
785.14,	0.345241
785.694,	0.320442
786.249,	0.275331
786.803,	0.231083
787.358,	0.194238
787.912,	0.163221
788.467,	0.16012
789.021,	0.198447
789.576,	0.244483
790.13,	0.254517
790.685,	0.248827
791.239,	0.258897
791.794,	0.282025
792.348,	0.314504
792.903,	0.320469
793.457,	0.273491
794.012,	0.214416
794.566,	0.177434
795.121,	0.163865
795.675,	0.179836
796.23,	0.233999
796.784,	0.299972
797.339,	0.332245
797.893,	0.314028
798.447,	0.261561
799.002,	0.22668
799.556,	0.241592
800.111,	0.269986
800.665,	0.280664
801.22,	0.276789
801.774,	0.25579
802.329,	0.215951
802.883,	0.184126
803.438,	0.21578
803.992,	0.303282
804.547,	0.370654
805.101,	0.353025
805.656,	0.256625
806.21,	0.162281
806.765,	0.123761
807.319,	0.13226
807.874,	0.167322
808.428,	0.224735
808.983,	0.280914
809.537,	0.293731
810.091,	0.275001
810.646,	0.282536
811.2,	0.318441
811.755,	0.337677
812.309,	0.295814
812.864,	0.1991
813.418,	0.118018
813.973,	0.0992104
814.527,	0.135457
815.082,	0.19475
815.636,	0.252823
816.191,	0.289861
816.745,	0.292672
817.3,	0.271985
817.854,	0.237144
818.409,	0.19004
818.963,	0.147245
819.518,	0.114668
820.072,	0.0910368
820.627,	0.0976294
821.181,	0.148069
821.736,	0.212148
822.29,	0.250815
822.844,	0.263315
823.399,	0.270867
823.953,	0.294344
824.508,	0.310463
825.062,	0.273307
825.617,	0.202919
826.171,	0.146827
826.726,	0.11131
827.28,	0.0883739
827.835,	0.0983581
828.389,	0.165074
828.944,	0.268484
829.498,	0.350264
830.053,	0.372076
830.607,	0.351884
831.162,	0.329885
831.716,	0.302599
832.271,	0.25923
832.825,	0.227145
833.38,	0.234288
833.934,	0.265935
834.488,	0.270304
835.043,	0.245016
835.597,	0.230173
836.152,	0.245433
836.706,	0.27362
837.261,	0.27251
837.815,	0.23546
838.37,	0.199033
838.924,	0.174903
839.479,	0.155846
840.033,	0.153607
840.588,	0.187689
841.142,	0.246754
841.697,	0.284196
842.251,	0.278684
842.806,	0.242485
843.36,	0.204766
843.915,	0.181329
844.469,	0.152205
845.024,	0.115209
845.578,	0.0953019
846.133,	0.0976482
846.687,	0.116375
847.241,	0.152804
847.796,	0.212628
848.35,	0.274844
848.905,	0.311675
849.459,	0.317623
850.014,	0.288428
850.568,	0.240129
851.123,	0.190444
851.677,	0.140116
852.232,	0.107811
852.786,	0.119919
853.341,	0.161817
853.895,	0.206606
854.45,	0.233403
855.004,	0.23966
855.559,	0.230286
856.113,	0.223379
856.668,	0.221209
857.222,	0.200665
857.777,	0.176029
858.331,	0.161834
858.886,	0.15327
859.44,	0.150634
859.994,	0.16448
860.549,	0.198626
861.103,	0.247029
861.658,	0.269394
862.212,	0.237146
862.767,	0.171535
863.321,	0.126688
863.876,	0.121969
864.43,	0.125787
864.985,	0.13114
865.539,	0.142458
866.094,	0.149151
866.648,	0.155161
867.203,	0.184427
867.757,	0.234611
868.312,	0.282511
868.866,	0.285646
869.421,	0.223292
869.975,	0.136885
870.53,	0.0790757
871.084,	0.0616463
871.638,	0.0692226
872.193,	0.0931681
872.747,	0.123564
873.302,	0.147299
873.856,	0.174291
874.411,	0.215598
874.965,	0.251362
875.52,	0.256612
876.074,	0.219178
876.629,	0.153501
877.183,	0.104983
877.738,	0.116977
878.292,	0.175079
878.847,	0.219163
879.401,	0.216325
879.956,	0.185688
880.51,	0.165438
881.065,	0.186075
881.619,	0.218611
882.174,	0.213884
882.728,	0.174539
883.283,	0.129218
883.837,	0.097513
884.391,	0.0932949
884.946,	0.136661
885.5,	0.206922
886.055,	0.257604
886.609,	0.261472
887.164,	0.230114
887.718,	0.196312
888.273,	0.185267
888.827,	0.187893
889.382,	0.183023
889.936,	0.170772
890.491,	0.159462
891.045,	0.141484
891.6,	0.120245
892.154,	0.134447
892.709,	0.181454
893.263,	0.237337
893.818,	0.279216
894.372,	0.283318
894.927,	0.258971
895.481,	0.223199
896.035,	0.17898
896.59,	0.13955
897.144,	0.127407
897.699,	0.146354
898.253,	0.168117
898.808,	0.166764
899.362,	0.153458
899.917,	0.141169
900.471,	0.144433
901.026,	0.16406
901.58,	0.171629
902.135,	0.16086
902.689,	0.142498
903.244,	0.120643
903.798,	0.111805
904.353,	0.130637
904.907,	0.175066
905.462,	0.228512
906.016,	0.257217
906.571,	0.234842
907.125,	0.17469
907.68,	0.112736
908.234,	0.0778896
908.788,	0.0814607
909.343,	0.112967
909.897,	0.15066
910.452,	0.18277
911.006,	0.207156
911.561,	0.224183
912.115,	0.245567
912.67,	0.269856
913.224,	0.284848
913.779,	0.277595
914.333,	0.242065
914.888,	0.198932
915.442,	0.173504
915.997,	0.167977
916.551,	0.17269
917.106,	0.184871
917.66,	0.208474
918.215,	0.235046
918.769,	0.23905
919.324,	0.221046
919.878,	0.204342
920.432,	0.201762
920.987,	0.199541
921.541,	0.18705
922.096,	0.180838
922.65,	0.18576
923.205,	0.182674
923.759,	0.16502
924.314,	0.152417
924.868,	0.164271
925.423,	0.184897
925.977,	0.171857
926.532,	0.121867
927.086,	0.077232
927.641,	0.0652937
928.195,	0.0740971
928.75,	0.0886015
929.304,	0.108175
929.859,	0.124759
930.413,	0.137446
930.968,	0.157847
931.522,	0.187428
932.077,	0.218955
932.631,	0.231814
933.185,	0.201244
933.74,	0.14446
934.294,	0.104486
934.849,	0.0977126
935.403,	0.118162
935.958,	0.1404
936.512,	0.144279
937.067,	0.133901
937.621,	0.137737
938.176,	0.174486
938.73,	0.215677
939.285,	0.231174
939.839,	0.223224
940.394,	0.205337
940.948,	0.189603
941.503,	0.1866
942.057,	0.196666
942.612,	0.222816
943.166,	0.244915
943.721,	0.233921
944.275,	0.200003
944.829,	0.185387
945.384,	0.19718
945.938,	0.201692
946.493,	0.188468
947.047,	0.17205
947.602,	0.168082
948.156,	0.171365
948.711,	0.177644
949.265,	0.196598
949.82,	0.229241
950.374,	0.244797
950.929,	0.21895
951.483,	0.171504
952.038,	0.139424
952.592,	0.124801
953.147,	0.106745
953.701,	0.0846664
954.256,	0.0693135
954.81,	0.0668094
955.365,	0.0758583
955.919,	0.0965959
956.474,	0.124884
957.028,	0.148864
957.582,	0.159479
958.137,	0.164177
958.691,	0.172747
959.246,	0.183039
959.8,	0.178735
960.355,	0.147604
960.909,	0.101566
961.464,	0.0686029
962.018,	0.0648731
962.573,	0.0916986
963.127,	0.125283
963.682,	0.131723
964.236,	0.107683
964.791,	0.0881149
965.345,	0.100706
965.9,	0.132377
966.454,	0.16701
967.009,	0.191678
967.563,	0.203862
968.118,	0.2067
968.672,	0.202784
969.227,	0.198675
969.781,	0.209125
970.335,	0.222644
970.89,	0.211577
971.444,	0.178089
971.999,	0.152132
972.553,	0.141209
973.108,	0.128975
973.662,	0.121165
974.217,	0.129342
974.771,	0.163221
975.326,	0.204901
975.88,	0.228568
976.435,	0.231835
976.989,	0.226864
977.544,	0.211285
978.098,	0.17942
978.653,	0.148499
979.207,	0.132823
979.762,	0.120107
980.316,	0.0931908
980.871,	0.0631243
981.425,	0.0551976
981.979,	0.080325
982.534,	0.116334
983.088,	0.138311
983.643,	0.142768
984.197,	0.140722
984.752,	0.139565
985.306,	0.145367
985.861,	0.162157
986.415,	0.180169
986.97,	0.184872
987.524,	0.171263
988.079,	0.147387
988.633,	0.126378
989.188,	0.11177
989.742,	0.10322
990.297,	0.10034
990.851,	0.100074
991.406,	0.0967846
991.96,	0.0976149
992.515,	0.116253
993.069,	0.142935
993.624,	0.163503
994.178,	0.174676
994.732,	0.185576
995.287,	0.200578
995.841,	0.210945
996.396,	0.209352
996.95,	0.207768
997.505,	0.210154
998.059,	0.198742
998.614,	0.171474
999.168,	0.155517
999.723,	0.158669
1000.28,	0.161674
1000.83,	0.158669
1001.39,	0.155517
1001.94,	0.171474
1002.5,	0.198742
1003.05,	0.210154
1003.6,	0.207768
1004.16,	0.209352
1004.71,	0.210945
1005.27,	0.200578
1005.82,	0.185576
1006.38,	0.174676
1006.93,	0.163503
1007.49,	0.142935
1008.04,	0.116253
1008.59,	0.0976149
1009.15,	0.0967846
1009.7,	0.100074
1010.26,	0.10034
1010.81,	0.10322
1011.37,	0.11177
1011.92,	0.126378
1012.48,	0.147387
1013.03,	0.171263
1013.58,	0.184872
1014.14,	0.180169
1014.69,	0.162157
1015.25,	0.145367
1015.8,	0.139565
1016.36,	0.140722
1016.91,	0.142768
1017.47,	0.138311
1018.02,	0.116334
1018.57,	0.080325
1019.13,	0.0551976
1019.68,	0.0631243
1020.24,	0.0931908
1020.79,	0.120107
1021.35,	0.132823
1021.9,	0.148499
1022.46,	0.17942
1023.01,	0.211285
1023.57,	0.226864
1024.12,	0.231835
1024.67,	0.228568
1025.23,	0.204901
1025.78,	0.163221
1026.34,	0.129342
1026.89,	0.121165
1027.45,	0.128975
1028,	0.141209
1028.56,	0.152132
1029.11,	0.178089
1029.66,	0.211577
1030.22,	0.222644
1030.77,	0.209125
1031.33,	0.198675
1031.88,	0.202784
1032.44,	0.2067
1032.99,	0.203862
1033.55,	0.191678
1034.1,	0.16701
1034.65,	0.132377
1035.21,	0.100706
1035.76,	0.0881149
1036.32,	0.107683
1036.87,	0.131723
1037.43,	0.125283
1037.98,	0.0916986
1038.54,	0.0648731
1039.09,	0.0686029
1039.65,	0.101566
1040.2,	0.147604
1040.75,	0.178735
1041.31,	0.183039
1041.86,	0.172747
1042.42,	0.164177
1042.97,	0.159479
1043.53,	0.148864
1044.08,	0.124884
1044.64,	0.0965959
1045.19,	0.0758583
1045.74,	0.0668094
1046.3,	0.0693135
1046.85,	0.0846664
1047.41,	0.106745
1047.96,	0.124801
1048.52,	0.139424
1049.07,	0.171504
1049.63,	0.21895
1050.18,	0.244797
1050.73,	0.229241
1051.29,	0.196598
1051.84,	0.177644
1052.4,	0.171365
1052.95,	0.168082
1053.51,	0.17205
1054.06,	0.188468
1054.62,	0.201692
1055.17,	0.19718
1055.72,	0.185387
1056.28,	0.200003
1056.83,	0.233921
1057.39,	0.244915
1057.94,	0.222816
1058.5,	0.196666
1059.05,	0.1866
1059.61,	0.189603
1060.16,	0.205337
1060.72,	0.223224
1061.27,	0.231174
1061.82,	0.215677
1062.38,	0.174486
1062.93,	0.137737
1063.49,	0.133901
1064.04,	0.144279
1064.6,	0.1404
1065.15,	0.118162
1065.71,	0.0977126
1066.26,	0.104486
1066.81,	0.14446
1067.37,	0.201244
1067.92,	0.231814
1068.48,	0.218955
1069.03,	0.187428
1069.59,	0.157847
1070.14,	0.137446
1070.7,	0.124759
1071.25,	0.108175
1071.8,	0.0886015
1072.36,	0.0740971
1072.91,	0.0652937
1073.47,	0.077232
1074.02,	0.121867
1074.58,	0.171857
1075.13,	0.184897
1075.69,	0.164271
1076.24,	0.152417
1076.8,	0.16502
1077.35,	0.182674
1077.9,	0.18576
1078.46,	0.180838
1079.01,	0.18705
1079.57,	0.199541
1080.12,	0.201762
1080.68,	0.204342
1081.23,	0.221046
1081.79,	0.23905
1082.34,	0.235046
1082.89,	0.208474
1083.45,	0.184871
1084,	0.17269
1084.56,	0.167977
1085.11,	0.173504
1085.67,	0.198932
1086.22,	0.242065
1086.78,	0.277595
1087.33,	0.284848
1087.88,	0.269856
1088.44,	0.245567
1088.99,	0.224183
1089.55,	0.207156
1090.1,	0.18277
1090.66,	0.15066
1091.21,	0.112967
1091.77,	0.0814607
1092.32,	0.0778896
1092.87,	0.112736
1093.43,	0.17469
1093.98,	0.234842
1094.54,	0.257217
1095.09,	0.228512
1095.65,	0.175066
1096.2,	0.130637
1096.76,	0.111805
1097.31,	0.120643
1097.87,	0.142498
1098.42,	0.16086
1098.97,	0.171629
1099.53,	0.16406
1100.08,	0.144433
1100.64,	0.141169
1101.19,	0.153458
1101.75,	0.166764
1102.3,	0.168117
1102.86,	0.146354
1103.41,	0.127407
1103.96,	0.13955
1104.52,	0.17898
1105.07,	0.223199
1105.63,	0.258971
1106.18,	0.283318
1106.74,	0.279216
1107.29,	0.237337
1107.85,	0.181454
1108.4,	0.134447
1108.95,	0.120245
1109.51,	0.141484
1110.06,	0.159462
1110.62,	0.170772
1111.17,	0.183023
1111.73,	0.187893
1112.28,	0.185267
1112.84,	0.196312
1113.39,	0.230114
1113.95,	0.261472
1114.5,	0.257604
1115.05,	0.206922
1115.61,	0.136661
1116.16,	0.0932949
1116.72,	0.097513
1117.27,	0.129218
1117.83,	0.174539
1118.38,	0.213884
1118.94,	0.218611
1119.49,	0.186075
1120.04,	0.165438
1120.6,	0.185688
1121.15,	0.216325
1121.71,	0.219163
1122.26,	0.175079
1122.82,	0.116977
1123.37,	0.104983
1123.93,	0.153501
1124.48,	0.219178
1125.03,	0.256612
1125.59,	0.251362
1126.14,	0.215598
1126.7,	0.174291
1127.25,	0.147299
1127.81,	0.123564
1128.36,	0.0931681
1128.92,	0.0692226
1129.47,	0.0616463
1130.02,	0.0790757
1130.58,	0.136885
1131.13,	0.223292
1131.69,	0.285646
1132.24,	0.282511
1132.8,	0.234611
1133.35,	0.184427
1133.91,	0.155161
1134.46,	0.149151
1135.02,	0.142458
1135.57,	0.13114
1136.12,	0.125787
1136.68,	0.121969
1137.23,	0.126688
1137.79,	0.171535
1138.34,	0.237146
1138.9,	0.269394
1139.45,	0.247029
1140.01,	0.198626
1140.56,	0.16448
1141.11,	0.150634
1141.67,	0.15327
1142.22,	0.161834
1142.78,	0.176029
1143.33,	0.200665
1143.89,	0.221209
1144.44,	0.223379
1145,	0.230286
1145.55,	0.23966
1146.1,	0.233403
1146.66,	0.206606
1147.21,	0.161817
1147.77,	0.119919
1148.32,	0.107811
1148.88,	0.140116
1149.43,	0.190444
1149.99,	0.240129
1150.54,	0.288428
1151.1,	0.317623
1151.65,	0.311675
1152.2,	0.274844
1152.76,	0.212628
1153.31,	0.152804
1153.87,	0.116375
1154.42,	0.0976482
1154.98,	0.0953019
1155.53,	0.115209
1156.09,	0.152205
1156.64,	0.181329
1157.19,	0.204766
1157.75,	0.242485
1158.3,	0.278684
1158.86,	0.284196
1159.41,	0.246754
1159.97,	0.187689
1160.52,	0.153607
1161.08,	0.155846
1161.63,	0.174903
1162.18,	0.199033
1162.74,	0.23546
1163.29,	0.27251
1163.85,	0.27362
1164.4,	0.245433
1164.96,	0.230173
1165.51,	0.245016
1166.07,	0.270304
1166.62,	0.265935
1167.17,	0.234288
1167.73,	0.227145
1168.28,	0.25923
1168.84,	0.302599
1169.39,	0.329885
1169.95,	0.351884
1170.5,	0.372076
1171.06,	0.350264
1171.61,	0.268484
1172.17,	0.165074
1172.72,	0.0983581
1173.27,	0.0883739
1173.83,	0.11131
1174.38,	0.146827
1174.94,	0.202919
1175.49,	0.273307
1176.05,	0.310463
1176.6,	0.294344
1177.16,	0.270867
1177.71,	0.263315
1178.26,	0.250815
1178.82,	0.212148
1179.37,	0.148069
1179.93,	0.0976294
1180.48,	0.0910368
1181.04,	0.114668
1181.59,	0.147245
1182.15,	0.19004
1182.7,	0.237144
1183.25,	0.271985
1183.81,	0.292672
1184.36,	0.289861
1184.92,	0.252823
1185.47,	0.19475
1186.03,	0.135457
1186.58,	0.0992104
1187.14,	0.118018
1187.69,	0.1991
1188.25,	0.295814
1188.8,	0.337677
1189.35,	0.318441
1189.91,	0.282536
1190.46,	0.275001
1191.02,	0.293731
1191.57,	0.280914
1192.13,	0.224735
1192.68,	0.167322
1193.24,	0.13226
1193.79,	0.123761
1194.34,	0.162281
1194.9,	0.256625
1195.45,	0.353025
1196.01,	0.370654
1196.56,	0.303282
1197.12,	0.21578
1197.67,	0.184126
1198.23,	0.215951
1198.78,	0.25579
1199.33,	0.276789
1199.89,	0.280664
1200.44,	0.269986
1201,	0.241592
1201.55,	0.22668
1202.11,	0.261561
1202.66,	0.314028
1203.22,	0.332245
1203.77,	0.299972
1204.32,	0.233999
1204.88,	0.179836
1205.43,	0.163865
1205.99,	0.177434
1206.54,	0.214416
1207.1,	0.273491
1207.65,	0.320469
1208.21,	0.314504
1208.76,	0.282025
1209.32,	0.258897
1209.87,	0.248827
1210.42,	0.254517
1210.98,	0.244483
1211.53,	0.198447
1212.09,	0.16012
1212.64,	0.163221
1213.2,	0.194238
1213.75,	0.231083
1214.31,	0.275331
1214.86,	0.320442
1215.41,	0.345241
1215.97,	0.320132
1216.52,	0.229714
1217.08,	0.125512
1217.63,	0.0738259
1218.19,	0.0853413
1218.74,	0.131509
1219.3,	0.194614
1219.85,	0.259576
1220.4,	0.300282
1220.96,	0.308048
1221.51,	0.318462
1222.07,	0.333509
1222.62,	0.342208
1223.18,	0.333732
1223.73,	0.278788
1224.29,	0.20937
1224.84,	0.173729
1225.4,	0.178679
1225.95,	0.206967
1226.5,	0.251683
1227.06,	0.303011
1227.61,	0.35129
1228.17,	0.377774
1228.72,	0.370831
1229.28,	0.326009
1229.83,	0.269735
1230.39,	0.2294
1230.94,	0.195079
1231.49,	0.190117
1232.05,	0.240215
1232.6,	0.313662
1233.16,	0.35641
1233.71,	0.361544
1234.27,	0.341081
1234.82,	0.317621
1235.38,	0.293824
1235.93,	0.239952
1236.48,	0.164262
1237.04,	0.109606
1237.59,	0.0938425
1238.15,	0.104022
1238.7,	0.141905
1239.26,	0.217444
1239.81,	0.300692
1240.37,	0.353078
1240.92,	0.371772
1241.47,	0.361634
1242.03,	0.333857
1242.58,	0.285717
1243.14,	0.211545
1243.69,	0.147009
1244.25,	0.136717
1244.8,	0.178384
1245.36,	0.216812
1245.91,	0.230898
1246.47,	0.25655
1247.02,	0.299664
1247.57,	0.35381
1248.13,	0.386671
1248.68,	0.351438
1249.24,	0.270377
1249.79,	0.186313
1250.35,	0.126554
1250.9,	0.122782
1251.46,	0.194777
1252.01,	0.303361
1252.56,	0.36635
1253.12,	0.355115
1253.67,	0.312579
1254.23,	0.290902
1254.78,	0.31773
1255.34,	0.352117
1255.89,	0.348252
1256.45,	0.321704
1257,	0.288056
1257.55,	0.251455
1258.11,	0.24378
1258.66,	0.308779
1259.22,	0.409216
1259.77,	0.455641
1260.33,	0.414876
1260.88,	0.321025
1261.44,	0.241809
1261.99,	0.204799
1262.55,	0.18527
1263.1,	0.173168
1263.65,	0.17626
1264.21,	0.188238
1264.76,	0.188575
1265.32,	0.196141
1265.87,	0.261639
1266.43,	0.348623
1266.98,	0.390038
1267.54,	0.371263
1268.09,	0.295806
1268.64,	0.215792
1269.2,	0.180691
1269.75,	0.187293
1270.31,	0.216771
1270.86,	0.264024
1271.42,	0.323602
1271.97,	0.379533
1272.53,	0.416339
1273.08,	0.408012
1273.63,	0.338348
1274.19,	0.260265
1274.74,	0.213646
1275.3,	0.186024
1275.85,	0.189955
1276.41,	0.236362
1276.96,	0.295332
1277.52,	0.323106
1278.07,	0.325648
1278.62,	0.349453
1279.18,	0.415179
1279.73,	0.473936
1280.29,	0.447886
1280.84,	0.339902
1281.4,	0.228087
1281.95,	0.156749
1282.51,	0.137492
1283.06,	0.184329
1283.62,	0.295052
1284.17,	0.407246
1284.72,	0.440334
1285.28,	0.409621
1285.83,	0.380227
1286.39,	0.379136
1286.94,	0.374967
1287.5,	0.316455
1288.05,	0.223503
1288.61,	0.169664
1289.16,	0.182294
1289.71,	0.229813
1290.27,	0.291012
1290.82,	0.353148
1291.38,	0.385076
1291.93,	0.387552
1292.49,	0.388329
1293.04,	0.383729
1293.6,	0.370044
1294.15,	0.335832
1294.7,	0.26785
1295.26,	0.208769
1295.81,	0.227561
1296.37,	0.330121
1296.92,	0.44621
1297.48,	0.510876
1298.03,	0.497543
1298.59,	0.421356
1299.14,	0.340802
1299.7,	0.27733
1300.25,	0.226606
1300.8,	0.205981
1301.36,	0.202624
1301.91,	0.194593
1302.47,	0.192288
1303.02,	0.232713
1303.58,	0.314242
1304.13,	0.400655
1304.69,	0.466119
1305.24,	0.474248
1305.79,	0.407274
1306.35,	0.305075
1306.9,	0.218471
1307.46,	0.186959
1308.01,	0.22413
1308.57,	0.28975
1309.12,	0.326931
1309.68,	0.325718
1310.23,	0.339407
1310.78,	0.376188
1311.34,	0.432063
1311.89,	0.484838
1312.45,	0.460354
1313,	0.36547
1313.56,	0.255245
1314.11,	0.168291
1314.67,	0.141923
1315.22,	0.186114
1315.77,	0.275829
1316.33,	0.364408
1316.88,	0.409111
1317.44,	0.4157
1317.99,	0.399374
1318.55,	0.398687
1319.1,	0.417482
1319.66,	0.392299
1320.21,	0.329381
1320.77,	0.285902
1321.32,	0.278277
1321.87,	0.316274
1322.43,	0.392884
1322.98,	0.464488
1323.54,	0.490102
1324.09,	0.458785
1324.65,	0.381259
1325.2,	0.292124
1325.76,	0.233429
1326.31,	0.209629
1326.86,	0.213902
1327.42,	0.250143
1327.97,	0.319389
1328.53,	0.385555
1329.08,	0.441842
1329.64,	0.495128
1330.19,	0.519688
1330.75,	0.501679
1331.3,	0.469881
1331.85,	0.425343
1332.41,	0.357962
1332.96,	0.301579
1333.52,	0.276736
1334.07,	0.276551
1334.63,	0.298452
1335.18,	0.341471
1335.74,	0.376752
1336.29,	0.419735
1336.85,	0.452176
1337.4,	0.412664
1337.95,	0.322032
1338.51,	0.226749
1339.06,	0.142634
1339.62,	0.107171
1340.17,	0.144109
1340.73,	0.243576
1341.28,	0.36893
1341.84,	0.472406
1342.39,	0.527936
1342.94,	0.520381
1343.5,	0.479459
1344.05,	0.4153
1344.61,	0.319913
1345.16,	0.233912
1345.72,	0.193756
1346.27,	0.195921
1346.83,	0.238423
1347.38,	0.323491
1347.93,	0.427684
1348.49,	0.515253
1349.04,	0.585482
1349.6,	0.614839
1350.15,	0.563091
1350.71,	0.443318
1351.26,	0.291546
1351.82,	0.18803
1352.37,	0.183627
1352.92,	0.234985
1353.48,	0.284087
1354.03,	0.310709
1354.59,	0.326233
1355.14,	0.326453
1355.7,	0.328513
1356.25,	0.390457
1356.81,	0.480534
1357.36,	0.512022
1357.92,	0.442823
1358.47,	0.284953
1359.02,	0.134507
1359.58,	0.0896871
1360.13,	0.171518
1360.69,	0.325931
1361.24,	0.470553
1361.8,	0.547831
1362.35,	0.527661
1362.91,	0.440837
1363.46,	0.356043
1364.01,	0.305149
1364.57,	0.290388
1365.12,	0.301227
1365.68,	0.305995
1366.23,	0.311739
1366.79,	0.373574
1367.34,	0.498573
1367.9,	0.609203
1368.45,	0.661818
1369,	0.62878
1369.56,	0.495243
1370.11,	0.333282
1370.67,	0.200338
1371.22,	0.118209
1371.78,	0.112058
1372.33,	0.177279
1372.89,	0.260699
1373.44,	0.331872
1374,	0.39102
1374.55,	0.441153
1375.1,	0.495526
1375.66,	0.547486
1376.21,	0.536002
1376.77,	0.444494
1377.32,	0.344299
1377.88,	0.291928
1378.43,	0.289339
1378.99,	0.302278
1379.54,	0.323115
1380.09,	0.362913
1380.65,	0.43334
1381.2,	0.495912
1381.76,	0.480904
1382.31,	0.414608
1382.87,	0.373609
1383.42,	0.36241
1383.98,	0.341156
1384.53,	0.305095
1385.08,	0.293455
1385.64,	0.356774
1386.19,	0.494978
1386.75,	0.605144
1387.3,	0.57619
1387.86,	0.483915
1388.41,	0.447757
1388.97,	0.472
1389.52,	0.501928
1390.07,	0.451033
1390.63,	0.323291
1391.18,	0.231727
1391.74,	0.237502
1392.29,	0.305252
1392.85,	0.412116
1393.4,	0.552916
1393.96,	0.660385
1394.51,	0.658159
1395.07,	0.542484
1395.62,	0.363721
1396.17,	0.244152
1396.73,	0.250392
1397.28,	0.333447
1397.84,	0.434143
1398.39,	0.488582
1398.95,	0.499368
1399.5,	0.488329
1400.06,	0.46585
1400.61,	0.475596
1401.16,	0.49301
1401.72,	0.465235
1402.27,	0.40139
1402.83,	0.301945
1403.38,	0.215598
1403.94,	0.230977
1404.49,	0.35089
1405.05,	0.488834
1405.6,	0.569521
1406.15,	0.597662
1406.71,	0.585581
1407.26,	0.554338
1407.82,	0.4991
1408.37,	0.399314
1408.93,	0.305949
1409.48,	0.256011
1410.04,	0.228609
1410.59,	0.216258
1411.14,	0.215004
1411.7,	0.227246
1412.25,	0.281207
1412.81,	0.404157
1413.36,	0.551511
1413.92,	0.616974
1414.47,	0.56756
1415.03,	0.441611
1415.58,	0.307271
1416.14,	0.222916
1416.69,	0.22635
1417.24,	0.307958
1417.8,	0.409225
1418.35,	0.500632
1418.91,	0.551257
1419.46,	0.539765
1420.02,	0.526592
1420.57,	0.514491
1421.13,	0.474286
1421.68,	0.439668
1422.23,	0.399239
1422.79,	0.355883
1423.34,	0.341822
1423.9,	0.350639
1424.45,	0.381179
1425.01,	0.475312
1425.56,	0.602826
1426.12,	0.655149
1426.67,	0.601249
1427.22,	0.537823
1427.78,	0.529884
1428.33,	0.536452
1428.89,	0.513096
1429.44,	0.43965
1430,	0.358648
1430.55,	0.361615
1431.11,	0.465896
1431.66,	0.587455
1432.22,	0.682518
1432.77,	0.694312
1433.32,	0.592225
1433.88,	0.463028
1434.43,	0.349125
1434.99,	0.248554
1435.54,	0.201373
1436.1,	0.226494
1436.65,	0.296138
1437.21,	0.370381
1437.76,	0.434241
1438.31,	0.479135
1438.87,	0.505297
1439.42,	0.550296
1439.98,	0.584544
1440.53,	0.544555
1441.09,	0.437315
1441.64,	0.308513
1442.2,	0.245318
1442.75,	0.310384
1443.3,	0.443796
1443.86,	0.527482
1444.41,	0.522925
1444.97,	0.525743
1445.52,	0.585117
1446.08,	0.645553
1446.63,	0.614426
1447.19,	0.44884
1447.74,	0.275217
1448.29,	0.230838
1448.85,	0.290559
1449.4,	0.388549
1449.96,	0.482401
1450.51,	0.533845
1451.07,	0.526104
1451.62,	0.481509
1452.18,	0.453165
1452.73,	0.446657
1453.29,	0.410833
1453.84,	0.318567
1454.39,	0.208108
1454.95,	0.158002
1455.5,	0.235979
1456.06,	0.409493
1456.61,	0.602398
1457.17,	0.749581
1457.72,	0.799574
1458.28,	0.753841
1458.83,	0.667484
1459.38,	0.576562
1459.94,	0.51968
1460.49,	0.524799
1461.05,	0.53569
1461.6,	0.494407
1462.16,	0.411263
1462.71,	0.37313
1463.27,	0.414547
1463.82,	0.4722
1464.37,	0.474852
1464.93,	0.418733
1465.48,	0.378187
1466.04,	0.432134
1466.59,	0.517723
1467.15,	0.524039
1467.7,	0.491146
1468.26,	0.492187
1468.81,	0.549642
1469.37,	0.653116
1469.92,	0.723577
1470.47,	0.691291
1471.03,	0.603075
1471.58,	0.500221
1472.14,	0.392865
1472.69,	0.319718
1473.25,	0.310552
1473.8,	0.343631
1474.36,	0.379314
1474.91,	0.389447
1475.46,	0.386238
1476.02,	0.444968
1476.57,	0.647898
1477.13,	0.895883
1477.68,	0.972309
1478.24,	0.829113
1478.79,	0.585716
1479.35,	0.392179
1479.9,	0.332631
1480.45,	0.382179
1481.01,	0.441039
1481.56,	0.467135
1482.12,	0.493932
1482.67,	0.514042
1483.23,	0.517784
1483.78,	0.585884
1484.34,	0.69048
1484.89,	0.717946
1485.44,	0.644017
1486,	0.487095
1486.55,	0.372767
1487.11,	0.447744
1487.66,	0.645538
1488.22,	0.791853
1488.77,	0.794591
1489.33,	0.689303
1489.88,	0.564157
1490.44,	0.498679
1490.99,	0.497661
1491.54,	0.466938
1492.1,	0.361902
1492.65,	0.237062
1493.21,	0.135894
1493.76,	0.120996
1494.32,	0.223531
1494.87,	0.361012
1495.43,	0.472923
1495.98,	0.551975
1496.53,	0.5927
1497.09,	0.60286
1497.64,	0.594078
1498.2,	0.543384
1498.75,	0.478843
1499.31,	0.444773
1499.86,	0.420819
1500.42,	0.435592
1500.97,	0.502064
1501.52,	0.592783
1502.08,	0.696641
1502.63,	0.794703
1503.19,	0.904278
1503.74,	0.998721
1504.3,	0.989498
1504.85,	0.852782
1505.41,	0.634798
1505.96,	0.482507
1506.52,	0.475823
1507.07,	0.513823
1507.62,	0.593238
1508.18,	0.736819
1508.73,	0.898611
1509.29,	0.995535
1509.84,	0.940991
1510.4,	0.822377
1510.95,	0.74904
1511.51,	0.685246
1512.06,	0.649446
1512.61,	0.655852
1513.17,	0.656367
1513.72,	0.681773
1514.28,	0.784945
1514.83,	0.933562
1515.39,	1.06796
1515.94,	1.05193
1516.5,	0.821598
1517.05,	0.577812
1517.6,	0.469871
1518.16,	0.469156
1518.71,	0.532699
1519.27,	0.587882
1519.82,	0.574156
1520.38,	0.526892
1520.93,	0.478794
1521.49,	0.456847
1522.04,	0.44778
1522.59,	0.464914
1523.15,	0.511029
1523.7,	0.51643
1524.26,	0.468815
1524.81,	0.394374
1525.37,	0.330807
1525.92,	0.370371
1526.48,	0.563761
1527.03,	0.807056
1527.59,	0.956687
1528.14,	0.94373
1528.69,	0.79134
1529.25,	0.647193
1529.8,	0.644231
1530.36,	0.717571
1530.91,	0.733333
1531.47,	0.69157
1532.02,	0.648038
1532.58,	0.640064
1533.13,	0.702758
1533.68,	0.804398
1534.24,	0.83856
1534.79,	0.819202
1535.35,	0.806156
1535.9,	0.768924
1536.46,	0.699286
1537.01,	0.600803
1537.57,	0.486629
1538.12,	0.438701
1538.67,	0.550391
1539.23,	0.8027
1539.78,	1.03912
1540.34,	1.09242
1540.89,	0.919678
1541.45,	0.623095
1542,	0.408843
1542.56,	0.345648
1543.11,	0.335627
1543.67,	0.343463
1544.22,	0.382453
1544.77,	0.418659
1545.33,	0.461751
1545.88,	0.56558
1546.44,	0.733176
1546.99,	0.930461
1547.55,	1.05531
1548.1,	0.998367
1548.66,	0.789178
1549.21,	0.582562
1549.76,	0.502995
1550.32,	0.539716
1550.87,	0.613195
1551.43,	0.653046
1551.98,	0.66694
1552.54,	0.702402
1553.09,	0.757335
1553.65,	0.812282
1554.2,	0.879063
1554.75,	0.951424
1555.31,	1.00237
1555.86,	0.983695
1556.42,	0.852697
1556.97,	0.641049
1557.53,	0.458263
1558.08,	0.405561
1558.64,	0.485038
1559.19,	0.605866
1559.74,	0.69146
1560.3,	0.749542
1560.85,	0.765699
1561.41,	0.690054
1561.96,	0.549339
1562.52,	0.410482
1563.07,	0.357847
1563.63,	0.50257
1564.18,	0.759581
1564.74,	0.93668
1565.29,	0.971403
1565.84,	0.905775
1566.4,	0.85108
1566.95,	0.874481
1567.51,	0.892228
1568.06,	0.853346
1568.62,	0.780965
1569.17,	0.713272
1569.73,	0.661095
1570.28,	0.566191
1570.83,	0.430118
1571.39,	0.334425
1571.94,	0.334602
1572.5,	0.441641
1573.05,	0.667542
1573.61,	0.944867
1574.16,	1.13967
1574.72,	1.14824
1575.27,	0.927369
1575.82,	0.584353
1576.38,	0.360565
1576.93,	0.351238
1577.49,	0.49048
1578.04,	0.661757
1578.6,	0.734332
1579.15,	0.695216
1579.71,	0.638118
1580.26,	0.623071
1580.82,	0.613093
1581.37,	0.629876
1581.92,	0.673751
1582.48,	0.686143
1583.03,	0.687703
1583.59,	0.66187
1584.14,	0.567813
1584.7,	0.528867
1585.25,	0.626049
1585.81,	0.870775
1586.36,	1.1946
1586.91,	1.32801
1587.47,	1.15816
1588.02,	0.872294
1588.58,	0.687869
1589.13,	0.661411
1589.69,	0.738854
1590.24,	0.942524
1590.8,	1.21486
1591.35,	1.44242
1591.9,	1.56972
1592.46,	1.47558
1593.01,	1.22836
1593.57,	0.986212
1594.12,	0.742514
1594.68,	0.610504
1595.23,	0.659805
1595.79,	0.719561
1596.34,	0.792771
1596.89,	0.870925
1597.45,	0.894144
1598,	0.893891
1598.56,	0.805497
1599.11,	0.62832
1599.67,	0.492675
1600.22,	0.392444
1600.78,	0.295865
1601.33,	0.270524
1601.89,	0.314612
1602.44,	0.548289
1602.99,	0.979386
1603.55,	1.33695
1604.1,	1.50469
1604.66,	1.53099
1605.21,	1.44804
1605.77,	1.35931
1606.32,	1.29783
1606.88,	1.22121
1607.43,	1.14239
1607.98,	1.00654
1608.54,	0.864009
1609.09,	0.818036
1609.65,	0.850867
1610.2,	0.856169
1610.76,	0.779233
1611.31,	0.802665
1611.87,	0.986016
1612.42,	1.09437
1612.97,	1.03153
1613.53,	0.979191
1614.08,	1.04314
1614.64,	1.11755
1615.19,	1.05562
1615.75,	0.854531
1616.3,	0.698556
1616.86,	0.864614
1617.41,	1.29221
1617.97,	1.64147
1618.52,	1.69577
1619.07,	1.52997
1619.63,	1.38706
1620.18,	1.38545
1620.74,	1.37226
1621.29,	1.21147
1621.85,	1.13118
1622.4,	1.37895
1622.96,	1.72548
1623.51,	1.76943
1624.06,	1.43674
1624.62,	1.0364
1625.17,	0.916106
1625.73,	1.10017
1626.28,	1.34794
1626.84,	1.34715
1627.39,	1.05236
1627.95,	0.754813
1628.5,	0.654774
1629.05,	0.72098
1629.61,	0.81287
1630.16,	1.05576
1630.72,	1.61196
1631.27,	2.22043
1631.83,	2.4226
1632.38,	1.97328
1632.94,	1.33042
1633.49,	1.16097
1634.04,	1.49997
1634.6,	1.87222
1635.15,	1.84311
1635.71,	1.33833
1636.26,	0.703648
1636.82,	0.349094
1637.37,	0.425328
1637.93,	0.718131
1638.48,	0.993186
1639.04,	1.09879
1639.59,	0.98134
1640.14,	0.923311
1640.7,	1.13951
1641.25,	1.57542
1641.81,	2.00968
1642.36,	2.09585
1642.92,	1.85553
1643.47,	1.72608
1644.03,	1.83452
1644.58,	2.02557
1645.13,	2.19872
1645.69,	2.22409
1646.24,	2.04515
1646.8,	1.84004
1647.35,	1.69641
1647.91,	1.54162
1648.46,	1.32636
1649.02,	1.03088
1649.57,	0.771139
1650.12,	0.710786
1650.68,	0.814286
1651.23,	0.879723
1651.79,	0.918142
1652.34,	1.03414
1652.9,	1.34912
1653.45,	1.83367
1654.01,	2.26491
1654.56,	2.37576
1655.12,	2.16605
1655.67,	1.91577
1656.22,	1.8148
1656.78,	1.74561
1657.33,	1.61606
1657.89,	1.501
1658.44,	1.49459
1659,	1.54372
1659.55,	1.52587
1660.11,	1.54636
1660.66,	1.60905
1661.21,	1.70375
1661.77,	1.83128
1662.32,	1.93451
1662.88,	1.98233
1663.43,	1.96925
1663.99,	1.98249
1664.54,	2.16653
1665.1,	2.4091
1665.65,	2.48936
1666.2,	2.2383
1666.76,	1.69265
1667.31,	1.28831
1667.87,	1.22651
1668.42,	1.43585
1668.98,	1.72717
1669.53,	1.76669
1670.09,	1.57472
1670.64,	1.41013
1671.19,	1.39698
1671.75,	1.54862
1672.3,	1.63686
1672.86,	1.43458
1673.41,	1.1089
1673.97,	0.831596
1674.52,	0.885938
1675.08,	1.27084
1675.63,	1.65131
1676.19,	2.01393
1676.74,	2.25565
1677.29,	2.12261
1677.85,	1.68324
1678.4,	1.16453
1678.96,	0.774923
1679.51,	0.662655
1680.07,	0.632386
1680.62,	0.593287
1681.18,	0.626699
1681.73,	0.888467
1682.28,	1.39125
1682.84,	1.83172
1683.39,	1.93193
1683.95,	1.81199
1684.5,	1.68467
1685.06,	1.64156
1685.61,	1.72503
1686.17,	1.8587
1686.72,	1.92345
1687.27,	1.85904
1687.83,	1.70094
1688.38,	1.60778
1688.94,	1.88655
1689.49,	2.49649
1690.05,	2.96963
1690.6,	2.93638
1691.16,	2.35964
1691.71,	1.62222
1692.27,	1.23439
1692.82,	1.21279
1693.37,	1.30995
1693.93,	1.39906
1694.48,	1.56973
1695.04,	2.11935
1695.59,	3.04188
1696.15,	3.78477
1696.7,	3.87245
1697.26,	3.36072
1697.81,	2.78837
1698.36,	2.72722
1698.92,	3.00025
1699.47,	3.0508
1700.03,	2.72851
1700.58,	2.28094
1701.14,	1.88571
1701.69,	1.51253
1702.25,	1.2314
1702.8,	1.22303
1703.35,	1.40587
1703.91,	1.72773
1704.46,	2.18257
1705.02,	2.48405
1705.57,	2.62191
1706.13,	2.98735
1706.68,	3.76365
1707.24,	4.63727
1707.79,	5.02441
1708.34,	4.66668
1708.9,	4.00005
1709.45,	3.37105
1710.01,	2.93087
1710.56,	2.91405
1711.12,	3.41667
1711.67,	4.11015
1712.23,	4.4604
1712.78,	4.18214
1713.34,	3.66368
1713.89,	3.17158
1714.44,	2.9802
1715,	3.46035
1715.55,	4.4053
1716.11,	5.05207
1716.66,	4.62685
1717.22,	3.28622
1717.77,	2.19066
1718.33,	2.47499
1718.88,	3.93255
1719.43,	5.31266
1719.99,	5.66724
1720.54,	5.23767
1721.1,	4.90335
1721.65,	4.91293
1722.21,	4.88018
1722.76,	4.59078
1723.32,	3.96467
1723.87,	3.28213
1724.42,	2.80244
1724.98,	2.27567
1725.53,	1.87878
1726.09,	1.97534
1726.64,	2.29759
1727.2,	2.71766
1727.75,	3.03228
1728.31,	3.25872
1728.86,	3.89353
1729.42,	4.82407
1729.97,	5.43082
1730.52,	5.48196
1731.08,	5.04386
1731.63,	4.27355
1732.19,	3.47743
1732.74,	2.81904
1733.3,	2.64711
1733.85,	2.93877
1734.41,	3.13383
1734.96,	2.83712
1735.51,	2.49621
1736.07,	2.74322
1736.62,	3.38217
1737.18,	3.63151
1737.73,	3.35065
1738.29,	3.08618
1738.84,	3.11871
1739.4,	3.12666
1739.95,	2.58817
1740.5,	1.89279
1741.06,	1.74171
1741.61,	2.06353
1742.17,	2.35544
1742.72,	2.44113
1743.28,	2.55993
1743.83,	2.89253
1744.39,	3.16416
1744.94,	3.2611
1745.49,	3.27545
1746.05,	3.13331
1746.6,	2.93589
1747.16,	2.6742
1747.71,	2.50826
1748.27,	2.63612
1748.82,	2.62089
1749.38,	2.17686
1749.93,	1.78062
1750.49,	2.14893
1751.04,	3.23365
1751.59,	4.41776
1752.15,	5.2428
1752.7,	5.37473
1753.26,	4.77312
1753.81,	4.06265
1754.37,	3.63367
1754.92,	3.73233
1755.48,	4.21217
1756.03,	4.18921
1756.58,	3.87968
1757.14,	4.00387
1757.69,	4.34266
1758.25,	4.86026
1758.8,	5.65347
1759.36,	6.15466
1759.91,	6.09835
1760.47,	5.78961
1761.02,	5.84797
1761.57,	6.53437
1762.13,	7.10386
1762.68,	6.61095
1763.24,	5.20725
1763.79,	3.92165
1764.35,	3.36534
1764.9,	3.36901
1765.46,	3.4829
1766.01,	3.40205
1766.57,	3.2493
1767.12,	3.13083
1767.67,	3.13771
1768.23,	3.14216
1768.78,	2.68613
1769.34,	2.1504
1769.89,	1.9871
1770.45,	2.0261
1771,	2.16766
1771.56,	2.26416
1772.11,	2.47308
1772.66,	3.15014
1773.22,	3.75102
1773.77,	3.92305
1774.33,	4.76891
1774.88,	6.91591
1775.44,	8.96995
1775.99,	9.13438
1776.55,	7.02698
1777.1,	4.46926
1777.65,	3.44647
1778.21,	3.48069
1778.76,	4.06802
1779.32,	5.7958
1779.87,	7.86013
1780.43,	8.69558
1780.98,	7.63304
1781.54,	5.49429
1782.09,	4.12262
1782.64,	4.10519
1783.2,	5.75814
1783.75,	8.81625
1784.31,	11.1306
1784.86,	10.7749
1785.42,	7.907
1785.97,	4.84512
1786.53,	3.78385
1787.08,	4.00484
1787.64,	4.44789
1788.19,	5.23978
1788.74,	6.07311
1789.3,	6.70635
1789.85,	6.60631
1790.41,	5.7635
1790.96,	4.86526
1791.52,	4.18015
1792.07,	4.00626
1792.63,	4.64185
1793.18,	6.32776
1793.73,	9.27964
1794.29,	12.8111
1794.84,	15.019
1795.4,	14.2143
1795.95,	12.0619
1796.51,	11.4049
1797.06,	12.6033
1797.62,	13.7055
1798.17,	12.4697
1798.72,	9.76045
1799.28,	8.90731
1799.83,	10.9765
1800.39,	14.3187
1800.94,	17.4205
1801.5,	19.1409
1802.05,	18.6361
1802.61,	16.0214
1803.16,	12.2732
1803.71,	8.49992
1804.27,	6.30477
1804.82,	5.68231
1805.38,	5.445
1805.93,	5.73701
1806.49,	6.81532
1807.04,	8.39321
1807.6,	9.54818
1808.15,	9.28296
1808.71,	7.84514
1809.26,	6.89562
1809.81,	7.09931
1810.37,	7.95512
1810.92,	8.70136
1811.48,	9.30755
1812.03,	9.61836
1812.59,	8.69957
1813.14,	7.34632
1813.7,	6.94589
1814.25,	7.45256
1814.8,	7.89798
1815.36,	7.95988
1815.91,	9.19049
1816.47,	12.2754
1817.02,	14.9282
1817.58,	14.7488
1818.13,	11.5383
1818.69,	7.82407
1819.24,	6.10972
1819.79,	7.06673
1820.35,	9.79692
1820.9,	11.976
1821.46,	12.0196
1822.01,	10.6148
1822.57,	9.05111
1823.12,	8.28307
1823.68,	8.80168
1824.23,	10.3813
1824.79,	11.6196
1825.34,	11.3733
1825.89,	9.78778
1826.45,	8.16591
1827,	8.39761
1827.56,	9.37813
1828.11,	9.43071
1828.67,	8.9575
1829.22,	9.27214
1829.78,	10.9843
1830.33,	12.3993
1830.88,	12.5094
1831.44,	13.2708
1831.99,	16.0818
1832.55,	19.2941
1833.1,	19.8864
1833.66,	16.8084
1834.21,	12.3907
1834.77,	9.14298
1835.32,	8.32247
1835.87,	9.29886
1836.43,	12.182
1836.98,	16.8536
1837.54,	19.7985
1838.09,	19.5283
1838.65,	17.2077
1839.2,	14.3611
1839.76,	13.8576
1840.31,	15.7953
1840.86,	17.0044
1841.42,	17.0195
1841.97,	16.1581
1842.53,	15.1105
1843.08,	16.9171
1843.64,	21.4507
1844.19,	25.0735
1844.75,	26.4912
1845.3,	27.6411
1845.86,	31.6986
1846.41,	37.3679
1846.96,	38.1413
1847.52,	33.1781
1848.07,	29.9767
1848.63,	33.3682
1849.18,	38.5599
1849.74,	36.8913
1850.29,	28.7615
1850.85,	22.4672
1851.4,	21.7733
1851.95,	25.0707
1852.51,	34.9665
1853.06,	49.8784
1853.62,	65.8349
1854.17,	78.1201
1854.73,	84.5374
1855.28,	90.4371
1855.84,	98.0718
1856.39,	100
1856.94,	96.5413
1857.5,	95.0764
1858.05,	93.2824
1858.61,	84.3373
1859.16,	68.1957
1859.72,	51.3356
1860.27,	39.3965
1860.83,	32.8856
1861.38,	27.1016
1861.94,	24.6971
1862.49,	27.1061
1863.04,	27.5577
1863.6,	23.3655
1864.15,	19.6544
1864.71,	22.2919
1865.26,	29.9815
1865.82,	35.6869
1866.37,	35.5979
1866.93,	30.6527
1867.48,	24.9608
1868.03,	21.7084
1868.59,	21.0069
1869.14,	20.8712
1869.7,	18.9453
1870.25,	14.8578
1870.81,	11.9072
1871.36,	14.1562
1871.92,	21.1296
1872.47,	27.4373
1873.02,	28.9782
1873.58,	26.6424
1874.13,	23.6411
1874.69,	20.5497
1875.24,	16.5038
1875.8,	13.8896
1876.35,	15.1925
1876.91,	18.2532
1877.46,	19.4864
1878.01,	17.6539
1878.57,	14.9815
1879.12,	15.3933
1879.68,	19.8986
1880.23,	24.4115
1880.79,	25.3707
1881.34,	22.4708
1881.9,	18.2881
1882.45,	18.9853
1883.01,	25.464
1883.56,	30.6009
1884.11,	31.7118
1884.67,	31.9166
1885.22,	32.083
1885.78,	30.9874
1886.33,	25.9159
1886.89,	17.8539
1887.44,	13.4552
1888,	14.6408
1888.55,	17.005
1889.1,	19.0141
1889.66,	22.4882
1890.21,	27.3891
1890.77,	30.2909
1891.32,	28.7227
1891.88,	23.9175
1892.43,	20.5141
1892.99,	20.0507
1893.54,	20.4637
1894.09,	20.4721
1894.65,	18.9193
1895.2,	15.841
1895.76,	13.3089
1896.31,	12.64
1896.87,	12.8524
1897.42,	12.1741
1897.98,	9.53554
1898.53,	8.05514
1899.09,	10.3121
1899.64,	14.2204
1900.19,	15.9358
1900.75,	15.2994
1901.3,	13.9534
1901.86,	13.5315
1902.41,	13.378
1902.97,	15.1297
1903.52,	21.083
1904.08,	26.7118
1904.63,	25.8104
1905.18,	17.9178
1905.74,	9.95579
1906.29,	9.5797
1906.85,	15.2795
1907.4,	20.2516
1907.96,	23.6404
1908.51,	25.9091
1909.07,	25.5971
1909.62,	22.9082
1910.17,	20.0775
1910.73,	19.3619
1911.28,	21.2704
1911.84,	23.1376
1912.39,	23.1967
1912.95,	22.1155
1913.5,	19.867
1914.06,	17.7181
1914.61,	16.5957
1915.16,	15.4362
1915.72,	13.0224
1916.27,	9.17557
1916.83,	7.46334
1917.38,	11.2782
1917.94,	18.9791
1918.49,	26.0358
1919.05,	29.1865
1919.6,	27.3394
1920.16,	21.6439
1920.71,	15.1712
1921.26,	12.0125
1921.82,	13.9654
1922.37,	19.1125
1922.93,	24.2532
1923.48,	25.7473
1924.04,	25.1123
1924.59,	25.4657
1925.15,	24.96
1925.7,	21.7014
1926.25,	16.4955
1926.81,	11.4506
1927.36,	11.1774
1927.92,	17.8927
1928.47,	26.848
1929.03,	31.8591
1929.58,	29.4421
1930.14,	23.0031
1930.69,	19.0328
1931.24,	18.6802
1931.8,	17.2838
1932.35,	12.3895
1932.91,	7.62395
1933.46,	8.19201
1934.02,	13.7059
1934.57,	18.8977
1935.13,	20.3246
1935.68,	17.8331
1936.24,	16.2696
1936.79,	18.9811
1937.34,	23.7388
1937.9,	27.8128
1938.45,	29.7387
1939.01,	29.6425
1939.56,	28.8361
1940.12,	26.5932
1940.67,	22.9829
1941.23,	19.1693
1941.78,	15.6079
1942.33,	13.6216
1942.89,	13.2724
1943.44,	14.4267
1944,	16.4875
1944.55,	18.513
1945.11,	21.3092
1945.66,	23.3741
1946.22,	22.1271
1946.77,	18.2829
1947.32,	13.8762
1947.88,	12.0679
1948.43,	14.203
1948.99,	17.0967
1949.54,	17.5588
1950.1,	15.1527
1950.65,	11.8215
1951.21,	12.6871
1951.76,	19.3025
1952.31,	28.3147
1952.87,	35.8284
1953.42,	40.8696
1953.98,	45.3129
1954.53,	49.9264
1955.09,	52.004
1955.64,	50.3168
1956.2,	45.0978
1956.75,	37.076
1957.31,	28.6925
1957.86,	22.711
1958.41,	21.3972
1958.97,	23.71
1959.52,	26.4235
1960.08,	26.5262
1960.63,	23.3033
1961.19,	18.6527
1961.74,	14.2206
1962.3,	11.0001
1962.85,	11.5883
1963.4,	14.6949
1963.96,	16.4585
1964.51,	17.2299
1965.07,	17.5695
1965.62,	16.5651
1966.18,	16.1566
1966.73,	17.7707
1967.29,	20.6666
1967.84,	23.8079
1968.39,	24.6776
1968.95,	23.4473
1969.5,	24.1167
1970.06,	28.3811
1970.61,	34.2402
1971.17,	39.3769
1971.72,	41.4846
1972.28,	38.8214
1972.83,	33.3881
1973.39,	29.303
1973.94,	27.2862
1974.49,	24.5137
1975.05,	19.7577
1975.6,	15.907
1976.16,	17.3023
1976.71,	21.8075
1977.27,	24.2035
1977.82,	24.1809
1978.38,	25.581
1978.93,	32.5881
1979.48,	42.9056
1980.04,	48.9733
1980.59,	48.2023
1981.15,	42.1531
1981.7,	34.0067
1982.26,	27.2969
1982.81,	22.4271
1983.37,	21.6203
1983.92,	30.0161
1984.47,	43.6198
1985.03,	51.1179
1985.58,	46.1198
1986.14,	31.5607
1986.69,	18.0841
1987.25,	13.7951
1987.8,	16.7494
1988.36,	21.6616
1988.91,	26.2098
1989.46,	29.2029
1990.02,	30.9999
1990.57,	30.7213
1991.13,	28.4375
1991.68,	26.8605
1992.24,	27.0822
1992.79,	29.2309
1993.35,	31.7425
1993.9,	31.1085
1994.46,	28.0133
1995.01,	27.4981
1995.56,	31.2054
1996.12,	36.4717
1996.67,	39.2518
1997.23,	37.1923
1997.78,	33.1794
1998.34,	33.1794
1998.89,	37.1923
1999.45,	39.2518
2000,	36.4717
