U:0,U:1,U:2,vtkValidPointMask,arc_length,Points:0,Points:1,Points:2,vtkOriginalIndices,__vtkIsSelected__
nan,nan,nan,0,0,0.0574499,-0.0304881,0.125,0,0
5.16731,0.170661,0.0138133,1,6.09905e-05,0.0574499,-0.0304271,0.125,1,0
5.16712,0.170765,0.0138364,1,0.000121983,0.0574499,-0.0303661,0.125,2,0
5.16692,0.170868,0.0138595,1,0.000182973,0.0574499,-0.0303051,0.125,3,0
5.16673,0.170972,0.0138826,1,0.000243966,0.0574499,-0.0302441,0.125,4,0
5.16653,0.171075,0.0139057,1,0.000304956,0.0574499,-0.0301831,0.125,5,0
5.16634,0.171179,0.0139288,1,0.000365948,0.0574499,-0.0301222,0.125,6,0
5.16614,0.171282,0.0139519,1,0.000426939,0.0574499,-0.0300612,0.125,7,0
5.16595,0.171386,0.013975,1,0.000487931,0.0574499,-0.0300002,0.125,8,0
5.16575,0.171489,0.0139981,1,0.000548922,0.0574499,-0.0299392,0.125,9,0
5.16556,0.171593,0.0140212,1,0.000609912,0.0574499,-0.0298782,0.125,10,0
5.16537,0.171696,0.0140443,1,0.000670904,0.0574499,-0.0298172,0.125,11,0
5.16517,0.1718,0.0140674,1,0.000731895,0.0574499,-0.0297562,0.125,12,0
5.16498,0.171903,0.0140905,1,0.000792887,0.0574499,-0.0296952,0.125,13,0
5.16478,0.172007,0.0141136,1,0.000853878,0.0574499,-0.0296342,0.125,14,0
5.16459,0.17211,0.0141367,1,0.00091487,0.0574499,-0.0295732,0.125,15,0
5.16439,0.172214,0.0141598,1,0.00097586,0.0574499,-0.0295122,0.125,16,0
5.1642,0.172317,0.0141829,1,0.00103685,0.0574499,-0.0294512,0.125,17,0
5.164,0.172421,0.014206,1,0.00109784,0.0574499,-0.0293903,0.125,18,0
5.16381,0.172524,0.0142291,1,0.00115884,0.0574499,-0.0293293,0.125,19,0
5.16362,0.172628,0.0142522,1,0.00121983,0.0574499,-0.0292683,0.125,20,0
5.16342,0.172731,0.0142753,1,0.00128082,0.0574499,-0.0292073,0.125,21,0
5.16323,0.172835,0.0142984,1,0.00134181,0.0574499,-0.0291463,0.125,22,0
5.16303,0.172938,0.0143215,1,0.0014028,0.0574499,-0.0290853,0.125,23,0
5.16275,0.173079,0.0143614,1,0.00146379,0.0574499,-0.0290243,0.125,24,0
5.16234,0.173275,0.0144264,1,0.00152478,0.0574499,-0.0289633,0.125,25,0
5.16192,0.173472,0.0144914,1,0.00158577,0.0574499,-0.0289023,0.125,26,0
5.16151,0.173668,0.0145564,1,0.00164676,0.0574499,-0.0288413,0.125,27,0
5.16109,0.173865,0.0146213,1,0.00170776,0.0574499,-0.0287803,0.125,28,0
5.16068,0.174061,0.0146863,1,0.00176875,0.0574499,-0.0287194,0.125,29,0
5.16026,0.174257,0.0147513,1,0.00182974,0.0574499,-0.0286584,0.125,30,0
5.15985,0.174454,0.0148163,1,0.00189073,0.0574499,-0.0285974,0.125,31,0
5.15944,0.17465,0.0148813,1,0.00195172,0.0574499,-0.0285364,0.125,32,0
5.15902,0.174847,0.0149462,1,0.00201271,0.0574499,-0.0284754,0.125,33,0
5.15861,0.175043,0.0150112,1,0.0020737,0.0574499,-0.0284144,0.125,34,0
5.15819,0.175239,0.0150762,1,0.0021347,0.0574499,-0.0283534,0.125,35,0
5.15778,0.175436,0.0151412,1,0.00219569,0.0574499,-0.0282924,0.125,36,0
5.15736,0.175632,0.0152062,1,0.00225668,0.0574499,-0.0282314,0.125,37,0
5.15695,0.175829,0.0152711,1,0.00231767,0.0574499,-0.0281704,0.125,38,0
5.15653,0.176025,0.0153361,1,0.00237866,0.0574499,-0.0281094,0.125,39,0
5.15612,0.176222,0.0154011,1,0.00243965,0.0574499,-0.0280484,0.125,40,0
5.15571,0.176418,0.0154661,1,0.00250064,0.0574499,-0.0279875,0.125,41,0
5.15529,0.176614,0.015531,1,0.00256163,0.0574499,-0.0279265,0.125,42,0
5.15488,0.176811,0.015596,1,0.00262263,0.0574499,-0.0278655,0.125,43,0
5.15446,0.177007,0.015661,1,0.00268362,0.0574499,-0.0278045,0.125,44,0
5.15405,0.177204,0.015726,1,0.00274461,0.0574499,-0.0277435,0.125,45,0
5.15363,0.1774,0.015791,1,0.0028056,0.0574499,-0.0276825,0.125,46,0
5.15322,0.177596,0.0158559,1,0.00286659,0.0574499,-0.0276215,0.125,47,0
5.15281,0.177793,0.0159209,1,0.00292758,0.0574499,-0.0275605,0.125,48,0
5.15233,0.177994,0.0160134,1,0.00298857,0.0574499,-0.0274995,0.125,49,0
5.15181,0.178198,0.0161225,1,0.00304957,0.0574499,-0.0274385,0.125,50,0
5.15129,0.178401,0.0162316,1,0.00311056,0.0574499,-0.0273775,0.125,51,0
5.15077,0.178605,0.0163407,1,0.00317155,0.0574499,-0.0273166,0.125,52,0
5.15025,0.178809,0.0164498,1,0.00323254,0.0574499,-0.0272556,0.125,53,0
5.14973,0.179012,0.0165589,1,0.00329353,0.0574499,-0.0271946,0.125,54,0
5.14921,0.179216,0.016668,1,0.00335452,0.0574499,-0.0271336,0.125,55,0
5.14869,0.17942,0.0167771,1,0.00341551,0.0574499,-0.0270726,0.125,56,0
5.14817,0.179624,0.0168862,1,0.0034765,0.0574499,-0.0270116,0.125,57,0
5.14765,0.179827,0.0169953,1,0.00353749,0.0574499,-0.0269506,0.125,58,0
5.14713,0.180031,0.0171044,1,0.00359849,0.0574499,-0.0268896,0.125,59,0
5.14661,0.180235,0.0172135,1,0.00365948,0.0574499,-0.0268286,0.125,60,0
5.14609,0.180439,0.0173226,1,0.00372047,0.0574499,-0.0267676,0.125,61,0
5.14557,0.180642,0.0174317,1,0.00378146,0.0574499,-0.0267066,0.125,62,0
5.14505,0.180846,0.0175408,1,0.00384245,0.0574499,-0.0266456,0.125,63,0
5.14453,0.18105,0.0176499,1,0.00390344,0.0574499,-0.0265847,0.125,64,0
5.14401,0.181254,0.017759,1,0.00396444,0.0574499,-0.0265237,0.125,65,0
5.14349,0.181457,0.0178681,1,0.00402543,0.0574499,-0.0264627,0.125,66,0
5.14297,0.181661,0.0179772,1,0.00408642,0.0574499,-0.0264017,0.125,67,0
5.14245,0.181865,0.0180863,1,0.00414741,0.0574499,-0.0263407,0.125,68,0
5.14193,0.182068,0.0181953,1,0.0042084,0.0574499,-0.0262797,0.125,69,0
5.14141,0.182272,0.0183044,1,0.00426939,0.0574499,-0.0262187,0.125,70,0
5.14089,0.182476,0.0184135,1,0.00433038,0.0574499,-0.0261577,0.125,71,0
5.14037,0.18268,0.0185226,1,0.00439137,0.0574499,-0.0260967,0.125,72,0
5.13986,0.182829,0.0186253,1,0.00445236,0.0574499,-0.0260357,0.125,73,0
5.13936,0.182948,0.0187243,1,0.00451336,0.0574499,-0.0259747,0.125,74,0
5.13886,0.183066,0.0188234,1,0.00457435,0.0574499,-0.0259138,0.125,75,0
5.13836,0.183185,0.0189224,1,0.00463534,0.0574499,-0.0258528,0.125,76,0
5.13785,0.183304,0.0190214,1,0.00469633,0.0574499,-0.0257918,0.125,77,0
5.13735,0.183423,0.0191205,1,0.00475732,0.0574499,-0.0257308,0.125,78,0
5.13685,0.183541,0.0192195,1,0.00481831,0.0574499,-0.0256698,0.125,79,0
5.13635,0.18366,0.0193185,1,0.0048793,0.0574499,-0.0256088,0.125,80,0
5.13584,0.183779,0.0194176,1,0.0049403,0.0574499,-0.0255478,0.125,81,0
5.13534,0.183898,0.0195166,1,0.00500129,0.0574499,-0.0254868,0.125,82,0
5.13484,0.184016,0.0196157,1,0.00506228,0.0574499,-0.0254258,0.125,83,0
5.13434,0.184135,0.0197147,1,0.00512327,0.0574499,-0.0253648,0.125,84,0
5.13383,0.184254,0.0198137,1,0.00518426,0.0574499,-0.0253038,0.125,85,0
5.13333,0.184373,0.0199128,1,0.00524525,0.0574499,-0.0252428,0.125,86,0
5.13283,0.184491,0.0200118,1,0.00530624,0.0574499,-0.0251819,0.125,87,0
5.13233,0.18461,0.0201108,1,0.00536723,0.0574499,-0.0251209,0.125,88,0
5.13182,0.184729,0.0202099,1,0.00542822,0.0574499,-0.0250599,0.125,89,0
5.13132,0.184848,0.0203089,1,0.00548922,0.0574499,-0.0249989,0.125,90,0
5.13082,0.184966,0.020408,1,0.00555021,0.0574499,-0.0249379,0.125,91,0
5.13032,0.185085,0.020507,1,0.0056112,0.0574499,-0.0248769,0.125,92,0
5.12981,0.185204,0.020606,1,0.00567219,0.0574499,-0.0248159,0.125,93,0
5.12931,0.185323,0.0207051,1,0.00573318,0.0574499,-0.0247549,0.125,94,0
5.12881,0.185441,0.0208041,1,0.00579417,0.0574499,-0.0246939,0.125,95,0
5.12822,0.18556,0.0209007,1,0.00585517,0.0574499,-0.0246329,0.125,96,0
5.12743,0.185679,0.0209917,1,0.00591616,0.0574499,-0.0245719,0.125,97,0
5.12665,0.185798,0.0210828,1,0.00597715,0.0574499,-0.024511,0.125,98,0
5.12586,0.185917,0.0211738,1,0.00603814,0.0574499,-0.02445,0.125,99,0
5.12507,0.186037,0.0212648,1,0.00609913,0.0574499,-0.024389,0.125,100,0
5.12428,0.186156,0.0213558,1,0.00616012,0.0574499,-0.024328,0.125,101,0
5.1235,0.186275,0.0214469,1,0.00622111,0.0574499,-0.024267,0.125,102,0
5.12271,0.186394,0.0215379,1,0.0062821,0.0574499,-0.024206,0.125,103,0
5.12192,0.186513,0.0216289,1,0.00634309,0.0574499,-0.024145,0.125,104,0
5.12113,0.186632,0.0217199,1,0.00640409,0.0574499,-0.024084,0.125,105,0
5.12035,0.186751,0.021811,1,0.00646508,0.0574499,-0.024023,0.125,106,0
5.11956,0.18687,0.021902,1,0.00652607,0.0574499,-0.023962,0.125,107,0
5.11864,0.187018,0.0219396,1,0.00658706,0.0574499,-0.023901,0.125,108,0
5.11766,0.187182,0.0219484,1,0.00664805,0.0574499,-0.02384,0.125,109,0
5.11668,0.187346,0.0219572,1,0.00670904,0.0574499,-0.0237791,0.125,110,0
5.1157,0.18751,0.0219661,1,0.00677003,0.0574499,-0.0237181,0.125,111,0
5.11471,0.187674,0.0219749,1,0.00683103,0.0574499,-0.0236571,0.125,112,0
5.11373,0.187838,0.0219837,1,0.00689202,0.0574499,-0.0235961,0.125,113,0
5.11275,0.188002,0.0219926,1,0.00695301,0.0574499,-0.0235351,0.125,114,0
5.11176,0.188166,0.0220014,1,0.007014,0.0574499,-0.0234741,0.125,115,0
5.11078,0.18833,0.0220102,1,0.00707499,0.0574499,-0.0234131,0.125,116,0
5.1098,0.188494,0.022019,1,0.00713598,0.0574499,-0.0233521,0.125,117,0
5.10882,0.188658,0.0220279,1,0.00719697,0.0574499,-0.0232911,0.125,118,0
5.10783,0.188822,0.0220367,1,0.00725796,0.0574499,-0.0232301,0.125,119,0
5.10681,0.188999,0.0220192,1,0.00731896,0.0574499,-0.0231691,0.125,120,0
5.10579,0.189179,0.021996,1,0.00737995,0.0574499,-0.0231082,0.125,121,0
5.10476,0.189358,0.0219728,1,0.00744094,0.0574499,-0.0230472,0.125,122,0
5.10373,0.189538,0.0219495,1,0.00750193,0.0574499,-0.0229862,0.125,123,0
5.10271,0.189718,0.0219263,1,0.00756292,0.0574499,-0.0229252,0.125,124,0
5.10168,0.189898,0.0219031,1,0.00762391,0.0574499,-0.0228642,0.125,125,0
5.10065,0.190077,0.0218798,1,0.0076849,0.0574499,-0.0228032,0.125,126,0
5.09962,0.190257,0.0218566,1,0.0077459,0.0574499,-0.0227422,0.125,127,0
5.0986,0.190437,0.0218334,1,0.00780689,0.0574499,-0.0226812,0.125,128,0
5.09757,0.190617,0.0218102,1,0.00786788,0.0574499,-0.0226202,0.125,129,0
5.09654,0.190796,0.0217869,1,0.00792887,0.0574499,-0.0225592,0.125,130,0
5.09545,0.190984,0.0217637,1,0.00798986,0.0574499,-0.0224982,0.125,131,0
5.09401,0.191211,0.0217407,1,0.00805085,0.0574499,-0.0224372,0.125,132,0
5.09257,0.191438,0.0217177,1,0.00811184,0.0574499,-0.0223763,0.125,133,0
5.09113,0.191665,0.0216947,1,0.00817283,0.0574499,-0.0223153,0.125,134,0
5.08969,0.191892,0.0216717,1,0.00823382,0.0574499,-0.0222543,0.125,135,0
5.08824,0.192119,0.0216487,1,0.00829482,0.0574499,-0.0221933,0.125,136,0
5.0868,0.192346,0.0216256,1,0.00835581,0.0574499,-0.0221323,0.125,137,0
5.08536,0.192573,0.0216026,1,0.0084168,0.0574499,-0.0220713,0.125,138,0
5.08392,0.1928,0.0215796,1,0.00847779,0.0574499,-0.0220103,0.125,139,0
5.08248,0.193027,0.0215566,1,0.00853878,0.0574499,-0.0219493,0.125,140,0
5.08104,0.193254,0.0215336,1,0.00859977,0.0574499,-0.0218883,0.125,141,0
5.0796,0.193481,0.0215106,1,0.00866077,0.0574499,-0.0218273,0.125,142,0
5.07788,0.193771,0.0215657,1,0.00872176,0.0574499,-0.0217663,0.125,143,0
5.07593,0.194113,0.0216851,1,0.00878275,0.0574499,-0.0217054,0.125,144,0
5.07398,0.194456,0.0218046,1,0.00884374,0.0574499,-0.0216444,0.125,145,0
5.07203,0.194798,0.021924,1,0.00890473,0.0574499,-0.0215834,0.125,146,0
5.07009,0.19514,0.0220435,1,0.00896572,0.0574499,-0.0215224,0.125,147,0
5.06814,0.195482,0.0221629,1,0.00902671,0.0574499,-0.0214614,0.125,148,0
5.06619,0.195824,0.0222824,1,0.0090877,0.0574499,-0.0214004,0.125,149,0
5.06424,0.196167,0.0224018,1,0.00914869,0.0574499,-0.0213394,0.125,150,0
5.06229,0.196509,0.0225213,1,0.00920969,0.0574499,-0.0212784,0.125,151,0
5.06034,0.196851,0.0226407,1,0.00927068,0.0574499,-0.0212174,0.125,152,0
5.05839,0.197193,0.0227601,1,0.00933167,0.0574499,-0.0211564,0.125,153,0
5.05645,0.197536,0.0228796,1,0.00939266,0.0574499,-0.0210954,0.125,154,0
5.05393,0.197984,0.0232183,1,0.00945365,0.0574499,-0.0210344,0.125,155,0
5.05137,0.198441,0.0235726,1,0.00951464,0.0574499,-0.0209735,0.125,156,0
5.04881,0.198897,0.0239268,1,0.00957563,0.0574499,-0.0209125,0.125,157,0
5.04626,0.199353,0.0242811,1,0.00963663,0.0574499,-0.0208515,0.125,158,0
5.0437,0.19981,0.0246353,1,0.00969762,0.0574499,-0.0207905,0.125,159,0
5.04114,0.200266,0.0249896,1,0.00975861,0.0574499,-0.0207295,0.125,160,0
5.03859,0.200722,0.0253439,1,0.0098196,0.0574499,-0.0206685,0.125,161,0
5.03603,0.201179,0.0256981,1,0.00988059,0.0574499,-0.0206075,0.125,162,0
5.03347,0.201635,0.0260524,1,0.00994158,0.0574499,-0.0205465,0.125,163,0
5.03091,0.202091,0.0264067,1,0.0100026,0.0574499,-0.0204855,0.125,164,0
5.02836,0.202548,0.0267609,1,0.0100636,0.0574499,-0.0204245,0.125,165,0
5.02563,0.202998,0.027196,1,0.0101246,0.0574499,-0.0203635,0.125,166,0
5.02256,0.203436,0.0278039,1,0.0101855,0.0574499,-0.0203026,0.125,167,0
5.01948,0.203874,0.0284117,1,0.0102465,0.0574499,-0.0202416,0.125,168,0
5.0164,0.204312,0.0290195,1,0.0103075,0.0574499,-0.0201806,0.125,169,0
5.01332,0.20475,0.0296273,1,0.0103685,0.0574499,-0.0201196,0.125,170,0
5.01024,0.205188,0.0302351,1,0.0104295,0.0574499,-0.0200586,0.125,171,0
5.00716,0.205626,0.0308429,1,0.0104905,0.0574499,-0.0199976,0.125,172,0
5.00409,0.206064,0.0314507,1,0.0105515,0.0574499,-0.0199366,0.125,173,0
5.00101,0.206502,0.0320585,1,0.0106125,0.0574499,-0.0198756,0.125,174,0
4.99793,0.20694,0.0326663,1,0.0106735,0.0574499,-0.0198146,0.125,175,0
4.99485,0.207378,0.0332741,1,0.0107345,0.0574499,-0.0197536,0.125,176,0
4.99177,0.207816,0.0338819,1,0.0107955,0.0574499,-0.0196926,0.125,177,0
4.98847,0.208125,0.0345534,1,0.0108565,0.0574499,-0.0196316,0.125,178,0
4.98506,0.208381,0.0352514,1,0.0109174,0.0574499,-0.0195707,0.125,179,0
4.98166,0.208636,0.0359495,1,0.0109784,0.0574499,-0.0195097,0.125,180,0
4.97826,0.208891,0.0366475,1,0.0110394,0.0574499,-0.0194487,0.125,181,0
4.97486,0.209147,0.0373456,1,0.0111004,0.0574499,-0.0193877,0.125,182,0
4.97146,0.209402,0.0380436,1,0.0111614,0.0574499,-0.0193267,0.125,183,0
4.96805,0.209658,0.0387417,1,0.0112224,0.0574499,-0.0192657,0.125,184,0
4.96465,0.209913,0.0394397,1,0.0112834,0.0574499,-0.0192047,0.125,185,0
4.96125,0.210168,0.0401378,1,0.0113444,0.0574499,-0.0191437,0.125,186,0
4.95785,0.210424,0.0408358,1,0.0114054,0.0574499,-0.0190827,0.125,187,0
4.95445,0.210679,0.0415339,1,0.0114664,0.0574499,-0.0190217,0.125,188,0
4.95104,0.210913,0.0421988,1,0.0115274,0.0574499,-0.0189607,0.125,189,0
4.94758,0.210931,0.0425267,1,0.0115883,0.0574499,-0.0188998,0.125,190,0
4.94411,0.210949,0.0428546,1,0.0116493,0.0574499,-0.0188388,0.125,191,0
4.94065,0.210968,0.0431825,1,0.0117103,0.0574499,-0.0187778,0.125,192,0
4.93718,0.210986,0.0435104,1,0.0117713,0.0574499,-0.0187168,0.125,193,0
4.93372,0.211004,0.0438382,1,0.0118323,0.0574499,-0.0186558,0.125,194,0
4.93025,0.211022,0.0441661,1,0.0118933,0.0574499,-0.0185948,0.125,195,0
4.92679,0.21104,0.044494,1,0.0119543,0.0574499,-0.0185338,0.125,196,0
4.92332,0.211058,0.0448219,1,0.0120153,0.0574499,-0.0184728,0.125,197,0
4.91986,0.211076,0.0451498,1,0.0120763,0.0574499,-0.0184118,0.125,198,0
4.91639,0.211094,0.0454777,1,0.0121373,0.0574499,-0.0183508,0.125,199,0
4.91293,0.211112,0.0458056,1,0.0121983,0.0574499,-0.0182898,0.125,200,0
4.90964,0.211066,0.0458045,1,0.0122593,0.0574499,-0.0182288,0.125,201,0
4.90654,0.210949,0.0454371,1,0.0123202,0.0574499,-0.0181679,0.125,202,0
4.90344,0.210832,0.0450697,1,0.0123812,0.0574499,-0.0181069,0.125,203,0
4.90034,0.210715,0.0447023,1,0.0124422,0.0574499,-0.0180459,0.125,204,0
4.89725,0.210598,0.0443348,1,0.0125032,0.0574499,-0.0179849,0.125,205,0
4.89415,0.210481,0.0439674,1,0.0125642,0.0574499,-0.0179239,0.125,206,0
4.89105,0.210364,0.0436,1,0.0126252,0.0574499,-0.0178629,0.125,207,0
4.88795,0.210247,0.0432326,1,0.0126862,0.0574499,-0.0178019,0.125,208,0
4.88486,0.21013,0.0428651,1,0.0127472,0.0574499,-0.0177409,0.125,209,0
4.88176,0.210013,0.0424977,1,0.0128082,0.0574499,-0.0176799,0.125,210,0
4.87866,0.209896,0.0421303,1,0.0128692,0.0574499,-0.0176189,0.125,211,0
4.87556,0.209779,0.0417629,1,0.0129302,0.0574499,-0.0175579,0.125,212,0
4.87205,0.209784,0.0407831,1,0.0129911,0.0574499,-0.017497,0.125,213,0
4.86847,0.209809,0.0397009,1,0.0130521,0.0574499,-0.017436,0.125,214,0
4.86489,0.209834,0.0386187,1,0.0131131,0.0574499,-0.017375,0.125,215,0
4.86131,0.20986,0.0375365,1,0.0131741,0.0574499,-0.017314,0.125,216,0
4.85773,0.209885,0.0364543,1,0.0132351,0.0574499,-0.017253,0.125,217,0
4.85415,0.20991,0.0353721,1,0.0132961,0.0574499,-0.017192,0.125,218,0
4.85057,0.209935,0.0342899,1,0.0133571,0.0574499,-0.017131,0.125,219,0
4.84699,0.209961,0.0332077,1,0.0134181,0.0574499,-0.01707,0.125,220,0
4.84341,0.209986,0.0321255,1,0.0134791,0.0574499,-0.017009,0.125,221,0
4.83983,0.210011,0.0310432,1,0.0135401,0.0574499,-0.016948,0.125,222,0
4.83625,0.210036,0.029961,1,0.0136011,0.0574499,-0.016887,0.125,223,0
4.83289,0.210162,0.0288709,1,0.0136621,0.0574499,-0.016826,0.125,224,0
4.83022,0.210605,0.0277556,1,0.013723,0.0574499,-0.0167651,0.125,225,0
4.82755,0.211049,0.0266402,1,0.013784,0.0574499,-0.0167041,0.125,226,0
4.82488,0.211493,0.0255249,1,0.013845,0.0574499,-0.0166431,0.125,227,0
4.82221,0.211936,0.0244095,1,0.013906,0.0574499,-0.0165821,0.125,228,0
4.81953,0.21238,0.0232942,1,0.013967,0.0574499,-0.0165211,0.125,229,0
4.81686,0.212824,0.0221788,1,0.014028,0.0574499,-0.0164601,0.125,230,0
4.81419,0.213268,0.0210635,1,0.014089,0.0574499,-0.0163991,0.125,231,0
4.81152,0.213711,0.0199482,1,0.01415,0.0574499,-0.0163381,0.125,232,0
4.80687,0.214972,0.0177879,1,0.014211,0.0574499,-0.0162771,0.125,233,0
4.80197,0.216338,0.0154941,1,0.014272,0.0574499,-0.0162161,0.125,234,0
4.79707,0.217704,0.0132001,1,0.014333,0.0574499,-0.0161551,0.125,235,0
4.79304,0.218416,0.011158,1,0.0143939,0.0574499,-0.0160942,0.125,236,0
4.78955,0.218727,0.00927086,1,0.0144549,0.0574499,-0.0160332,0.125,237,0
4.78606,0.219038,0.00738379,1,0.0145159,0.0574499,-0.0159722,0.125,238,0
4.78257,0.219348,0.00549666,1,0.0145769,0.0574499,-0.0159112,0.125,239,0
4.77909,0.219659,0.00360959,1,0.0146379,0.0574499,-0.0158502,0.125,240,0
4.7756,0.21997,0.00172246,1,0.0146989,0.0574499,-0.0157892,0.125,241,0
4.77211,0.22028,-0.000164617,1,0.0147599,0.0574499,-0.0157282,0.125,242,0
4.76862,0.220591,-0.00205169,1,0.0148209,0.0574499,-0.0156672,0.125,243,0
4.76513,0.220902,-0.00393882,1,0.0148819,0.0574499,-0.0156062,0.125,244,0
4.76164,0.221212,-0.00582592,1,0.0149429,0.0574499,-0.0155452,0.125,245,0
4.75815,0.221523,-0.00771302,1,0.0150039,0.0574499,-0.0154842,0.125,246,0
4.75466,0.221834,-0.00960011,1,0.0150649,0.0574499,-0.0154232,0.125,247,0
4.75056,0.222303,-0.0114676,1,0.0151258,0.0574499,-0.0153623,0.125,248,0
4.74646,0.222772,-0.0133351,1,0.0151868,0.0574499,-0.0153013,0.125,249,0
4.74235,0.223242,-0.0152026,1,0.0152478,0.05745,-0.0152403,0.125,250,0
4.73825,0.223711,-0.01707,1,0.0153088,0.05745,-0.0151793,0.125,251,0
4.73414,0.22418,-0.0189375,1,0.0153698,0.05745,-0.0151183,0.125,252,0
4.73004,0.22465,-0.020805,1,0.0154308,0.05745,-0.0150573,0.125,253,0
4.72594,0.225119,-0.0226725,1,0.0154918,0.05745,-0.0149963,0.125,254,0
4.72183,0.225588,-0.02454,1,0.0155528,0.05745,-0.0149353,0.125,255,0
4.71773,0.226058,-0.0264075,1,0.0156138,0.05745,-0.0148743,0.125,256,0
4.71363,0.226527,-0.028275,1,0.0156748,0.05745,-0.0148133,0.125,257,0
4.70952,0.226996,-0.0301425,1,0.0157358,0.05745,-0.0147523,0.125,258,0
4.70521,0.227502,-0.0317589,1,0.0157967,0.05745,-0.0146914,0.125,259,0
4.70055,0.228067,-0.0329676,1,0.0158577,0.05745,-0.0146304,0.125,260,0
4.69588,0.228632,-0.0341763,1,0.0159187,0.05745,-0.0145694,0.125,261,0
4.69122,0.229198,-0.0353851,1,0.0159797,0.05745,-0.0145084,0.125,262,0
4.68656,0.229763,-0.0365938,1,0.0160407,0.05745,-0.0144474,0.125,263,0
4.6819,0.230328,-0.0378026,1,0.0161017,0.05745,-0.0143864,0.125,264,0
4.67724,0.230893,-0.0390113,1,0.0161627,0.05745,-0.0143254,0.125,265,0
4.67258,0.231458,-0.0402201,1,0.0162237,0.05745,-0.0142644,0.125,266,0
4.66792,0.232024,-0.0414288,1,0.0162847,0.05745,-0.0142034,0.125,267,0
4.66326,0.232589,-0.0426375,1,0.0163457,0.05745,-0.0141424,0.125,268,0
4.6586,0.233154,-0.0438463,1,0.0164067,0.05745,-0.0140814,0.125,269,0
4.65394,0.233719,-0.045055,1,0.0164677,0.05745,-0.0140204,0.125,270,0
4.64851,0.234332,-0.045604,1,0.0165286,0.05745,-0.0139595,0.125,271,0
4.64285,0.23496,-0.0459444,1,0.0165896,0.05745,-0.0138985,0.125,272,0
4.63719,0.235588,-0.0462848,1,0.0166506,0.05745,-0.0138375,0.125,273,0
4.63152,0.236217,-0.0466253,1,0.0167116,0.05745,-0.0137765,0.125,274,0
4.62586,0.236845,-0.0469657,1,0.0167726,0.05745,-0.0137155,0.125,275,0
4.62019,0.237473,-0.0473061,1,0.0168336,0.05745,-0.0136545,0.125,276,0
4.61453,0.238101,-0.0476465,1,0.0168946,0.05745,-0.0135935,0.125,277,0
4.60887,0.238729,-0.0479869,1,0.0169556,0.05745,-0.0135325,0.125,278,0
4.6032,0.239357,-0.0483274,1,0.0170166,0.05745,-0.0134715,0.125,279,0
4.59754,0.239985,-0.0486678,1,0.0170776,0.05745,-0.0134105,0.125,280,0
4.59188,0.240613,-0.0490082,1,0.0171386,0.05745,-0.0133495,0.125,281,0
4.58617,0.241249,-0.0492432,1,0.0171995,0.05745,-0.0132886,0.125,282,0
4.58015,0.241946,-0.0486577,1,0.0172605,0.05745,-0.0132276,0.125,283,0
4.57413,0.242642,-0.0480722,1,0.0173215,0.05745,-0.0131666,0.125,284,0
4.5681,0.243339,-0.0474867,1,0.0173825,0.05745,-0.0131056,0.125,285,0
4.56208,0.244036,-0.0469013,1,0.0174435,0.05745,-0.0130446,0.125,286,0
4.55606,0.244732,-0.0463158,1,0.0175045,0.05745,-0.0129836,0.125,287,0
4.55004,0.245429,-0.0457303,1,0.0175655,0.05745,-0.0129226,0.125,288,0
4.54401,0.246125,-0.0451448,1,0.0176265,0.05745,-0.0128616,0.125,289,0
4.53799,0.246822,-0.0445593,1,0.0176875,0.05745,-0.0128006,0.125,290,0
4.53197,0.247518,-0.0439738,1,0.0177485,0.05745,-0.0127396,0.125,291,0
4.52595,0.248215,-0.0433884,1,0.0178095,0.05745,-0.0126786,0.125,292,0
4.51993,0.248912,-0.0428029,1,0.0178705,0.05745,-0.0126176,0.125,293,0
4.51413,0.249563,-0.0421465,1,0.0179314,0.05745,-0.0125567,0.125,294,0
4.50907,0.250063,-0.0412554,1,0.0179924,0.05745,-0.0124957,0.125,295,0
4.50401,0.250564,-0.0403643,1,0.0180534,0.05745,-0.0124347,0.125,296,0
4.49896,0.251065,-0.0394731,1,0.0181144,0.05745,-0.0123737,0.125,297,0
4.4939,0.251565,-0.038582,1,0.0181754,0.05745,-0.0123127,0.125,298,0
4.48884,0.252066,-0.0376909,1,0.0182364,0.05745,-0.0122517,0.125,299,0
4.48378,0.252566,-0.0367997,1,0.0182974,0.05745,-0.0121907,0.125,300,0
4.47873,0.253067,-0.0359086,1,0.0183584,0.05745,-0.0121297,0.125,301,0
4.47367,0.253568,-0.0350175,1,0.0184194,0.05745,-0.0120687,0.125,302,0
4.46861,0.254068,-0.0341263,1,0.0184804,0.05745,-0.0120077,0.125,303,0
4.46355,0.254569,-0.0332352,1,0.0185414,0.05745,-0.0119467,0.125,304,0
4.4585,0.255069,-0.0323441,1,0.0186023,0.05745,-0.0118858,0.125,305,0
4.45344,0.25557,-0.031453,1,0.0186633,0.05745,-0.0118248,0.125,306,0
4.44772,0.255809,-0.0305899,1,0.0187243,0.05745,-0.0117638,0.125,307,0
4.44156,0.255875,-0.0297456,1,0.0187853,0.05745,-0.0117028,0.125,308,0
4.4354,0.25594,-0.0289012,1,0.0188463,0.05745,-0.0116418,0.125,309,0
4.42925,0.256005,-0.0280569,1,0.0189073,0.05745,-0.0115808,0.125,310,0
4.42309,0.25607,-0.0272126,1,0.0189683,0.05745,-0.0115198,0.125,311,0
4.41693,0.256136,-0.0263682,1,0.0190293,0.05745,-0.0114588,0.125,312,0
4.41077,0.256201,-0.0255239,1,0.0190903,0.05745,-0.0113978,0.125,313,0
4.40461,0.256266,-0.0246796,1,0.0191513,0.05745,-0.0113368,0.125,314,0
4.39845,0.256332,-0.0238352,1,0.0192123,0.05745,-0.0112758,0.125,315,0
4.39229,0.256397,-0.0229909,1,0.0192733,0.05745,-0.0112148,0.125,316,0
4.38614,0.256462,-0.0221465,1,0.0193342,0.05745,-0.0111539,0.125,317,0
4.37998,0.256528,-0.0213022,1,0.0193952,0.05745,-0.0110929,0.125,318,0
4.37327,0.256488,-0.0205134,1,0.0194562,0.05745,-0.0110319,0.125,319,0
4.36633,0.256403,-0.0197481,1,0.0195172,0.05745,-0.0109709,0.125,320,0
4.35939,0.256319,-0.0189828,1,0.0195782,0.05745,-0.0109099,0.125,321,0
4.35245,0.256234,-0.0182175,1,0.0196392,0.05745,-0.0108489,0.125,322,0
4.34551,0.256149,-0.0174523,1,0.0197002,0.05745,-0.0107879,0.125,323,0
4.33857,0.256065,-0.016687,1,0.0197612,0.05745,-0.0107269,0.125,324,0
4.33163,0.25598,-0.0159217,1,0.0198222,0.05745,-0.0106659,0.125,325,0
4.32469,0.255896,-0.0151564,1,0.0198832,0.05745,-0.0106049,0.125,326,0
4.31774,0.255811,-0.0143912,1,0.0199442,0.05745,-0.0105439,0.125,327,0
4.3108,0.255727,-0.0136259,1,0.0200051,0.05745,-0.010483,0.125,328,0
4.30386,0.255642,-0.0128606,1,0.0200661,0.05745,-0.010422,0.125,329,0
4.29689,0.255543,-0.0121259,1,0.0201271,0.05745,-0.010361,0.125,330,0
4.28939,0.255172,-0.0119771,1,0.0201881,0.05745,-0.0103,0.125,331,0
4.28189,0.254801,-0.0118283,1,0.0202491,0.05745,-0.010239,0.125,332,0
4.27438,0.25443,-0.0116794,1,0.0203101,0.05745,-0.010178,0.125,333,0
4.26688,0.254059,-0.0115306,1,0.0203711,0.05745,-0.010117,0.125,334,0
4.25938,0.253688,-0.0113817,1,0.0204321,0.05745,-0.010056,0.125,335,0
4.25187,0.253317,-0.0112329,1,0.0204931,0.05745,-0.00999502,0.125,336,0
4.24437,0.252946,-0.011084,1,0.0205541,0.05745,-0.00993403,0.125,337,0
4.23687,0.252575,-0.0109352,1,0.0206151,0.05745,-0.00987304,0.125,338,0
4.22936,0.252204,-0.0107863,1,0.0206761,0.05745,-0.00981205,0.125,339,0
4.22186,0.251833,-0.0106375,1,0.020737,0.05745,-0.00975106,0.125,340,0
4.21435,0.251462,-0.0104887,1,0.020798,0.05745,-0.00969007,0.125,341,0
4.20661,0.250897,-0.0106038,1,0.020859,0.05745,-0.00962908,0.125,342,0
4.19853,0.250067,-0.011081,1,0.02092,0.05745,-0.00956808,0.125,343,0
4.19045,0.249237,-0.0115583,1,0.020981,0.05745,-0.00950709,0.125,344,0
4.18237,0.248406,-0.0120356,1,0.021042,0.05745,-0.0094461,0.125,345,0
4.17429,0.247576,-0.0125128,1,0.021103,0.05745,-0.00938511,0.125,346,0
4.16622,0.246746,-0.0129901,1,0.021164,0.05745,-0.00932412,0.125,347,0
4.15814,0.245916,-0.0134673,1,0.021225,0.05745,-0.00926313,0.125,348,0
4.15006,0.245085,-0.0139446,1,0.021286,0.05745,-0.00920214,0.125,349,0
4.14198,0.244255,-0.0144218,1,0.021347,0.05745,-0.00914115,0.125,350,0
4.1339,0.243425,-0.0148991,1,0.0214079,0.05745,-0.00908015,0.125,351,0
4.12582,0.242595,-0.0153763,1,0.0214689,0.05745,-0.00901916,0.125,352,0
4.11775,0.241764,-0.0158536,1,0.0215299,0.05745,-0.00895817,0.125,353,0
4.10971,0.240812,-0.0165459,1,0.0215909,0.05745,-0.00889718,0.125,354,0
4.10169,0.239828,-0.0172946,1,0.0216519,0.05745,-0.00883619,0.125,355,0
4.09367,0.238844,-0.0180433,1,0.0217129,0.05745,-0.0087752,0.125,356,0
4.08565,0.23786,-0.018792,1,0.0217739,0.05745,-0.00871421,0.125,357,0
4.07763,0.236876,-0.0195407,1,0.0218349,0.05745,-0.00865321,0.125,358,0
4.0696,0.235891,-0.0202893,1,0.0218959,0.05745,-0.00859222,0.125,359,0
4.06158,0.234907,-0.021038,1,0.0219569,0.05745,-0.00853123,0.125,360,0
4.05356,0.233923,-0.0217867,1,0.0220179,0.05745,-0.00847024,0.125,361,0
4.04554,0.232939,-0.0225354,1,0.0220789,0.05745,-0.00840925,0.125,362,0
4.03752,0.231955,-0.0232841,1,0.0221398,0.05745,-0.00834826,0.125,363,0
4.0295,0.230971,-0.0240328,1,0.0222008,0.05745,-0.00828727,0.125,364,0
4.02142,0.229954,-0.0248142,1,0.0222618,0.05745,-0.00822628,0.125,365,0
4.01296,0.228688,-0.0258467,1,0.0223228,0.05745,-0.00816528,0.125,366,0
4.00451,0.227423,-0.0268791,1,0.0223838,0.05745,-0.00810429,0.125,367,0
3.99605,0.226157,-0.0279115,1,0.0224448,0.05745,-0.0080433,0.125,368,0
3.98759,0.224892,-0.0289439,1,0.0225058,0.05745,-0.00798231,0.125,369,0
3.97913,0.223626,-0.0299764,1,0.0225668,0.05745,-0.00792132,0.125,370,0
3.97067,0.22236,-0.0310088,1,0.0226278,0.05745,-0.00786033,0.125,371,0
3.96221,0.221095,-0.0320412,1,0.0226888,0.05745,-0.00779934,0.125,372,0
3.95375,0.219829,-0.0330736,1,0.0227498,0.05745,-0.00773835,0.125,373,0
3.94529,0.218564,-0.0341061,1,0.0228107,0.05745,-0.00767735,0.125,374,0
3.93683,0.217298,-0.0351385,1,0.0228717,0.05745,-0.00761636,0.125,375,0
3.92837,0.216032,-0.0361709,1,0.0229327,0.05745,-0.00755537,0.125,376,0
3.91991,0.214767,-0.0372033,1,0.0229937,0.05745,-0.00749438,0.125,377,0
3.91222,0.213453,-0.0381766,1,0.0230547,0.05745,-0.00743339,0.125,378,0
3.90459,0.212136,-0.0391444,1,0.0231157,0.05745,-0.0073724,0.125,379,0
3.89696,0.210818,-0.0401122,1,0.0231767,0.05745,-0.00731141,0.125,380,0
3.88934,0.2095,-0.04108,1,0.0232377,0.05745,-0.00725041,0.125,381,0
3.88171,0.208183,-0.0420478,1,0.0232987,0.05745,-0.00718942,0.125,382,0
3.87408,0.206865,-0.0430156,1,0.0233597,0.05745,-0.00712843,0.125,383,0
3.86646,0.205547,-0.0439834,1,0.0234207,0.05745,-0.00706744,0.125,384,0
3.85883,0.20423,-0.0449512,1,0.0234817,0.05745,-0.00700645,0.125,385,0
3.8512,0.202912,-0.045919,1,0.0235426,0.05745,-0.00694546,0.125,386,0
3.84358,0.201594,-0.0468868,1,0.0236036,0.05745,-0.00688447,0.125,387,0
3.83595,0.200277,-0.0478546,1,0.0236646,0.05745,-0.00682348,0.125,388,0
3.82832,0.198959,-0.0488224,1,0.0237256,0.05745,-0.00676248,0.125,389,0
3.8207,0.197641,-0.0497902,1,0.0237866,0.05745,-0.00670149,0.125,390,0
3.81307,0.196324,-0.050758,1,0.0238476,0.05745,-0.0066405,0.125,391,0
3.8051,0.194887,-0.0516856,1,0.0239086,0.05745,-0.00657951,0.125,392,0
3.7971,0.193438,-0.0526091,1,0.0239696,0.05745,-0.00651852,0.125,393,0
3.7891,0.191989,-0.0535327,1,0.0240306,0.05745,-0.00645753,0.125,394,0
3.7811,0.19054,-0.0544563,1,0.0240916,0.05745,-0.00639654,0.125,395,0
3.7731,0.189091,-0.0553798,1,0.0241526,0.05745,-0.00633555,0.125,396,0
3.7651,0.187642,-0.0563034,1,0.0242135,0.05745,-0.00627455,0.125,397,0
3.7571,0.186193,-0.057227,1,0.0242745,0.05745,-0.00621356,0.125,398,0
3.7491,0.184744,-0.0581505,1,0.0243355,0.05745,-0.00615257,0.125,399,0
3.7411,0.183295,-0.0590741,1,0.0243965,0.05745,-0.00609158,0.125,400,0
3.7331,0.181847,-0.0599977,1,0.0244575,0.05745,-0.00603059,0.125,401,0
3.7251,0.180398,-0.0609212,1,0.0245185,0.05745,-0.0059696,0.125,402,0
3.7171,0.178949,-0.0618448,1,0.0245795,0.05745,-0.00590861,0.125,403,0
3.70947,0.17757,-0.0626334,1,0.0246405,0.05745,-0.00584761,0.125,404,0
3.70202,0.176225,-0.0633565,1,0.0247015,0.05745,-0.00578662,0.125,405,0
3.69457,0.17488,-0.0640795,1,0.0247625,0.05745,-0.00572563,0.125,406,0
3.68711,0.173535,-0.0648026,1,0.0248235,0.05745,-0.00566464,0.125,407,0
3.67966,0.17219,-0.0655256,1,0.0248845,0.05745,-0.00560365,0.125,408,0
3.67221,0.170846,-0.0662487,1,0.0249454,0.05745,-0.00554266,0.125,409,0
3.66476,0.169501,-0.0669717,1,0.0250064,0.05745,-0.00548167,0.125,410,0
3.65731,0.168156,-0.0676948,1,0.0250674,0.05745,-0.00542068,0.125,411,0
3.64986,0.166811,-0.0684178,1,0.0251284,0.05745,-0.00535968,0.125,412,0
3.6424,0.165466,-0.0691409,1,0.0251894,0.05745,-0.00529869,0.125,413,0
3.63495,0.164121,-0.0698639,1,0.0252504,0.05745,-0.0052377,0.125,414,0
3.6275,0.162776,-0.070587,1,0.0253114,0.05745,-0.00517671,0.125,415,0
3.62121,0.161466,-0.0712214,1,0.0253724,0.05745,-0.00511572,0.125,416,0
3.61494,0.160157,-0.0718543,1,0.0254334,0.05745,-0.00505473,0.125,417,0
3.60866,0.158848,-0.0724872,1,0.0254944,0.05745,-0.00499374,0.125,418,0
3.60239,0.157538,-0.0731201,1,0.0255554,0.05745,-0.00493275,0.125,419,0
3.59611,0.156229,-0.0737531,1,0.0256163,0.05745,-0.00487175,0.125,420,0
3.58984,0.154919,-0.074386,1,0.0256773,0.05745,-0.00481076,0.125,421,0
3.58357,0.15361,-0.0750189,1,0.0257383,0.05745,-0.00474977,0.125,422,0
3.57729,0.1523,-0.0756519,1,0.0257993,0.05745,-0.00468878,0.125,423,0
3.57102,0.150991,-0.0762848,1,0.0258603,0.05745,-0.00462779,0.125,424,0
3.56474,0.149681,-0.0769177,1,0.0259213,0.05745,-0.0045668,0.125,425,0
3.55847,0.148372,-0.0775507,1,0.0259823,0.05745,-0.00450581,0.125,426,0
3.55236,0.147207,-0.0781415,1,0.0260433,0.05745,-0.00444481,0.125,427,0
3.54656,0.146317,-0.0786522,1,0.0261043,0.05745,-0.00438382,0.125,428,0
3.54075,0.145427,-0.0791628,1,0.0261653,0.05745,-0.00432283,0.125,429,0
3.53495,0.144537,-0.0796735,1,0.0262263,0.05745,-0.00426184,0.125,430,0
3.52914,0.143647,-0.0801842,1,0.0262873,0.05745,-0.00420085,0.125,431,0
3.52334,0.142756,-0.0806949,1,0.0263482,0.05745,-0.00413986,0.125,432,0
3.51754,0.141866,-0.0812056,1,0.0264092,0.05745,-0.00407887,0.125,433,0
3.51173,0.140976,-0.0817163,1,0.0264702,0.05745,-0.00401788,0.125,434,0
3.50593,0.140086,-0.082227,1,0.0265312,0.05745,-0.00395688,0.125,435,0
3.50013,0.139196,-0.0827377,1,0.0265922,0.05745,-0.00389589,0.125,436,0
3.49432,0.138306,-0.0832484,1,0.0266532,0.05745,-0.0038349,0.125,437,0
3.48852,0.137416,-0.0837591,1,0.0267142,0.05745,-0.00377391,0.125,438,0
3.48292,0.13602,-0.0845116,1,0.0267752,0.05745,-0.00371292,0.125,439,0
3.4774,0.134414,-0.0853646,1,0.0268362,0.05745,-0.00365193,0.125,440,0
3.47188,0.132808,-0.0862176,1,0.0268972,0.05745,-0.00359094,0.125,441,0
3.46636,0.131202,-0.0870706,1,0.0269582,0.05745,-0.00352995,0.125,442,0
3.46084,0.129596,-0.0879236,1,0.0270191,0.05745,-0.00346895,0.125,443,0
3.45532,0.12799,-0.0887765,1,0.0270801,0.05745,-0.00340796,0.125,444,0
3.4498,0.126385,-0.0896295,1,0.0271411,0.05745,-0.00334697,0.125,445,0
3.44429,0.124779,-0.0904825,1,0.0272021,0.05745,-0.00328598,0.125,446,0
3.43877,0.123173,-0.0913355,1,0.0272631,0.05745,-0.00322499,0.125,447,0
3.43325,0.121567,-0.0921884,1,0.0273241,0.05745,-0.003164,0.125,448,0
3.42773,0.119961,-0.0930414,1,0.0273851,0.05745,-0.00310301,0.125,449,0
3.42234,0.118381,-0.0938844,1,0.0274461,0.05745,-0.00304202,0.125,450,0
3.41873,0.117155,-0.0945886,1,0.0275071,0.05745,-0.00298102,0.125,451,0
3.41513,0.115928,-0.0952928,1,0.0275681,0.05745,-0.00292003,0.125,452,0
3.41152,0.114702,-0.095997,1,0.0276291,0.05745,-0.00285904,0.125,453,0
3.40791,0.113476,-0.0967013,1,0.0276901,0.05745,-0.00279805,0.125,454,0
3.40431,0.11225,-0.0974055,1,0.027751,0.05745,-0.00273706,0.125,455,0
3.4007,0.111023,-0.0981097,1,0.027812,0.05745,-0.00267607,0.125,456,0
3.39709,0.109797,-0.0988139,1,0.027873,0.05745,-0.00261508,0.125,457,0
3.39349,0.108571,-0.0995181,1,0.027934,0.05745,-0.00255408,0.125,458,0
3.38988,0.107345,-0.100222,1,0.027995,0.05745,-0.00249309,0.125,459,0
3.38627,0.106118,-0.100927,1,0.028056,0.05745,-0.0024321,0.125,460,0
3.38267,0.104892,-0.101631,1,0.028117,0.05745,-0.00237111,0.125,461,0
3.37931,0.103493,-0.102428,1,0.028178,0.05745,-0.00231012,0.125,462,0
3.37632,0.10184,-0.103361,1,0.028239,0.05745,-0.00224913,0.125,463,0
3.37333,0.100187,-0.104294,1,0.0283,0.05745,-0.00218814,0.125,464,0
3.37034,0.0985337,-0.105227,1,0.028361,0.05745,-0.00212715,0.125,465,0
3.36735,0.0968805,-0.10616,1,0.0284219,0.05745,-0.00206615,0.125,466,0
3.36437,0.0952274,-0.107094,1,0.0284829,0.05745,-0.00200516,0.125,467,0
3.36138,0.0935743,-0.108027,1,0.0285439,0.05745,-0.00194417,0.125,468,0
3.35839,0.0919211,-0.10896,1,0.0286049,0.05745,-0.00188318,0.125,469,0
3.3554,0.090268,-0.109893,1,0.0286659,0.05745,-0.00182219,0.125,470,0
3.35241,0.0886149,-0.110826,1,0.0287269,0.05745,-0.0017612,0.125,471,0
3.34942,0.0869617,-0.11176,1,0.0287879,0.05745,-0.00170021,0.125,472,0
3.34643,0.0853086,-0.112693,1,0.0288489,0.05745,-0.00163922,0.125,473,0
3.34403,0.083723,-0.113574,1,0.0289099,0.05745,-0.00157822,0.125,474,0
3.3423,0.0822139,-0.114397,1,0.0289709,0.05745,-0.00151723,0.125,475,0
3.34057,0.0807048,-0.11522,1,0.0290319,0.05745,-0.00145624,0.125,476,0
3.33884,0.0791957,-0.116043,1,0.0290929,0.05745,-0.00139525,0.125,477,0
3.3371,0.0776866,-0.116866,1,0.0291538,0.05745,-0.00133426,0.125,478,0
3.33537,0.0761775,-0.117689,1,0.0292148,0.05745,-0.00127327,0.125,479,0
3.33364,0.0746684,-0.118512,1,0.0292758,0.05745,-0.00121228,0.125,480,0
3.33191,0.0731593,-0.119335,1,0.0293368,0.05745,-0.00115128,0.125,481,0
3.33018,0.0716503,-0.120158,1,0.0293978,0.05745,-0.00109029,0.125,482,0
3.32844,0.0701412,-0.120981,1,0.0294588,0.05745,-0.0010293,0.125,483,0
3.32671,0.0686321,-0.121804,1,0.0295198,0.05745,-0.000968311,0.125,484,0
3.32498,0.067123,-0.122627,1,0.0295808,0.05745,-0.000907319,0.125,485,0
3.32325,0.0656139,-0.12345,1,0.0296418,0.05745,-0.000846328,0.125,486,0
3.32211,0.0642107,-0.124071,1,0.0297028,0.05745,-0.000785337,0.125,487,0
3.32178,0.0629517,-0.124415,1,0.0297638,0.05745,-0.000724346,0.125,488,0
3.32146,0.0616927,-0.12476,1,0.0298247,0.05745,-0.000663354,0.125,489,0
3.32113,0.0604337,-0.125105,1,0.0298857,0.05745,-0.000602363,0.125,490,0
3.3208,0.0591747,-0.125449,1,0.0299467,0.05745,-0.000541372,0.125,491,0
3.32048,0.0579157,-0.125794,1,0.0300077,0.05745,-0.00048038,0.125,492,0
3.32015,0.0566567,-0.126138,1,0.0300687,0.05745,-0.000419389,0.125,493,0
3.31982,0.0553977,-0.126483,1,0.0301297,0.05745,-0.000358398,0.125,494,0
3.31949,0.0541387,-0.126827,1,0.0301907,0.05745,-0.000297407,0.125,495,0
3.31917,0.0528797,-0.127172,1,0.0302517,0.05745,-0.000236415,0.125,496,0
3.31884,0.0516207,-0.127516,1,0.0303127,0.05745,-0.000175424,0.125,497,0
3.31851,0.0503617,-0.127861,1,0.0303737,0.05745,-0.000114433,0.125,498,0
3.31819,0.0491027,-0.128206,1,0.0304347,0.05745,-5.34413e-05,0.125,499,0
3.31796,0.0478307,-0.128506,1,0.0304956,0.05745,7.55e-06,0.125,500,0
3.31846,0.0464674,-0.12849,1,0.0305566,0.05745,6.85413e-05,0.125,501,0
3.31896,0.0451041,-0.128475,1,0.0306176,0.05745,0.000129533,0.125,502,0
3.31946,0.0437407,-0.12846,1,0.0306786,0.05745,0.000190524,0.125,503,0
3.31996,0.0423774,-0.128444,1,0.0307396,0.05745,0.000251515,0.125,504,0
3.32046,0.0410141,-0.128429,1,0.0308006,0.05745,0.000312507,0.125,505,0
3.32095,0.0396508,-0.128413,1,0.0308616,0.05745,0.000373498,0.125,506,0
3.32145,0.0382874,-0.128398,1,0.0309226,0.05745,0.000434489,0.125,507,0
3.32195,0.0369241,-0.128383,1,0.0309836,0.05745,0.00049548,0.125,508,0
3.32245,0.0355608,-0.128367,1,0.0310446,0.05745,0.000556472,0.125,509,0
3.32295,0.0341974,-0.128352,1,0.0311056,0.05745,0.000617463,0.125,510,0
3.32345,0.0328341,-0.128337,1,0.0311666,0.05745,0.000678454,0.125,511,0
3.32395,0.0314708,-0.128321,1,0.0312275,0.05745,0.000739446,0.125,512,0
3.32445,0.0301074,-0.128306,1,0.0312885,0.05745,0.000800437,0.125,513,0
3.32599,0.0283945,-0.127891,1,0.0313495,0.05745,0.000861428,0.125,514,0
3.32775,0.026607,-0.127391,1,0.0314105,0.05745,0.000922419,0.125,515,0
3.32951,0.0248194,-0.126891,1,0.0314715,0.05745,0.000983411,0.125,516,0
3.33127,0.0230319,-0.126391,1,0.0315325,0.05745,0.0010444,0.125,517,0
3.33303,0.0212444,-0.12589,1,0.0315935,0.05745,0.00110539,0.125,518,0
3.33479,0.0194568,-0.12539,1,0.0316545,0.05745,0.00116638,0.125,519,0
3.33656,0.0176693,-0.12489,1,0.0317155,0.05745,0.00122738,0.125,520,0
3.33832,0.0158818,-0.12439,1,0.0317765,0.05745,0.00128837,0.125,521,0
3.34008,0.0140942,-0.12389,1,0.0318375,0.05745,0.00134936,0.125,522,0
3.34184,0.0123067,-0.123389,1,0.0318985,0.05745,0.00141035,0.125,523,0
3.3436,0.0105191,-0.122889,1,0.0319594,0.05745,0.00147134,0.125,524,0
3.34537,0.00873161,-0.122389,1,0.0320204,0.05745,0.00153233,0.125,525,0
3.34713,0.00694407,-0.121889,1,0.0320814,0.05745,0.00159332,0.125,526,0
3.35011,0.00507474,-0.121032,1,0.0321424,0.05745,0.00165432,0.125,527,0
3.35343,0.0031822,-0.120073,1,0.0322034,0.05745,0.00171531,0.125,528,0
3.35676,0.00128966,-0.119114,1,0.0322644,0.05745,0.0017763,0.125,529,0
3.36008,-0.000602889,-0.118155,1,0.0323254,0.05745,0.00183729,0.125,530,0
3.3634,-0.00249544,-0.117196,1,0.0323864,0.05745,0.00189828,0.125,531,0
3.36673,-0.00438798,-0.116237,1,0.0324474,0.05745,0.00195927,0.125,532,0
3.37005,-0.00628052,-0.115278,1,0.0325084,0.05745,0.00202026,0.125,533,0
3.37338,-0.00817307,-0.11432,1,0.0325694,0.05745,0.00208125,0.125,534,0
3.3767,-0.0100656,-0.113361,1,0.0326303,0.05745,0.00214225,0.125,535,0
3.38003,-0.0119582,-0.112402,1,0.0326913,0.05745,0.00220324,0.125,536,0
3.38335,-0.0138507,-0.111443,1,0.0327523,0.05745,0.00226423,0.125,537,0
3.38668,-0.0157432,-0.110484,1,0.0328133,0.05745,0.00232522,0.125,538,0
3.39119,-0.0176316,-0.109374,1,0.0328743,0.05745,0.00238621,0.125,539,0
3.39593,-0.0195191,-0.108236,1,0.0329353,0.05745,0.0024472,0.125,540,0
3.40066,-0.0214067,-0.107098,1,0.0329963,0.05745,0.00250819,0.125,541,0
3.40539,-0.0232942,-0.10596,1,0.0330573,0.05745,0.00256918,0.125,542,0
3.41013,-0.0251818,-0.104822,1,0.0331183,0.05745,0.00263018,0.125,543,0
3.41486,-0.0270693,-0.103684,1,0.0331793,0.05745,0.00269117,0.125,544,0
3.4196,-0.0289569,-0.102546,1,0.0332403,0.05745,0.00275216,0.125,545,0
3.42433,-0.0308444,-0.101408,1,0.0333012,0.05745,0.00281315,0.125,546,0
3.42907,-0.032732,-0.10027,1,0.0333622,0.05745,0.00287414,0.125,547,0
3.4338,-0.0346195,-0.0991323,1,0.0334232,0.05745,0.00293513,0.125,548,0
3.43854,-0.0365071,-0.0979943,1,0.0334842,0.05745,0.00299612,0.125,549,0
3.44359,-0.0384437,-0.0968462,1,0.0335452,0.05745,0.00305712,0.125,550,0
3.45012,-0.0406037,-0.0956519,1,0.0336062,0.05745,0.00311811,0.125,551,0
3.45665,-0.0427637,-0.0944577,1,0.0336672,0.05745,0.0031791,0.125,552,0
3.46318,-0.0449236,-0.0932634,1,0.0337282,0.05745,0.00324009,0.125,553,0
3.46971,-0.0470836,-0.0920691,1,0.0337892,0.05745,0.00330108,0.125,554,0
3.47623,-0.0492436,-0.0908749,1,0.0338502,0.05745,0.00336207,0.125,555,0
3.48276,-0.0514036,-0.0896806,1,0.0339112,0.05745,0.00342306,0.125,556,0
3.48929,-0.0535635,-0.0884863,1,0.0339722,0.05745,0.00348405,0.125,557,0
3.49582,-0.0557235,-0.087292,1,0.0340331,0.05745,0.00354505,0.125,558,0
3.50235,-0.0578835,-0.0860978,1,0.0340941,0.05745,0.00360604,0.125,559,0
3.50888,-0.0600435,-0.0849035,1,0.0341551,0.05745,0.00366703,0.125,560,0
3.5154,-0.0622034,-0.0837092,1,0.0342161,0.05745,0.00372802,0.125,561,0
3.522,-0.0643928,-0.0827063,1,0.0342771,0.05745,0.00378901,0.125,562,0
3.52867,-0.0666071,-0.0818657,1,0.0343381,0.05745,0.00385,0.125,563,0
3.53533,-0.0688214,-0.0810251,1,0.0343991,0.05745,0.00391099,0.125,564,0
3.54199,-0.0710357,-0.0801844,1,0.0344601,0.05745,0.00397198,0.125,565,0
3.54866,-0.07325,-0.0793438,1,0.0345211,0.05745,0.00403298,0.125,566,0
3.55532,-0.0754643,-0.0785032,1,0.0345821,0.05745,0.00409397,0.125,567,0
3.56198,-0.0776786,-0.0776626,1,0.0346431,0.05745,0.00415496,0.125,568,0
3.56864,-0.0798929,-0.076822,1,0.034704,0.05745,0.00421595,0.125,569,0
3.57531,-0.0821072,-0.0759813,1,0.034765,0.05745,0.00427694,0.125,570,0
3.58197,-0.0843215,-0.0751407,1,0.034826,0.05745,0.00433793,0.125,571,0
3.58863,-0.0865358,-0.0743001,1,0.034887,0.05745,0.00439892,0.125,572,0
3.59529,-0.0887501,-0.0734595,1,0.034948,0.05745,0.00445991,0.125,573,0
3.60242,-0.0905813,-0.0728066,1,0.035009,0.05745,0.00452091,0.125,574,0
3.60961,-0.0923713,-0.0721739,1,0.03507,0.05745,0.0045819,0.125,575,0
3.61679,-0.0941612,-0.0715413,1,0.035131,0.05745,0.00464289,0.125,576,0
3.62397,-0.0959512,-0.0709086,1,0.035192,0.05745,0.00470388,0.125,577,0
3.63115,-0.0977412,-0.0702759,1,0.035253,0.05745,0.00476487,0.125,578,0
3.63833,-0.0995311,-0.0696433,1,0.035314,0.05745,0.00482586,0.125,579,0
3.64552,-0.101321,-0.0690106,1,0.035375,0.05745,0.00488685,0.125,580,0
3.6527,-0.103111,-0.068378,1,0.0354359,0.05745,0.00494785,0.125,581,0
3.65988,-0.104901,-0.0677453,1,0.0354969,0.05745,0.00500884,0.125,582,0
3.66706,-0.106691,-0.0671126,1,0.0355579,0.05745,0.00506983,0.125,583,0
3.67424,-0.108481,-0.06648,1,0.0356189,0.05745,0.00513082,0.125,584,0
3.68167,-0.110279,-0.0658599,1,0.0356799,0.05745,0.00519181,0.125,585,0
3.68978,-0.112099,-0.0652749,1,0.0357409,0.05745,0.0052528,0.125,586,0
3.69789,-0.11392,-0.0646899,1,0.0358019,0.05745,0.00531379,0.125,587,0
3.706,-0.11574,-0.0641049,1,0.0358629,0.05745,0.00537478,0.125,588,0
3.71411,-0.117561,-0.0635199,1,0.0359239,0.05745,0.00543578,0.125,589,0
3.72222,-0.119381,-0.0629349,1,0.0359849,0.05745,0.00549677,0.125,590,0
3.73033,-0.121202,-0.0623499,1,0.0360459,0.05745,0.00555776,0.125,591,0
3.73844,-0.123022,-0.0617649,1,0.0361069,0.05745,0.00561875,0.125,592,0
3.74655,-0.124843,-0.0611799,1,0.0361678,0.05745,0.00567974,0.125,593,0
3.75466,-0.126663,-0.0605949,1,0.0362288,0.05745,0.00574073,0.125,594,0
3.76277,-0.128483,-0.0600099,1,0.0362898,0.05745,0.00580172,0.125,595,0
3.77088,-0.130304,-0.0594249,1,0.0363508,0.05745,0.00586271,0.125,596,0
3.77895,-0.132017,-0.0588221,1,0.0364118,0.05745,0.00592371,0.125,597,0
3.78699,-0.133652,-0.0582063,1,0.0364728,0.05745,0.0059847,0.125,598,0
3.79503,-0.135286,-0.0575904,1,0.0365338,0.05745,0.00604569,0.125,599,0
3.80306,-0.13692,-0.0569745,1,0.0365948,0.05745,0.00610668,0.125,600,0
3.8111,-0.138554,-0.0563587,1,0.0366558,0.05745,0.00616767,0.125,601,0
3.81914,-0.140189,-0.0557428,1,0.0367168,0.05745,0.00622866,0.125,602,0
3.82717,-0.141823,-0.0551269,1,0.0367778,0.05745,0.00628965,0.125,603,0
3.83521,-0.143457,-0.0545111,1,0.0368387,0.05745,0.00635065,0.125,604,0
3.84325,-0.145091,-0.0538952,1,0.0368997,0.05745,0.00641164,0.125,605,0
3.85129,-0.146726,-0.0532793,1,0.0369607,0.05745,0.00647263,0.125,606,0
3.85932,-0.14836,-0.0526635,1,0.0370217,0.05745,0.00653362,0.125,607,0
3.86736,-0.149994,-0.0520476,1,0.0370827,0.05745,0.00659461,0.125,608,0
3.87507,-0.15158,-0.0514191,1,0.0371437,0.05745,0.0066556,0.125,609,0
3.88212,-0.153071,-0.050766,1,0.0372047,0.05745,0.00671659,0.125,610,0
3.88918,-0.154562,-0.0501128,1,0.0372657,0.05745,0.00677758,0.125,611,0
3.89624,-0.156053,-0.0494597,1,0.0373267,0.05745,0.00683858,0.125,612,0
3.90329,-0.157544,-0.0488065,1,0.0373877,0.05745,0.00689957,0.125,613,0
3.91035,-0.159035,-0.0481534,1,0.0374487,0.05745,0.00696056,0.125,614,0
3.91741,-0.160526,-0.0475002,1,0.0375096,0.05745,0.00702155,0.125,615,0
3.92446,-0.162017,-0.046847,1,0.0375706,0.05745,0.00708254,0.125,616,0
3.93152,-0.163508,-0.0461939,1,0.0376316,0.05745,0.00714353,0.125,617,0
3.93858,-0.165,-0.0455407,1,0.0376926,0.05745,0.00720452,0.125,618,0
3.94563,-0.166491,-0.0448876,1,0.0377536,0.05745,0.00726551,0.125,619,0
3.95269,-0.167982,-0.0442344,1,0.0378146,0.05745,0.00732651,0.125,620,0
3.95975,-0.169473,-0.0435812,1,0.0378756,0.05745,0.0073875,0.125,621,0
3.9668,-0.170964,-0.0429281,1,0.0379366,0.05745,0.00744849,0.125,622,0
3.97409,-0.172566,-0.0421029,1,0.0379976,0.05745,0.00750948,0.125,623,0
3.98183,-0.17439,-0.0409315,1,0.0380586,0.05745,0.00757047,0.125,624,0
3.98958,-0.176215,-0.03976,1,0.0381196,0.05745,0.00763146,0.125,625,0
3.99732,-0.17804,-0.0385886,1,0.0381806,0.05745,0.00769245,0.125,626,0
4.00507,-0.179865,-0.0374171,1,0.0382415,0.05745,0.00775345,0.125,627,0
4.01281,-0.181689,-0.0362457,1,0.0383025,0.05745,0.00781444,0.125,628,0
4.02056,-0.183514,-0.0350743,1,0.0383635,0.05745,0.00787543,0.125,629,0
4.0283,-0.185339,-0.0339028,1,0.0384245,0.05745,0.00793642,0.125,630,0
4.03605,-0.187164,-0.0327314,1,0.0384855,0.05745,0.00799741,0.125,631,0
4.04379,-0.188989,-0.0315599,1,0.0385465,0.05745,0.0080584,0.125,632,0
4.05153,-0.190813,-0.0303885,1,0.0386075,0.05745,0.00811939,0.125,633,0
4.05928,-0.192638,-0.029217,1,0.0386685,0.05745,0.00818038,0.125,634,0
4.067,-0.194483,-0.02798,1,0.0387295,0.05745,0.00824138,0.125,635,0
4.07452,-0.196458,-0.0263131,1,0.0387905,0.05745,0.00830237,0.125,636,0
4.08205,-0.198432,-0.0246461,1,0.0388515,0.05745,0.00836336,0.125,637,0
4.08957,-0.200407,-0.0229791,1,0.0389124,0.05745,0.00842435,0.125,638,0
4.0971,-0.202382,-0.021312,1,0.0389734,0.05745,0.00848534,0.125,639,0
4.10463,-0.204356,-0.019645,1,0.0390344,0.05745,0.00854633,0.125,640,0
4.11215,-0.206331,-0.017978,1,0.0390954,0.05745,0.00860732,0.125,641,0
4.11968,-0.208306,-0.016311,1,0.0391564,0.05745,0.00866831,0.125,642,0
4.12721,-0.210281,-0.014644,1,0.0392174,0.05745,0.00872931,0.125,643,0
4.13473,-0.212255,-0.012977,1,0.0392784,0.05745,0.0087903,0.125,644,0
4.14226,-0.21423,-0.01131,1,0.0393394,0.05745,0.00885129,0.125,645,0
4.14979,-0.216205,-0.009643,1,0.0394004,0.05745,0.00891228,0.125,646,0
4.15741,-0.218186,-0.00788339,1,0.0394614,0.05745,0.00897327,0.125,647,0
4.16514,-0.220174,-0.006013,1,0.0395224,0.05745,0.00903426,0.125,648,0
4.17287,-0.222163,-0.00414262,1,0.0395834,0.05745,0.00909525,0.125,649,0
4.18061,-0.224151,-0.00227224,1,0.0396443,0.05745,0.00915624,0.125,650,0
4.18834,-0.226139,-0.000401857,1,0.0397053,0.05745,0.00921724,0.125,651,0
4.19608,-0.228128,0.00146852,1,0.0397663,0.05745,0.00927823,0.125,652,0
4.20381,-0.230116,0.00333891,1,0.0398273,0.05745,0.00933922,0.125,653,0
4.21155,-0.232105,0.00520929,1,0.0398883,0.05745,0.00940021,0.125,654,0
4.21928,-0.234093,0.00707967,1,0.0399493,0.05745,0.0094612,0.125,655,0
4.22701,-0.236081,0.00895005,1,0.0400103,0.05745,0.00952219,0.125,656,0
4.23475,-0.23807,0.0108204,1,0.0400713,0.05745,0.00958318,0.125,657,0
4.24248,-0.240058,0.0126908,1,0.0401323,0.05745,0.00964417,0.125,658,0
4.24984,-0.241951,0.0143515,1,0.0401933,0.05745,0.00970517,0.125,659,0
4.25712,-0.243823,0.015968,1,0.0402543,0.05745,0.00976616,0.125,660,0
4.26441,-0.245695,0.0175845,1,0.0403152,0.05745,0.00982715,0.125,661,0
4.27169,-0.247568,0.019201,1,0.0403762,0.05745,0.00988814,0.125,662,0
4.27897,-0.24944,0.0208175,1,0.0404372,0.05745,0.00994913,0.125,663,0
4.28625,-0.251312,0.0224341,1,0.0404982,0.05745,0.0100101,0.125,664,0
4.29353,-0.253185,0.0240506,1,0.0405592,0.05745,0.0100711,0.125,665,0
4.30081,-0.255057,0.0256671,1,0.0406202,0.05745,0.0101321,0.125,666,0
4.3081,-0.25693,0.0272836,1,0.0406812,0.05745,0.0101931,0.125,667,0
4.31538,-0.258802,0.0289001,1,0.0407422,0.05745,0.0102541,0.125,668,0
4.32266,-0.260674,0.0305166,1,0.0408032,0.05745,0.0103151,0.125,669,0
4.32991,-0.262434,0.0319453,1,0.0408642,0.05745,0.0103761,0.125,670,0
4.33703,-0.26374,0.0326125,1,0.0409252,0.05745,0.0104371,0.125,671,0
4.34415,-0.265046,0.0332797,1,0.0409862,0.05745,0.0104981,0.125,672,0
4.35126,-0.266352,0.033947,1,0.0410471,0.05745,0.010559,0.125,673,0
4.35838,-0.267657,0.0346142,1,0.0411081,0.05745,0.01062,0.125,674,0
4.3655,-0.268963,0.0352815,1,0.0411691,0.05745,0.010681,0.125,675,0
4.37262,-0.270269,0.0359487,1,0.0412301,0.05745,0.010742,0.125,676,0
4.37974,-0.271574,0.036616,1,0.0412911,0.05745,0.010803,0.125,677,0
4.38686,-0.27288,0.0372832,1,0.0413521,0.05745,0.010864,0.125,678,0
4.39397,-0.274186,0.0379505,1,0.0414131,0.05745,0.010925,0.125,679,0
4.40109,-0.275491,0.0386177,1,0.0414741,0.05745,0.010986,0.125,680,0
4.40821,-0.276797,0.039285,1,0.0415351,0.05745,0.011047,0.125,681,0
4.41522,-0.27811,0.0399747,1,0.0415961,0.05745,0.011108,0.125,682,0
4.42215,-0.279428,0.0406814,1,0.0416571,0.05745,0.011169,0.125,683,0
4.42908,-0.280746,0.0413881,1,0.0417181,0.05745,0.0112299,0.125,684,0
4.43601,-0.282064,0.0420948,1,0.041779,0.05745,0.0112909,0.125,685,0
4.44293,-0.283382,0.0428014,1,0.04184,0.05745,0.0113519,0.125,686,0
4.44986,-0.2847,0.0435081,1,0.041901,0.05745,0.0114129,0.125,687,0
4.45679,-0.286018,0.0442148,1,0.041962,0.05745,0.0114739,0.125,688,0
4.46372,-0.287336,0.0449215,1,0.042023,0.05745,0.0115349,0.125,689,0
4.47065,-0.288654,0.0456282,1,0.042084,0.05745,0.0115959,0.125,690,0
4.47757,-0.289972,0.0463349,1,0.042145,0.05745,0.0116569,0.125,691,0
4.4845,-0.29129,0.0470416,1,0.042206,0.05745,0.0117179,0.125,692,0
4.49143,-0.292608,0.0477483,1,0.042267,0.05745,0.0117789,0.125,693,0
4.4979,-0.293471,0.047975,1,0.042328,0.05745,0.0118399,0.125,694,0
4.50434,-0.294308,0.0481731,1,0.042389,0.05745,0.0119009,0.125,695,0
4.51079,-0.295144,0.0483712,1,0.0424499,0.05745,0.0119618,0.125,696,0
4.51723,-0.29598,0.0485694,1,0.0425109,0.05745,0.0120228,0.125,697,0
4.52367,-0.296817,0.0487675,1,0.0425719,0.05745,0.0120838,0.125,698,0
4.53012,-0.297653,0.0489656,1,0.0426329,0.05745,0.0121448,0.125,699,0
4.53656,-0.298489,0.0491637,1,0.0426939,0.05745,0.0122058,0.125,700,0
4.543,-0.299326,0.0493618,1,0.0427549,0.05745,0.0122668,0.125,701,0
4.54945,-0.300162,0.04956,1,0.0428159,0.05745,0.0123278,0.125,702,0
4.55589,-0.300999,0.0497581,1,0.0428769,0.05745,0.0123888,0.125,703,0
4.56233,-0.301835,0.0499562,1,0.0429379,0.05745,0.0124498,0.125,704,0
4.56879,-0.302657,0.0501603,1,0.0429989,0.05745,0.0125108,0.125,705,0
4.57527,-0.303448,0.0503771,1,0.0430599,0.05745,0.0125718,0.125,706,0
4.58175,-0.304239,0.0505939,1,0.0431208,0.05745,0.0126327,0.125,707,0
4.58823,-0.305031,0.0508108,1,0.0431818,0.05745,0.0126937,0.125,708,0
4.59472,-0.305822,0.0510276,1,0.0432428,0.05745,0.0127547,0.125,709,0
4.6012,-0.306613,0.0512444,1,0.0433038,0.05745,0.0128157,0.125,710,0
4.60768,-0.307404,0.0514613,1,0.0433648,0.05745,0.0128767,0.125,711,0
4.61416,-0.308196,0.0516781,1,0.0434258,0.05745,0.0129377,0.125,712,0
4.62065,-0.308987,0.0518949,1,0.0434868,0.05745,0.0129987,0.125,713,0
4.62713,-0.309778,0.0521118,1,0.0435478,0.05745,0.0130597,0.125,714,0
4.63361,-0.310569,0.0523286,1,0.0436088,0.05745,0.0131207,0.125,715,0
4.64009,-0.31136,0.0525454,1,0.0436698,0.05745,0.0131817,0.125,716,0
4.64557,-0.311893,0.0523337,1,0.0437308,0.05745,0.0132427,0.125,717,0
4.6506,-0.312312,0.051932,1,0.0437918,0.05745,0.0133037,0.125,718,0
4.65563,-0.31273,0.0515303,1,0.0438527,0.05745,0.0133646,0.125,719,0
4.66067,-0.313148,0.0511286,1,0.0439137,0.05745,0.0134256,0.125,720,0
4.6657,-0.313566,0.0507269,1,0.0439747,0.05745,0.0134866,0.125,721,0
4.67073,-0.313985,0.0503253,1,0.0440357,0.05745,0.0135476,0.125,722,0
4.67576,-0.314403,0.0499236,1,0.0440967,0.05745,0.0136086,0.125,723,0
4.6808,-0.314821,0.0495219,1,0.0441577,0.05745,0.0136696,0.125,724,0
4.68583,-0.31524,0.0491202,1,0.0442187,0.05745,0.0137306,0.125,725,0
4.69086,-0.315658,0.0487185,1,0.0442797,0.05745,0.0137916,0.125,726,0
4.69589,-0.316076,0.0483168,1,0.0443407,0.05745,0.0138526,0.125,727,0
4.70091,-0.316467,0.0478662,1,0.0444017,0.05745,0.0139136,0.125,728,0
4.7057,-0.316485,0.0467481,1,0.0444627,0.05745,0.0139746,0.125,729,0
4.71049,-0.316503,0.04563,1,0.0445236,0.05745,0.0140355,0.125,730,0
4.71528,-0.31652,0.0445119,1,0.0445846,0.05745,0.0140965,0.125,731,0
4.72007,-0.316538,0.0433938,1,0.0446456,0.05745,0.0141575,0.125,732,0
4.72487,-0.316556,0.0422757,1,0.0447066,0.05745,0.0142185,0.125,733,0
4.72966,-0.316573,0.0411576,1,0.0447676,0.05745,0.0142795,0.125,734,0
4.73445,-0.316591,0.0400395,1,0.0448286,0.05745,0.0143405,0.125,735,0
4.73924,-0.316609,0.0389215,1,0.0448896,0.05745,0.0144015,0.125,736,0
4.74403,-0.316626,0.0378034,1,0.0449506,0.05745,0.0144625,0.125,737,0
4.74883,-0.316644,0.0366853,1,0.0450116,0.05745,0.0145235,0.125,738,0
4.75362,-0.316662,0.0355672,1,0.0450726,0.05745,0.0145845,0.125,739,0
4.75849,-0.316557,0.0343219,1,0.0451336,0.05745,0.0146455,0.125,740,0
4.76348,-0.316299,0.0329173,1,0.0451946,0.05745,0.0147065,0.125,741,0
4.76846,-0.31604,0.0315127,1,0.0452555,0.05745,0.0147674,0.125,742,0
4.77344,-0.315782,0.030108,1,0.0453165,0.05745,0.0148284,0.125,743,0
4.77843,-0.315523,0.0287034,1,0.0453775,0.05745,0.0148894,0.125,744,0
4.78341,-0.315265,0.0272988,1,0.0454385,0.05745,0.0149504,0.125,745,0
4.78839,-0.315007,0.0258941,1,0.0454995,0.05745,0.0150114,0.125,746,0
4.79338,-0.314748,0.0244895,1,0.0455605,0.05745,0.0150724,0.125,747,0
4.79836,-0.31449,0.0230849,1,0.0456215,0.05745,0.0151334,0.125,748,0
4.80334,-0.314231,0.0216803,1,0.0456825,0.05745,0.0151944,0.125,749,0
4.80832,-0.313973,0.0202756,1,0.0457435,0.05745,0.0152554,0.125,750,0
4.81331,-0.313715,0.018871,1,0.0458045,0.05745,0.0153164,0.125,751,0
4.8179,-0.313201,0.0175924,1,0.0458655,0.05745,0.0153774,0.125,752,0
4.82241,-0.312633,0.0163414,1,0.0459264,0.0574501,0.0154383,0.125,753,0
4.82692,-0.312064,0.0150904,1,0.0459874,0.0574501,0.0154993,0.125,754,0
4.83143,-0.311495,0.0138393,1,0.0460484,0.0574501,0.0155603,0.125,755,0
4.83594,-0.310926,0.0125883,1,0.0461094,0.0574501,0.0156213,0.125,756,0
4.84045,-0.310357,0.0113373,1,0.0461704,0.0574501,0.0156823,0.125,757,0
4.84496,-0.309788,0.0100862,1,0.0462314,0.0574501,0.0157433,0.125,758,0
4.84946,-0.309219,0.00883523,1,0.0462924,0.0574501,0.0158043,0.125,759,0
4.85397,-0.30865,0.00758418,1,0.0463534,0.0574501,0.0158653,0.125,760,0
4.85848,-0.308081,0.00633317,1,0.0464144,0.0574501,0.0159263,0.125,761,0
4.86299,-0.307512,0.00508212,1,0.0464754,0.0574501,0.0159873,0.125,762,0
4.86735,-0.306916,0.00391319,1,0.0465364,0.0574501,0.0160483,0.125,763,0
4.8711,-0.306209,0.00308069,1,0.0465974,0.0574501,0.0161093,0.125,764,0
4.87485,-0.305502,0.00224817,1,0.0466583,0.0574501,0.0161702,0.125,765,0
4.8786,-0.304796,0.00141568,1,0.0467193,0.0574501,0.0162312,0.125,766,0
4.88235,-0.304089,0.000583154,1,0.0467803,0.0574501,0.0162922,0.125,767,0
4.8861,-0.303382,-0.000249343,1,0.0468413,0.0574501,0.0163532,0.125,768,0
4.88985,-0.302675,-0.00108186,1,0.0469023,0.0574501,0.0164142,0.125,769,0
4.8936,-0.301968,-0.00191436,1,0.0469633,0.0574501,0.0164752,0.125,770,0
4.89735,-0.301261,-0.00274688,1,0.0470243,0.0574501,0.0165362,0.125,771,0
4.9011,-0.300554,-0.00357938,1,0.0470853,0.0574501,0.0165972,0.125,772,0
4.90485,-0.299847,-0.0044119,1,0.0471463,0.0574501,0.0166582,0.125,773,0
4.9086,-0.29914,-0.0052444,1,0.0472073,0.0574501,0.0167192,0.125,774,0
4.91211,-0.298384,-0.00570789,1,0.0472683,0.0574501,0.0167802,0.125,775,0
4.91544,-0.29759,-0.00589657,1,0.0473293,0.0574501,0.0168411,0.125,776,0
4.91876,-0.296797,-0.00608524,1,0.0473902,0.0574501,0.0169021,0.125,777,0
4.92209,-0.296004,-0.00627392,1,0.0474512,0.0574501,0.0169631,0.125,778,0
4.92542,-0.29521,-0.0064626,1,0.0475122,0.0574501,0.0170241,0.125,779,0
4.92875,-0.294417,-0.00665128,1,0.0475732,0.0574501,0.0170851,0.125,780,0
4.93208,-0.293623,-0.00683996,1,0.0476342,0.0574501,0.0171461,0.125,781,0
4.93541,-0.29283,-0.00702864,1,0.0476952,0.0574501,0.0172071,0.125,782,0
4.93874,-0.292037,-0.00721731,1,0.0477562,0.0574501,0.0172681,0.125,783,0
4.94206,-0.291243,-0.00740599,1,0.0478172,0.0574501,0.0173291,0.125,784,0
4.94539,-0.29045,-0.00759467,1,0.0478782,0.0574501,0.0173901,0.125,785,0
4.94872,-0.289657,-0.00778334,1,0.0479392,0.0574501,0.0174511,0.125,786,0
4.95146,-0.288985,-0.00758746,1,0.0480002,0.0574501,0.0175121,0.125,787,0
4.95417,-0.28832,-0.00737141,1,0.0480611,0.0574501,0.017573,0.125,788,0
4.95689,-0.287655,-0.00715536,1,0.0481221,0.0574501,0.017634,0.125,789,0
4.9596,-0.286989,-0.00693932,1,0.0481831,0.0574501,0.017695,0.125,790,0
4.96231,-0.286324,-0.00672326,1,0.0482441,0.0574501,0.017756,0.125,791,0
4.96502,-0.285659,-0.00650722,1,0.0483051,0.0574501,0.017817,0.125,792,0
4.96773,-0.284993,-0.00629117,1,0.0483661,0.0574501,0.017878,0.125,793,0
4.97044,-0.284328,-0.00607512,1,0.0484271,0.0574501,0.017939,0.125,794,0
4.97316,-0.283663,-0.00585907,1,0.0484881,0.0574501,0.018,0.125,795,0
4.97587,-0.282998,-0.00564303,1,0.0485491,0.0574501,0.018061,0.125,796,0
4.97858,-0.282332,-0.00542698,1,0.0486101,0.0574501,0.018122,0.125,797,0
4.98112,-0.281656,-0.0051274,1,0.0486711,0.0574501,0.018183,0.125,798,0
4.98331,-0.280958,-0.00465734,1,0.048732,0.0574501,0.0182439,0.125,799,0
4.9855,-0.280259,-0.00418727,1,0.048793,0.0574501,0.0183049,0.125,800,0
4.98769,-0.279561,-0.00371721,1,0.048854,0.0574501,0.0183659,0.125,801,0
4.98989,-0.278862,-0.00324714,1,0.048915,0.0574501,0.0184269,0.125,802,0
4.99208,-0.278164,-0.00277708,1,0.048976,0.0574501,0.0184879,0.125,803,0
4.99427,-0.277465,-0.00230701,1,0.049037,0.0574501,0.0185489,0.125,804,0
4.99646,-0.276767,-0.00183696,1,0.049098,0.0574501,0.0186099,0.125,805,0
4.99865,-0.276068,-0.00136689,1,0.049159,0.0574501,0.0186709,0.125,806,0
5.00084,-0.27537,-0.00089683,1,0.04922,0.0574501,0.0187319,0.125,807,0
5.00303,-0.274671,-0.000426774,1,0.049281,0.0574501,0.0187929,0.125,808,0
5.00523,-0.273973,4.32971e-05,1,0.049342,0.0574501,0.0188539,0.125,809,0
5.00736,-0.273253,0.000503072,1,0.049403,0.0574501,0.0189149,0.125,810,0
5.00946,-0.272525,0.000958611,1,0.0494639,0.0574501,0.0189758,0.125,811,0
5.01157,-0.271797,0.00141414,1,0.0495249,0.0574501,0.0190368,0.125,812,0
5.01368,-0.271069,0.00186967,1,0.0495859,0.0574501,0.0190978,0.125,813,0
5.01578,-0.270341,0.0023252,1,0.0496469,0.0574501,0.0191588,0.125,814,0
5.01789,-0.269613,0.00278074,1,0.0497079,0.0574501,0.0192198,0.125,815,0
5.02,-0.268884,0.00323626,1,0.0497689,0.0574501,0.0192808,0.125,816,0
5.0221,-0.268156,0.0036918,1,0.0498299,0.0574501,0.0193418,0.125,817,0
5.02421,-0.267428,0.00414733,1,0.0498909,0.0574501,0.0194028,0.125,818,0
5.02632,-0.2667,0.00460285,1,0.0499519,0.0574501,0.0194638,0.125,819,0
5.02842,-0.265972,0.00505839,1,0.0500129,0.0574501,0.0195248,0.125,820,0
5.03051,-0.265242,0.00551119,1,0.0500739,0.0574501,0.0195858,0.125,821,0
5.03238,-0.264486,0.00593515,1,0.0501348,0.0574501,0.0196467,0.125,822,0
5.03425,-0.263731,0.0063591,1,0.0501958,0.0574501,0.0197077,0.125,823,0
5.03612,-0.262976,0.00678306,1,0.0502568,0.0574501,0.0197687,0.125,824,0
5.03799,-0.262221,0.00720701,1,0.0503178,0.0574501,0.0198297,0.125,825,0
5.03986,-0.261466,0.00763097,1,0.0503788,0.0574501,0.0198907,0.125,826,0
5.04172,-0.26071,0.00805492,1,0.0504398,0.0574501,0.0199517,0.125,827,0
5.04359,-0.259955,0.00847888,1,0.0505008,0.0574501,0.0200127,0.125,828,0
5.04546,-0.2592,0.00890283,1,0.0505618,0.0574501,0.0200737,0.125,829,0
5.04733,-0.258445,0.00932678,1,0.0506228,0.0574501,0.0201347,0.125,830,0
5.0492,-0.25769,0.00975074,1,0.0506838,0.0574501,0.0201957,0.125,831,0
5.05107,-0.256935,0.0101747,1,0.0507448,0.0574501,0.0202567,0.125,832,0
5.05286,-0.25617,0.0105622,1,0.0508058,0.0574501,0.0203177,0.125,833,0
5.05456,-0.255393,0.0109079,1,0.0508667,0.0574501,0.0203786,0.125,834,0
5.05627,-0.254617,0.0112536,1,0.0509277,0.0574501,0.0204396,0.125,835,0
5.05797,-0.253841,0.0115993,1,0.0509887,0.0574501,0.0205006,0.125,836,0
5.05967,-0.253065,0.011945,1,0.0510497,0.0574501,0.0205616,0.125,837,0
5.06137,-0.252289,0.0122908,1,0.0511107,0.0574501,0.0206226,0.125,838,0
5.06308,-0.251513,0.0126365,1,0.0511717,0.0574501,0.0206836,0.125,839,0
5.06478,-0.250737,0.0129822,1,0.0512327,0.0574501,0.0207446,0.125,840,0
5.06648,-0.249961,0.0133279,1,0.0512937,0.0574501,0.0208056,0.125,841,0
5.06818,-0.249184,0.0136737,1,0.0513547,0.0574501,0.0208666,0.125,842,0
5.06989,-0.248408,0.0140194,1,0.0514157,0.0574501,0.0209276,0.125,843,0
5.07159,-0.247632,0.0143651,1,0.0514767,0.0574501,0.0209886,0.125,844,0
5.07312,-0.246843,0.0145692,1,0.0515376,0.0574501,0.0210495,0.125,845,0
5.07462,-0.246052,0.0147477,1,0.0515986,0.0574501,0.0211105,0.125,846,0
5.07613,-0.245261,0.0149261,1,0.0516596,0.0574501,0.0211715,0.125,847,0
5.07763,-0.244469,0.0151046,1,0.0517206,0.0574501,0.0212325,0.125,848,0
5.07913,-0.243678,0.0152831,1,0.0517816,0.0574501,0.0212935,0.125,849,0
5.08063,-0.242887,0.0154615,1,0.0518426,0.0574501,0.0213545,0.125,850,0
5.08213,-0.242095,0.01564,1,0.0519036,0.0574501,0.0214155,0.125,851,0
5.08364,-0.241304,0.0158185,1,0.0519646,0.0574501,0.0214765,0.125,852,0
5.08514,-0.240513,0.0159969,1,0.0520256,0.0574501,0.0215375,0.125,853,0
5.08664,-0.239722,0.0161754,1,0.0520866,0.0574501,0.0215985,0.125,854,0
5.08814,-0.23893,0.0163539,1,0.0521476,0.0574501,0.0216595,0.125,855,0
5.08958,-0.238144,0.0165013,1,0.0522086,0.0574501,0.0217205,0.125,856,0
5.09082,-0.237376,0.0165442,1,0.0522695,0.0574501,0.0217814,0.125,857,0
5.09205,-0.236608,0.016587,1,0.0523305,0.0574501,0.0218424,0.125,858,0
5.09328,-0.235839,0.0166299,1,0.0523915,0.0574501,0.0219034,0.125,859,0
5.09452,-0.235071,0.0166727,1,0.0524525,0.0574501,0.0219644,0.125,860,0
5.09575,-0.234302,0.0167156,1,0.0525135,0.0574501,0.0220254,0.125,861,0
5.09698,-0.233534,0.0167584,1,0.0525745,0.0574501,0.0220864,0.125,862,0
5.09822,-0.232766,0.0168013,1,0.0526355,0.0574501,0.0221474,0.125,863,0
5.09945,-0.231997,0.0168441,1,0.0526965,0.0574501,0.0222084,0.125,864,0
5.10069,-0.231229,0.016887,1,0.0527575,0.0574501,0.0222694,0.125,865,0
5.10192,-0.230461,0.0169298,1,0.0528185,0.0574501,0.0223304,0.125,866,0
5.10315,-0.229692,0.0169727,1,0.0528795,0.0574501,0.0223914,0.125,867,0
5.10428,-0.228941,0.0169921,1,0.0529405,0.0574501,0.0224523,0.125,868,0
5.10533,-0.228201,0.0169967,1,0.0530014,0.0574501,0.0225133,0.125,869,0
5.10638,-0.22746,0.0170012,1,0.0530624,0.0574501,0.0225743,0.125,870,0
5.10744,-0.226719,0.0170058,1,0.0531234,0.0574501,0.0226353,0.125,871,0
5.10849,-0.225979,0.0170103,1,0.0531844,0.0574501,0.0226963,0.125,872,0
5.10954,-0.225238,0.0170149,1,0.0532454,0.0574501,0.0227573,0.125,873,0
5.1106,-0.224498,0.0170195,1,0.0533064,0.0574501,0.0228183,0.125,874,0
5.11165,-0.223757,0.017024,1,0.0533674,0.0574501,0.0228793,0.125,875,0
5.1127,-0.223017,0.0170286,1,0.0534284,0.0574501,0.0229403,0.125,876,0
5.11376,-0.222276,0.0170331,1,0.0534894,0.0574501,0.0230013,0.125,877,0
5.11481,-0.221536,0.0170377,1,0.0535504,0.0574501,0.0230623,0.125,878,0
5.11586,-0.220795,0.0170422,1,0.0536114,0.0574501,0.0231233,0.125,879,0
5.11672,-0.220205,0.01693,1,0.0536723,0.0574501,0.0231842,0.125,880,0
5.11758,-0.219616,0.0168168,1,0.0537333,0.0574501,0.0232452,0.125,881,0
5.11844,-0.219028,0.0167035,1,0.0537943,0.0574501,0.0233062,0.125,882,0
5.11929,-0.218439,0.0165903,1,0.0538553,0.0574501,0.0233672,0.125,883,0
5.12015,-0.21785,0.016477,1,0.0539163,0.0574501,0.0234282,0.125,884,0
5.12101,-0.217261,0.0163638,1,0.0539773,0.0574501,0.0234892,0.125,885,0
5.12187,-0.216673,0.0162505,1,0.0540383,0.0574501,0.0235502,0.125,886,0
5.12272,-0.216084,0.0161373,1,0.0540993,0.0574501,0.0236112,0.125,887,0
5.12358,-0.215495,0.016024,1,0.0541603,0.0574501,0.0236722,0.125,888,0
5.12444,-0.214906,0.0159108,1,0.0542213,0.0574501,0.0237332,0.125,889,0
5.1253,-0.214318,0.0157975,1,0.0542823,0.0574501,0.0237942,0.125,890,0
5.12598,-0.213746,0.0157468,1,0.0543432,0.0574501,0.0238551,0.125,891,0
5.12637,-0.213205,0.0158011,1,0.0544042,0.0574501,0.0239161,0.125,892,0
5.12676,-0.212664,0.0158555,1,0.0544652,0.0574501,0.0239771,0.125,893,0
5.12715,-0.212123,0.0159098,1,0.0545262,0.0574501,0.0240381,0.125,894,0
5.12754,-0.211582,0.0159642,1,0.0545872,0.0574501,0.0240991,0.125,895,0
5.12794,-0.21104,0.0160186,1,0.0546482,0.0574501,0.0241601,0.125,896,0
5.12833,-0.210499,0.0160729,1,0.0547092,0.0574501,0.0242211,0.125,897,0
5.12872,-0.209958,0.0161273,1,0.0547702,0.0574501,0.0242821,0.125,898,0
5.12911,-0.209417,0.0161816,1,0.0548312,0.0574501,0.0243431,0.125,899,0
5.13013,-0.208256,0.0161084,1,0.0548922,0.0574501,0.0244041,0.125,900,0
5.13127,-0.206989,0.0160131,1,0.0549532,0.0574501,0.0244651,0.125,901,0
5.1324,-0.205721,0.0159177,1,0.0550142,0.0574501,0.0245261,0.125,902,0
5.13306,-0.205182,0.0158256,1,0.0550751,0.0574501,0.024587,0.125,903,0
5.13357,-0.204881,0.0157346,1,0.0551361,0.0574501,0.024648,0.125,904,0
5.13408,-0.204581,0.0156436,1,0.0551971,0.0574501,0.024709,0.125,905,0
5.13459,-0.204281,0.0155526,1,0.0552581,0.0574501,0.02477,0.125,906,0
5.1351,-0.20398,0.0154616,1,0.0553191,0.0574501,0.024831,0.125,907,0
5.13561,-0.20368,0.0153706,1,0.0553801,0.0574501,0.024892,0.125,908,0
5.13612,-0.20338,0.0152796,1,0.0554411,0.0574501,0.024953,0.125,909,0
5.13663,-0.203079,0.0151885,1,0.0555021,0.0574501,0.025014,0.125,910,0
5.13714,-0.202779,0.0150975,1,0.0555631,0.0574501,0.025075,0.125,911,0
5.13765,-0.202479,0.0150065,1,0.0556241,0.0574501,0.025136,0.125,912,0
5.13816,-0.202178,0.0149155,1,0.0556851,0.0574501,0.025197,0.125,913,0
5.13867,-0.201878,0.0148245,1,0.055746,0.0574501,0.0252579,0.125,914,0
5.13918,-0.201578,0.0147335,1,0.055807,0.0574501,0.0253189,0.125,915,0
5.13969,-0.201277,0.0146425,1,0.055868,0.0574501,0.0253799,0.125,916,0
5.1402,-0.200977,0.0145514,1,0.055929,0.0574501,0.0254409,0.125,917,0
5.14071,-0.200677,0.0144604,1,0.05599,0.0574501,0.0255019,0.125,918,0
5.14122,-0.200376,0.0143694,1,0.056051,0.0574501,0.0255629,0.125,919,0
5.14173,-0.200076,0.0142784,1,0.056112,0.0574501,0.0256239,0.125,920,0
5.14224,-0.199776,0.0141874,1,0.056173,0.0574501,0.0256849,0.125,921,0
5.14275,-0.199475,0.0140964,1,0.056234,0.0574501,0.0257459,0.125,922,0
5.14326,-0.199175,0.0140054,1,0.056295,0.0574501,0.0258069,0.125,923,0
5.14377,-0.198875,0.0139143,1,0.056356,0.0574501,0.0258679,0.125,924,0
5.14428,-0.198574,0.0138233,1,0.056417,0.0574501,0.0259289,0.125,925,0
5.14479,-0.198274,0.0137323,1,0.0564779,0.0574501,0.0259898,0.125,926,0
5.1453,-0.197955,0.0136841,1,0.0565389,0.0574501,0.0260508,0.125,927,0
5.1458,-0.197626,0.0136595,1,0.0565999,0.0574501,0.0261118,0.125,928,0
5.1463,-0.197297,0.0136348,1,0.0566609,0.0574501,0.0261728,0.125,929,0
5.1468,-0.196968,0.0136102,1,0.0567219,0.0574501,0.0262338,0.125,930,0
5.1473,-0.196639,0.0135855,1,0.0567829,0.0574501,0.0262948,0.125,931,0
5.1478,-0.19631,0.0135609,1,0.0568439,0.0574501,0.0263558,0.125,932,0
5.1483,-0.19598,0.0135362,1,0.0569049,0.0574501,0.0264168,0.125,933,0
5.1488,-0.195651,0.0135116,1,0.0569659,0.0574501,0.0264778,0.125,934,0
5.1493,-0.195322,0.0134869,1,0.0570269,0.0574501,0.0265388,0.125,935,0
5.1498,-0.194993,0.0134623,1,0.0570879,0.0574501,0.0265998,0.125,936,0
5.1503,-0.194664,0.0134376,1,0.0571488,0.0574501,0.0266607,0.125,937,0
5.1508,-0.194335,0.013413,1,0.0572098,0.0574501,0.0267217,0.125,938,0
5.1513,-0.194006,0.0133883,1,0.0572708,0.0574501,0.0267827,0.125,939,0
5.15179,-0.193677,0.0133637,1,0.0573318,0.0574501,0.0268437,0.125,940,0
5.15229,-0.193347,0.013339,1,0.0573928,0.0574501,0.0269047,0.125,941,0
5.15279,-0.193018,0.0133144,1,0.0574538,0.0574501,0.0269657,0.125,942,0
5.15329,-0.192689,0.0132897,1,0.0575148,0.0574501,0.0270267,0.125,943,0
5.15379,-0.19236,0.0132651,1,0.0575758,0.0574501,0.0270877,0.125,944,0
5.15429,-0.192031,0.0132404,1,0.0576368,0.0574501,0.0271487,0.125,945,0
5.15479,-0.191702,0.0132158,1,0.0576978,0.0574501,0.0272097,0.125,946,0
5.15529,-0.191373,0.0131911,1,0.0577588,0.0574501,0.0272707,0.125,947,0
5.15579,-0.191043,0.0131665,1,0.0578198,0.0574501,0.0273317,0.125,948,0
5.15629,-0.190714,0.0131418,1,0.0578807,0.0574501,0.0273926,0.125,949,0
5.15679,-0.190385,0.0131172,1,0.0579417,0.0574501,0.0274536,0.125,950,0
5.15729,-0.190056,0.0130925,1,0.0580027,0.0574501,0.0275146,0.125,951,0
5.15779,-0.189727,0.0130679,1,0.0580637,0.0574501,0.0275756,0.125,952,0
5.15823,-0.189415,0.0130549,1,0.0581247,0.0574501,0.0276366,0.125,953,0
5.15861,-0.189118,0.0130528,1,0.0581857,0.0574501,0.0276976,0.125,954,0
5.159,-0.188821,0.0130506,1,0.0582467,0.0574501,0.0277586,0.125,955,0
5.15938,-0.188524,0.0130485,1,0.0583077,0.0574501,0.0278196,0.125,956,0
5.15976,-0.188228,0.0130464,1,0.0583687,0.0574501,0.0278806,0.125,957,0
5.16014,-0.187931,0.0130442,1,0.0584297,0.0574501,0.0279416,0.125,958,0
5.16052,-0.187634,0.0130421,1,0.0584907,0.0574501,0.0280026,0.125,959,0
5.16091,-0.187338,0.01304,1,0.0585517,0.0574501,0.0280635,0.125,960,0
5.16129,-0.187041,0.0130378,1,0.0586126,0.0574501,0.0281245,0.125,961,0
5.16167,-0.186744,0.0130357,1,0.0586736,0.0574501,0.0281855,0.125,962,0
5.16205,-0.186448,0.0130336,1,0.0587346,0.0574501,0.0282465,0.125,963,0
5.16244,-0.186151,0.0130314,1,0.0587956,0.0574501,0.0283075,0.125,964,0
5.16282,-0.185854,0.0130293,1,0.0588566,0.0574501,0.0283685,0.125,965,0
5.1632,-0.185558,0.0130272,1,0.0589176,0.0574501,0.0284295,0.125,966,0
5.16358,-0.185261,0.0130251,1,0.0589786,0.0574501,0.0284905,0.125,967,0
5.16396,-0.184964,0.0130229,1,0.0590396,0.0574501,0.0285515,0.125,968,0
5.16435,-0.184667,0.0130208,1,0.0591006,0.0574501,0.0286125,0.125,969,0
5.16473,-0.184371,0.0130187,1,0.0591616,0.0574501,0.0286735,0.125,970,0
5.16511,-0.184074,0.0130165,1,0.0592226,0.0574501,0.0287345,0.125,971,0
5.16549,-0.183777,0.0130144,1,0.0592835,0.0574501,0.0287954,0.125,972,0
5.16587,-0.183481,0.0130123,1,0.0593445,0.0574501,0.0288564,0.125,973,0
5.16626,-0.183184,0.0130101,1,0.0594055,0.0574501,0.0289174,0.125,974,0
5.16664,-0.182887,0.013008,1,0.0594665,0.0574501,0.0289784,0.125,975,0
5.16702,-0.182591,0.0130059,1,0.0595275,0.0574501,0.0290394,0.125,976,0
5.16721,-0.182439,0.0130047,1,0.0595885,0.0574501,0.0291004,0.125,977,0
5.16733,-0.182335,0.0130039,1,0.0596495,0.0574501,0.0291614,0.125,978,0
5.16745,-0.182232,0.013003,1,0.0597105,0.0574501,0.0292224,0.125,979,0
5.16757,-0.182128,0.0130022,1,0.0597715,0.0574501,0.0292834,0.125,980,0
5.1677,-0.182025,0.0130013,1,0.0598325,0.0574501,0.0293444,0.125,981,0
5.16782,-0.181921,0.0130005,1,0.0598935,0.0574501,0.0294054,0.125,982,0
5.16794,-0.181818,0.0129997,1,0.0599544,0.0574501,0.0294663,0.125,983,0
5.16806,-0.181714,0.0129988,1,0.0600154,0.0574501,0.0295273,0.125,984,0
5.16818,-0.181611,0.012998,1,0.0600764,0.0574501,0.0295883,0.125,985,0
5.1683,-0.181507,0.0129971,1,0.0601374,0.0574501,0.0296493,0.125,986,0
5.16843,-0.181404,0.0129963,1,0.0601984,0.0574501,0.0297103,0.125,987,0
5.16855,-0.1813,0.0129955,1,0.0602594,0.0574501,0.0297713,0.125,988,0
5.16867,-0.181197,0.0129946,1,0.0603204,0.0574501,0.0298323,0.125,989,0
5.16879,-0.181093,0.0129938,1,0.0603814,0.0574501,0.0298933,0.125,990,0
5.16891,-0.180989,0.0129929,1,0.0604424,0.0574501,0.0299543,0.125,991,0
5.16904,-0.180886,0.0129921,1,0.0605034,0.0574501,0.0300153,0.125,992,0
5.16916,-0.180782,0.0129913,1,0.0605644,0.0574501,0.0300763,0.125,993,0
5.16928,-0.180679,0.0129904,1,0.0606254,0.0574501,0.0301373,0.125,994,0
5.1694,-0.180575,0.0129896,1,0.0606863,0.0574501,0.0301982,0.125,995,0
5.16952,-0.180472,0.0129887,1,0.0607473,0.0574501,0.0302592,0.125,996,0
5.16965,-0.180368,0.0129879,1,0.0608083,0.0574501,0.0303202,0.125,997,0
5.16977,-0.180265,0.0129871,1,0.0608693,0.0574501,0.0303812,0.125,998,0
nan,nan,nan,0,0.0609303,0.0574501,0.0304422,0.125,999,0
nan,nan,nan,0,0.0609913,0.0574501,0.0305032,0.125,1000,0
