k,vtkValidPointMask,arc_length,Points:0,Points:1,Points:2,vtkOriginalIndices,__vtkIsSelected__
nan,0,0,0.0075,0,0.125,0,0
0.00337823,1,9.78131e-05,0.00759781,0,0.125,1,0
0.00879486,1,0.000195626,0.00769563,0,0.125,2,0
0.0133028,1,0.000293439,0.00779344,0,0.125,3,0
0.0161186,1,0.000391252,0.00789125,0,0.125,4,0
0.0179876,1,0.000489065,0.00798906,0,0.125,5,0
0.0193096,1,0.000586878,0.00808688,0,0.125,6,0
0.019876,1,0.000684691,0.00818469,0,0.125,7,0
0.0204088,1,0.000782504,0.0082825,0,0.125,8,0
0.0206333,1,0.000880317,0.00838032,0,0.125,9,0
0.0208578,1,0.00097813,0.00847813,0,0.125,10,0
0.0210022,1,0.00107594,0.00857594,0,0.125,11,0
0.0211265,1,0.00117376,0.00867376,0,0.125,12,0
0.0212518,1,0.00127157,0.00877157,0,0.125,13,0
0.0214018,1,0.00136938,0.00886938,0,0.125,14,0
0.0215518,1,0.00146719,0.00896719,0,0.125,15,0
0.0217018,1,0.00156501,0.00906501,0,0.125,16,0
0.0218902,1,0.00166282,0.00916282,0,0.125,17,0
0.022093,1,0.00176063,0.00926063,0,0.125,18,0
0.0222958,1,0.00185845,0.00935845,0,0.125,19,0
0.0224986,1,0.00195626,0.00945626,0,0.125,20,0
0.0227947,1,0.00205407,0.00955407,0,0.125,21,0
0.0231212,1,0.00215189,0.00965189,0,0.125,22,0
0.0234476,1,0.0022497,0.0097497,0,0.125,23,0
0.0237743,1,0.00234751,0.00984751,0,0.125,24,0
0.0241044,1,0.00244532,0.00994532,0,0.125,25,0
0.0244345,1,0.00254314,0.0100431,0,0.125,26,0
0.0247647,1,0.00264095,0.010141,0,0.125,27,0
0.0250948,1,0.00273876,0.0102388,0,0.125,28,0
0.025425,1,0.00283658,0.0103366,0,0.125,29,0
0.0258145,1,0.00293439,0.0104344,0,0.125,30,0
0.0262297,1,0.0030322,0.0105322,0,0.125,31,0
0.026645,1,0.00313002,0.01063,0,0.125,32,0
0.0270602,1,0.00322783,0.0107278,0,0.125,33,0
0.0274755,1,0.00332564,0.0108256,0,0.125,34,0
0.0279052,1,0.00342345,0.0109235,0,0.125,35,0
0.0283726,1,0.00352127,0.0110213,0,0.125,36,0
0.02884,1,0.00361908,0.0111191,0,0.125,37,0
0.0293074,1,0.00371689,0.0112169,0,0.125,38,0
0.0297748,1,0.00381471,0.0113147,0,0.125,39,0
0.0302422,1,0.00391252,0.0114125,0,0.125,40,0
0.0307384,1,0.00401033,0.0115103,0,0.125,41,0
0.0312423,1,0.00410815,0.0116081,0,0.125,42,0
0.0317463,1,0.00420596,0.011706,0,0.125,43,0
0.0322503,1,0.00430377,0.0118038,0,0.125,44,0
0.0327543,1,0.00440159,0.0119016,0,0.125,45,0
0.0332732,1,0.0044994,0.0119994,0,0.125,46,0
0.0338409,1,0.00459721,0.0120972,0,0.125,47,0
0.0344086,1,0.00469502,0.012195,0,0.125,48,0
0.0349762,1,0.00479284,0.0122928,0,0.125,49,0
0.0355439,1,0.00489065,0.0123906,0,0.125,50,0
0.0361116,1,0.00498846,0.0124885,0,0.125,51,0
0.0367291,1,0.00508628,0.0125863,0,0.125,52,0
0.0373738,1,0.00518409,0.0126841,0,0.125,53,0
0.0380185,1,0.0052819,0.0127819,0,0.125,54,0
0.0386632,1,0.00537972,0.0128797,0,0.125,55,0
0.0393079,1,0.00547753,0.0129775,0,0.125,56,0
0.0399556,1,0.00557534,0.0130753,0,0.125,57,0
0.0406617,1,0.00567315,0.0131732,0,0.125,58,0
0.0413677,1,0.00577097,0.013271,0,0.125,59,0
0.0420738,1,0.00586878,0.0133688,0,0.125,60,0
0.0427799,1,0.00596659,0.0134666,0,0.125,61,0
0.0434859,1,0.00606441,0.0135644,0,0.125,62,0
0.0442168,1,0.00616222,0.0136622,0,0.125,63,0
0.0449794,1,0.00626003,0.01376,0,0.125,64,0
0.045742,1,0.00635785,0.0138578,0,0.125,65,0
0.0465046,1,0.00645566,0.0139557,0,0.125,66,0
0.0472672,1,0.00655347,0.0140535,0,0.125,67,0
0.0480298,1,0.00665128,0.0141513,0,0.125,68,0
0.0488349,1,0.0067491,0.0142491,0,0.125,69,0
0.04965,1,0.00684691,0.0143469,0,0.125,70,0
0.050465,1,0.00694472,0.0144447,0,0.125,71,0
0.0512801,1,0.00704254,0.0145425,0,0.125,72,0
0.0520951,1,0.00714035,0.0146403,0,0.125,73,0
0.0529184,1,0.00723816,0.0147382,0,0.125,74,0
0.0537814,1,0.00733598,0.014836,0,0.125,75,0
0.0546444,1,0.00743379,0.0149338,0,0.125,76,0
0.0555073,1,0.0075316,0.0150316,0,0.125,77,0
0.0563703,1,0.00762941,0.0151294,0,0.125,78,0
0.0572333,1,0.00772723,0.0152272,0,0.125,79,0
0.0581133,1,0.00782504,0.015325,0,0.125,80,0
0.0590089,1,0.00792285,0.0154229,0,0.125,81,0
0.0599045,1,0.00802067,0.0155207,0,0.125,82,0
0.0608001,1,0.00811848,0.0156185,0,0.125,83,0
0.0616957,1,0.00821629,0.0157163,0,0.125,84,0
0.0625913,1,0.0083141,0.0158141,0,0.125,85,0
0.0635074,1,0.00841192,0.0159119,0,0.125,86,0
0.0644276,1,0.00850973,0.0160097,0,0.125,87,0
0.0653478,1,0.00860754,0.0161075,0,0.125,88,0
0.066268,1,0.00870536,0.0162054,0,0.125,89,0
0.0671882,1,0.00880317,0.0163032,0,0.125,90,0
0.0681171,1,0.00890098,0.016401,0,0.125,91,0
0.0690924,1,0.0089988,0.0164988,0,0.125,92,0
0.0700677,1,0.00909661,0.0165966,0,0.125,93,0
0.071043,1,0.00919442,0.0166944,0,0.125,94,0
0.0720183,1,0.00929224,0.0167922,0,0.125,95,0
0.0729935,1,0.00939005,0.01689,0,0.125,96,0
0.0740101,1,0.00948786,0.0169879,0,0.125,97,0
0.0750651,1,0.00958567,0.0170857,0,0.125,98,0
0.0761201,1,0.00968349,0.0171835,0,0.125,99,0
0.0771751,1,0.0097813,0.0172813,0,0.125,100,0
0.0782302,1,0.00987911,0.0173791,0,0.125,101,0
0.0792852,1,0.00997693,0.0174769,0,0.125,102,0
0.0803868,1,0.0100747,0.0175747,0,0.125,103,0
0.0814942,1,0.0101726,0.0176726,0,0.125,104,0
0.0826017,1,0.0102704,0.0177704,0,0.125,105,0
0.0837092,1,0.0103682,0.0178682,0,0.125,106,0
0.0848167,1,0.010466,0.017966,0,0.125,107,0
0.0859323,1,0.0105638,0.0180638,0,0.125,108,0
0.0870681,1,0.0106616,0.0181616,0,0.125,109,0
0.088204,1,0.0107594,0.0182594,0,0.125,110,0
0.0893398,1,0.0108572,0.0183572,0,0.125,111,0
0.0904757,1,0.0109551,0.0184551,0,0.125,112,0
0.0916115,1,0.0110529,0.0185529,0,0.125,113,0
0.0927514,1,0.0111507,0.0186507,0,0.125,114,0
0.0938907,1,0.0112485,0.0187485,0,0.125,115,0
0.09503,1,0.0113463,0.0188463,0,0.125,116,0
0.0961693,1,0.0114441,0.0189441,0,0.125,117,0
0.0973085,1,0.0115419,0.0190419,0,0.125,118,0
0.0984478,1,0.0116397,0.0191397,0,0.125,119,0
0.0995811,1,0.0117376,0.0192376,0,0.125,120,0
0.100712,1,0.0118354,0.0193354,0,0.125,121,0
0.101844,1,0.0119332,0.0194332,0,0.125,122,0
0.102975,1,0.012031,0.019531,0,0.125,123,0
0.104107,1,0.0121288,0.0196288,0,0.125,124,0
0.105242,1,0.0122266,0.0197266,0,0.125,125,0
0.106382,1,0.0123244,0.0198244,0,0.125,126,0
0.107523,1,0.0124223,0.0199223,0,0.125,127,0
0.108663,1,0.0125201,0.0200201,0,0.125,128,0
0.109804,1,0.0126179,0.0201179,0,0.125,129,0
0.110944,1,0.0127157,0.0202157,0,0.125,130,0
0.112119,1,0.0128135,0.0203135,0,0.125,131,0
0.113307,1,0.0129113,0.0204113,0,0.125,132,0
0.114495,1,0.0130091,0.0205091,0,0.125,133,0
0.115683,1,0.0131069,0.0206069,0,0.125,134,0
0.116871,1,0.0132048,0.0207048,0,0.125,135,0
0.118067,1,0.0133026,0.0208026,0,0.125,136,0
0.119335,1,0.0134004,0.0209004,0,0.125,137,0
0.120603,1,0.0134982,0.0209982,0,0.125,138,0
0.121872,1,0.013596,0.021096,0,0.125,139,0
0.12314,1,0.0136938,0.0211938,0,0.125,140,0
0.124408,1,0.0137916,0.0212916,0,0.125,141,0
0.125714,1,0.0138894,0.0213894,0,0.125,142,0
0.127061,1,0.0139873,0.0214873,0,0.125,143,0
0.128408,1,0.0140851,0.0215851,0,0.125,144,0
0.129756,1,0.0141829,0.0216829,0,0.125,145,0
0.131103,1,0.0142807,0.0217807,0,0.125,146,0
0.13245,1,0.0143785,0.0218785,0,0.125,147,0
0.133841,1,0.0144763,0.0219763,0,0.125,148,0
0.135239,1,0.0145741,0.0220741,0,0.125,149,0
0.136637,1,0.0146719,0.0221719,0,0.125,150,0
0.138034,1,0.0147698,0.0222698,0,0.125,151,0
0.139432,1,0.0148676,0.0223676,0,0.125,152,0
0.140842,1,0.0149654,0.0224654,0,0.125,153,0
0.142289,1,0.0150632,0.0225632,0,0.125,154,0
0.143735,1,0.015161,0.022661,0,0.125,155,0
0.145182,1,0.0152588,0.0227588,0,0.125,156,0
0.146629,1,0.0153566,0.0228566,0,0.125,157,0
0.148075,1,0.0154545,0.0229545,0,0.125,158,0
0.149571,1,0.0155523,0.0230523,0,0.125,159,0
0.151097,1,0.0156501,0.0231501,0,0.125,160,0
0.152623,1,0.0157479,0.0232479,0,0.125,161,0
0.154149,1,0.0158457,0.0233457,0,0.125,162,0
0.155675,1,0.0159435,0.0234435,0,0.125,163,0
0.157201,1,0.0160413,0.0235413,0,0.125,164,0
0.158829,1,0.0161391,0.0236391,0,0.125,165,0
0.160457,1,0.016237,0.023737,0,0.125,166,0
0.162086,1,0.0163348,0.0238348,0,0.125,167,0
0.163714,1,0.0164326,0.0239326,0,0.125,168,0
0.165342,1,0.0165304,0.0240304,0,0.125,169,0
0.166992,1,0.0166282,0.0241282,0,0.125,170,0
0.168675,1,0.016726,0.024226,0,0.125,171,0
0.170358,1,0.0168238,0.0243238,0,0.125,172,0
0.172041,1,0.0169216,0.0244216,0,0.125,173,0
0.173724,1,0.0170195,0.0245195,0,0.125,174,0
0.175407,1,0.0171173,0.0246173,0,0.125,175,0
0.177083,1,0.0172151,0.0247151,0,0.125,176,0
0.178758,1,0.0173129,0.0248129,0,0.125,177,0
0.180434,1,0.0174107,0.0249107,0,0.125,178,0
0.182109,1,0.0175085,0.0250085,0,0.125,179,0
0.183784,1,0.0176063,0.0251063,0,0.125,180,0
0.185452,1,0.0177042,0.0252042,0,0.125,181,0
0.187087,1,0.017802,0.025302,0,0.125,182,0
0.188722,1,0.0178998,0.0253998,0,0.125,183,0
0.190358,1,0.0179976,0.0254976,0,0.125,184,0
0.191993,1,0.0180954,0.0255954,0,0.125,185,0
0.193628,1,0.0181932,0.0256932,0,0.125,186,0
0.195242,1,0.018291,0.025791,0,0.125,187,0
0.19684,1,0.0183888,0.0258888,0,0.125,188,0
0.198437,1,0.0184867,0.0259867,0,0.125,189,0
0.200035,1,0.0185845,0.0260845,0,0.125,190,0
0.201633,1,0.0186823,0.0261823,0,0.125,191,0
0.20323,1,0.0187801,0.0262801,0,0.125,192,0
0.204786,1,0.0188779,0.0263779,0,0.125,193,0
0.20634,1,0.0189757,0.0264757,0,0.125,194,0
0.207893,1,0.0190735,0.0265735,0,0.125,195,0
0.209447,1,0.0191713,0.0266713,0,0.125,196,0
0.211,1,0.0192692,0.0267692,0,0.125,197,0
0.212529,1,0.019367,0.026867,0,0.125,198,0
0.214009,1,0.0194648,0.0269648,0,0.125,199,0
0.215488,1,0.0195626,0.0270626,0,0.125,200,0
0.216968,1,0.0196604,0.0271604,0,0.125,201,0
0.218448,1,0.0197582,0.0272582,0,0.125,202,0
0.219927,1,0.019856,0.027356,0,0.125,203,0
0.221319,1,0.0199539,0.0274539,0,0.125,204,0
0.222678,1,0.0200517,0.0275517,0,0.125,205,0
0.224037,1,0.0201495,0.0276495,0,0.125,206,0
0.225395,1,0.0202473,0.0277473,0,0.125,207,0
0.226754,1,0.0203451,0.0278451,0,0.125,208,0
0.228076,1,0.0204429,0.0279429,0,0.125,209,0
0.229109,1,0.0205407,0.0280407,0,0.125,210,0
0.230141,1,0.0206385,0.0281385,0,0.125,211,0
0.231174,1,0.0207364,0.0282364,0,0.125,212,0
0.232207,1,0.0208342,0.0283342,0,0.125,213,0
0.233239,1,0.020932,0.028432,0,0.125,214,0
0.234302,1,0.0210298,0.0285298,0,0.125,215,0
0.235394,1,0.0211276,0.0286276,0,0.125,216,0
0.236487,1,0.0212254,0.0287254,0,0.125,217,0
0.237579,1,0.0213232,0.0288232,0,0.125,218,0
0.238671,1,0.021421,0.028921,0,0.125,219,0
0.239764,1,0.0215189,0.0290189,0,0.125,220,0
0.24084,1,0.0216167,0.0291167,0,0.125,221,0
0.241914,1,0.0217145,0.0292145,0,0.125,222,0
0.242988,1,0.0218123,0.0293123,0,0.125,223,0
0.244062,1,0.0219101,0.0294101,0,0.125,224,0
0.245136,1,0.0220079,0.0295079,0,0.125,225,0
0.246122,1,0.0221057,0.0296057,0,0.125,226,0
0.246884,1,0.0222036,0.0297036,0,0.125,227,0
0.247647,1,0.0223014,0.0298014,0,0.125,228,0
0.248409,1,0.0223992,0.0298992,0,0.125,229,0
0.249171,1,0.022497,0.029997,0,0.125,230,0
0.249933,1,0.0225948,0.0300948,0,0.125,231,0
0.250584,1,0.0226926,0.0301926,0,0.125,232,0
0.251179,1,0.0227904,0.0302904,0,0.125,233,0
0.251774,1,0.0228882,0.0303882,0,0.125,234,0
0.252369,1,0.0229861,0.0304861,0,0.125,235,0
0.252964,1,0.0230839,0.0305839,0,0.125,236,0
0.253549,1,0.0231817,0.0306817,0,0.125,237,0
0.253972,1,0.0232795,0.0307795,0,0.125,238,0
0.254394,1,0.0233773,0.0308773,0,0.125,239,0
0.254816,1,0.0234751,0.0309751,0,0.125,240,0
0.255238,1,0.0235729,0.0310729,0,0.125,241,0
0.25566,1,0.0236707,0.0311707,0,0.125,242,0
0.255998,1,0.0237686,0.0312686,0,0.125,243,0
0.256232,1,0.0238664,0.0313664,0,0.125,244,0
0.256467,1,0.0239642,0.0314642,0,0.125,245,0
0.256701,1,0.024062,0.031562,0,0.125,246,0
0.256935,1,0.0241598,0.0316598,0,0.125,247,0
0.257169,1,0.0242576,0.0317576,0,0.125,248,0
0.257262,1,0.0243554,0.0318554,0,0.125,249,0
0.257327,1,0.0244532,0.0319532,0,0.125,250,0
0.257392,1,0.0245511,0.0320511,0,0.125,251,0
0.257457,1,0.0246489,0.0321489,0,0.125,252,0
0.257521,1,0.0247467,0.0322467,0,0.125,253,0
0.257551,1,0.0248445,0.0323445,0,0.125,254,0
0.25746,1,0.0249423,0.0324423,0,0.125,255,0
0.257369,1,0.0250401,0.0325401,0,0.125,256,0
0.257277,1,0.0251379,0.0326379,0,0.125,257,0
0.257186,1,0.0252358,0.0327358,0,0.125,258,0
0.257094,1,0.0253336,0.0328336,0,0.125,259,0
0.256915,1,0.0254314,0.0329314,0,0.125,260,0
0.25668,1,0.0255292,0.0330292,0,0.125,261,0
0.256444,1,0.025627,0.033127,0,0.125,262,0
0.256209,1,0.0257248,0.0332248,0,0.125,263,0
0.255973,1,0.0258226,0.0333226,0,0.125,264,0
0.255738,1,0.0259204,0.0334204,0,0.125,265,0
0.255381,1,0.0260183,0.0335183,0,0.125,266,0
0.255023,1,0.0261161,0.0336161,0,0.125,267,0
0.254665,1,0.0262139,0.0337139,0,0.125,268,0
0.254306,1,0.0263117,0.0338117,0,0.125,269,0
0.253948,1,0.0264095,0.0339095,0,0.125,270,0
0.253554,1,0.0265073,0.0340073,0,0.125,271,0
0.253099,1,0.0266051,0.0341051,0,0.125,272,0
0.252645,1,0.0267029,0.0342029,0,0.125,273,0
0.25219,1,0.0268008,0.0343008,0,0.125,274,0
0.251736,1,0.0268986,0.0343986,0,0.125,275,0
0.251281,1,0.0269964,0.0344964,0,0.125,276,0
0.250767,1,0.0270942,0.0345942,0,0.125,277,0
0.250234,1,0.027192,0.034692,0,0.125,278,0
0.249701,1,0.0272898,0.0347898,0,0.125,279,0
0.249169,1,0.0273876,0.0348876,0,0.125,280,0
0.248636,1,0.0274855,0.0349855,0,0.125,281,0
0.248094,1,0.0275833,0.0350833,0,0.125,282,0
0.247502,1,0.0276811,0.0351811,0,0.125,283,0
0.246909,1,0.0277789,0.0352789,0,0.125,284,0
0.246317,1,0.0278767,0.0353767,0,0.125,285,0
0.245724,1,0.0279745,0.0354745,0,0.125,286,0
0.245132,1,0.0280723,0.0355723,0,0.125,287,0
0.244518,1,0.0281701,0.0356701,0,0.125,288,0
0.243885,1,0.028268,0.035768,0,0.125,289,0
0.243252,1,0.0283658,0.0358658,0,0.125,290,0
0.242619,1,0.0284636,0.0359636,0,0.125,291,0
0.241986,1,0.0285614,0.0360614,0,0.125,292,0
0.241353,1,0.0286592,0.0361592,0,0.125,293,0
0.240694,1,0.028757,0.036257,0,0.125,294,0
0.240034,1,0.0288548,0.0363548,0,0.125,295,0
0.239373,1,0.0289526,0.0364526,0,0.125,296,0
0.238712,1,0.0290505,0.0365505,0,0.125,297,0
0.238052,1,0.0291483,0.0366483,0,0.125,298,0
0.237387,1,0.0292461,0.0367461,0,0.125,299,0
0.236712,1,0.0293439,0.0368439,0,0.125,300,0
0.236037,1,0.0294417,0.0369417,0,0.125,301,0
0.235362,1,0.0295395,0.0370395,0,0.125,302,0
0.234687,1,0.0296373,0.0371373,0,0.125,303,0
0.234012,1,0.0297352,0.0372352,0,0.125,304,0
0.23333,1,0.029833,0.037333,0,0.125,305,0
0.232646,1,0.0299308,0.0374308,0,0.125,306,0
0.231962,1,0.0300286,0.0375286,0,0.125,307,0
0.231277,1,0.0301264,0.0376264,0,0.125,308,0
0.230593,1,0.0302242,0.0377242,0,0.125,309,0
0.229909,1,0.030322,0.037822,0,0.125,310,0
0.229221,1,0.0304198,0.0379198,0,0.125,311,0
0.228533,1,0.0305177,0.0380177,0,0.125,312,0
0.227846,1,0.0306155,0.0381155,0,0.125,313,0
0.227158,1,0.0307133,0.0382133,0,0.125,314,0
0.22647,1,0.0308111,0.0383111,0,0.125,315,0
0.225782,1,0.0309089,0.0384089,0,0.125,316,0
0.225094,1,0.0310067,0.0385067,0,0.125,317,0
0.224405,1,0.0311045,0.0386045,0,0.125,318,0
0.223716,1,0.0312023,0.0387023,0,0.125,319,0
0.223028,1,0.0313002,0.0388002,0,0.125,320,0
0.222339,1,0.031398,0.038898,0,0.125,321,0
0.221656,1,0.0314958,0.0389958,0,0.125,322,0
0.220974,1,0.0315936,0.0390936,0,0.125,323,0
0.220291,1,0.0316914,0.0391914,0,0.125,324,0
0.219609,1,0.0317892,0.0392892,0,0.125,325,0
0.218926,1,0.031887,0.039387,0,0.125,326,0
0.218247,1,0.0319849,0.0394849,0,0.125,327,0
0.217577,1,0.0320827,0.0395827,0,0.125,328,0
0.216907,1,0.0321805,0.0396805,0,0.125,329,0
0.216237,1,0.0322783,0.0397783,0,0.125,330,0
0.215567,1,0.0323761,0.0398761,0,0.125,331,0
0.214896,1,0.0324739,0.0399739,0,0.125,332,0
0.214234,1,0.0325717,0.0400717,0,0.125,333,0
0.213577,1,0.0326695,0.0401695,0,0.125,334,0
0.21292,1,0.0327674,0.0402674,0,0.125,335,0
0.212263,1,0.0328652,0.0403652,0,0.125,336,0
0.211605,1,0.032963,0.040463,0,0.125,337,0
0.210948,1,0.0330608,0.0405608,0,0.125,338,0
0.210297,1,0.0331586,0.0406586,0,0.125,339,0
0.209646,1,0.0332564,0.0407564,0,0.125,340,0
0.208996,1,0.0333542,0.0408542,0,0.125,341,0
0.208345,1,0.033452,0.040952,0,0.125,342,0
0.207694,1,0.0335499,0.0410499,0,0.125,343,0
0.207049,1,0.0336477,0.0411477,0,0.125,344,0
0.206413,1,0.0337455,0.0412455,0,0.125,345,0
0.205777,1,0.0338433,0.0413433,0,0.125,346,0
0.205141,1,0.0339411,0.0414411,0,0.125,347,0
0.204505,1,0.0340389,0.0415389,0,0.125,348,0
0.20387,1,0.0341367,0.0416367,0,0.125,349,0
0.203255,1,0.0342345,0.0417346,0,0.125,350,0
0.202648,1,0.0343324,0.0418324,0,0.125,351,0
0.202041,1,0.0344302,0.0419302,0,0.125,352,0
0.201434,1,0.034528,0.042028,0,0.125,353,0
0.200827,1,0.0346258,0.0421258,0,0.125,354,0
0.200222,1,0.0347236,0.0422236,0,0.125,355,0
0.199631,1,0.0348214,0.0423214,0,0.125,356,0
0.19904,1,0.0349192,0.0424192,0,0.125,357,0
0.198448,1,0.0350171,0.0425171,0,0.125,358,0
0.197857,1,0.0351149,0.0426149,0,0.125,359,0
0.197266,1,0.0352127,0.0427127,0,0.125,360,0
0.19668,1,0.0353105,0.0428105,0,0.125,361,0
0.1961,1,0.0354083,0.0429083,0,0.125,362,0
0.19552,1,0.0355061,0.0430061,0,0.125,363,0
0.19494,1,0.0356039,0.0431039,0,0.125,364,0
0.19436,1,0.0357017,0.0432017,0,0.125,365,0
0.19378,1,0.0357996,0.0432996,0,0.125,366,0
0.193224,1,0.0358974,0.0433974,0,0.125,367,0
0.192671,1,0.0359952,0.0434952,0,0.125,368,0
0.192118,1,0.036093,0.043593,0,0.125,369,0
0.191565,1,0.0361908,0.0436908,0,0.125,370,0
0.191012,1,0.0362886,0.0437886,0,0.125,371,0
0.190467,1,0.0363864,0.0438864,0,0.125,372,0
0.189944,1,0.0364842,0.0439842,0,0.125,373,0
0.189421,1,0.0365821,0.0440821,0,0.125,374,0
0.188899,1,0.0366799,0.0441799,0,0.125,375,0
0.188376,1,0.0367777,0.0442777,0,0.125,376,0
0.187853,1,0.0368755,0.0443755,0,0.125,377,0
0.187336,1,0.0369733,0.0444733,0,0.125,378,0
0.186822,1,0.0370711,0.0445711,0,0.125,379,0
0.186307,1,0.0371689,0.0446689,0,0.125,380,0
0.185793,1,0.0372668,0.0447668,0,0.125,381,0
0.185279,1,0.0373646,0.0448646,0,0.125,382,0
0.184764,1,0.0374624,0.0449624,0,0.125,383,0
0.184264,1,0.0375602,0.0450602,0,0.125,384,0
0.183763,1,0.037658,0.045158,0,0.125,385,0
0.183263,1,0.0377558,0.0452558,0,0.125,386,0
0.182762,1,0.0378536,0.0453536,0,0.125,387,0
0.182261,1,0.0379514,0.0454514,0,0.125,388,0
0.181773,1,0.0380493,0.0455493,0,0.125,389,0
0.181304,1,0.0381471,0.0456471,0,0.125,390,0
0.180835,1,0.0382449,0.0457449,0,0.125,391,0
0.180365,1,0.0383427,0.0458427,0,0.125,392,0
0.179896,1,0.0384405,0.0459405,0,0.125,393,0
0.179427,1,0.0385383,0.0460383,0,0.125,394,0
0.178967,1,0.0386361,0.0461361,0,0.125,395,0
0.17851,1,0.0387339,0.0462339,0,0.125,396,0
0.178053,1,0.0388318,0.0463318,0,0.125,397,0
0.177596,1,0.0389296,0.0464296,0,0.125,398,0
0.177139,1,0.0390274,0.0465274,0,0.125,399,0
0.176683,1,0.0391252,0.0466252,0,0.125,400,0
0.176229,1,0.039223,0.046723,0,0.125,401,0
0.175774,1,0.0393208,0.0468208,0,0.125,402,0
0.17532,1,0.0394186,0.0469186,0,0.125,403,0
0.174866,1,0.0395165,0.0470165,0,0.125,404,0
0.174412,1,0.0396143,0.0471143,0,0.125,405,0
0.173968,1,0.0397121,0.0472121,0,0.125,406,0
0.173532,1,0.0398099,0.0473099,0,0.125,407,0
0.173097,1,0.0399077,0.0474077,0,0.125,408,0
0.172662,1,0.0400055,0.0475055,0,0.125,409,0
0.172226,1,0.0401033,0.0476033,0,0.125,410,0
0.171791,1,0.0402011,0.0477011,0,0.125,411,0
0.171371,1,0.040299,0.047799,0,0.125,412,0
0.170954,1,0.0403968,0.0478968,0,0.125,413,0
0.170536,1,0.0404946,0.0479946,0,0.125,414,0
0.170118,1,0.0405924,0.0480924,0,0.125,415,0
0.1697,1,0.0406902,0.0481902,0,0.125,416,0
0.169285,1,0.040788,0.048288,0,0.125,417,0
0.168877,1,0.0408858,0.0483858,0,0.125,418,0
0.168469,1,0.0409836,0.0484836,0,0.125,419,0
0.168061,1,0.0410815,0.0485815,0,0.125,420,0
0.167653,1,0.0411793,0.0486793,0,0.125,421,0
0.167245,1,0.0412771,0.0487771,0,0.125,422,0
0.166844,1,0.0413749,0.0488749,0,0.125,423,0
0.166445,1,0.0414727,0.0489727,0,0.125,424,0
0.166047,1,0.0415705,0.0490705,0,0.125,425,0
0.165649,1,0.0416683,0.0491683,0,0.125,426,0
0.165251,1,0.0417662,0.0492662,0,0.125,427,0
0.164853,1,0.041864,0.049364,0,0.125,428,0
0.164461,1,0.0419618,0.0494618,0,0.125,429,0
0.16407,1,0.0420596,0.0495596,0,0.125,430,0
0.163679,1,0.0421574,0.0496574,0,0.125,431,0
0.163288,1,0.0422552,0.0497552,0,0.125,432,0
0.162897,1,0.042353,0.049853,0,0.125,433,0
0.162509,1,0.0424508,0.0499508,0,0.125,434,0
0.162126,1,0.0425487,0.0500487,0,0.125,435,0
0.161742,1,0.0426465,0.0501465,0,0.125,436,0
0.161359,1,0.0427443,0.0502443,0,0.125,437,0
0.160976,1,0.0428421,0.0503421,0,0.125,438,0
0.160592,1,0.0429399,0.0504399,0,0.125,439,0
0.160219,1,0.0430377,0.0505377,0,0.125,440,0
0.15985,1,0.0431355,0.0506355,0,0.125,441,0
0.15948,1,0.0432333,0.0507333,0,0.125,442,0
0.15911,1,0.0433312,0.0508312,0,0.125,443,0
0.158741,1,0.043429,0.050929,0,0.125,444,0
0.158372,1,0.0435268,0.0510268,0,0.125,445,0
0.158012,1,0.0436246,0.0511246,0,0.125,446,0
0.157652,1,0.0437224,0.0512224,0,0.125,447,0
0.157292,1,0.0438202,0.0513202,0,0.125,448,0
0.156931,1,0.043918,0.051418,0,0.125,449,0
0.156571,1,0.0440159,0.0515159,0,0.125,450,0
0.156211,1,0.0441137,0.0516137,0,0.125,451,0
0.15585,1,0.0442115,0.0517115,0,0.125,452,0
0.15549,1,0.0443093,0.0518093,0,0.125,453,0
0.155129,1,0.0444071,0.0519071,0,0.125,454,0
0.154769,1,0.0445049,0.0520049,0,0.125,455,0
0.154408,1,0.0446027,0.0521027,0,0.125,456,0
0.154057,1,0.0447005,0.0522005,0,0.125,457,0
0.153706,1,0.0447984,0.0522984,0,0.125,458,0
0.153356,1,0.0448962,0.0523962,0,0.125,459,0
0.153006,1,0.044994,0.052494,0,0.125,460,0
0.152655,1,0.0450918,0.0525918,0,0.125,461,0
0.152309,1,0.0451896,0.0526896,0,0.125,462,0
0.151974,1,0.0452874,0.0527874,0,0.125,463,0
0.15164,1,0.0453852,0.0528852,0,0.125,464,0
0.151305,1,0.045483,0.052983,0,0.125,465,0
0.15097,1,0.0455809,0.0530809,0,0.125,466,0
0.150636,1,0.0456787,0.0531787,0,0.125,467,0
0.150307,1,0.0457765,0.0532765,0,0.125,468,0
0.149981,1,0.0458743,0.0533743,0,0.125,469,0
0.149656,1,0.0459721,0.0534721,0,0.125,470,0
0.14933,1,0.0460699,0.0535699,0,0.125,471,0
0.149005,1,0.0461677,0.0536677,0,0.125,472,0
0.14868,1,0.0462655,0.0537656,0,0.125,473,0
0.148356,1,0.0463634,0.0538634,0,0.125,474,0
0.148032,1,0.0464612,0.0539612,0,0.125,475,0
0.147708,1,0.046559,0.054059,0,0.125,476,0
0.147384,1,0.0466568,0.0541568,0,0.125,477,0
0.14706,1,0.0467546,0.0542546,0,0.125,478,0
0.14674,1,0.0468524,0.0543524,0,0.125,479,0
0.146426,1,0.0469502,0.0544502,0,0.125,480,0
0.146112,1,0.0470481,0.0545481,0,0.125,481,0
0.145799,1,0.0471459,0.0546459,0,0.125,482,0
0.145485,1,0.0472437,0.0547437,0,0.125,483,0
0.145172,1,0.0473415,0.0548415,0,0.125,484,0
0.144876,1,0.0474393,0.0549393,0,0.125,485,0
0.144586,1,0.0475371,0.0550371,0,0.125,486,0
0.144296,1,0.0476349,0.0551349,0,0.125,487,0
0.144006,1,0.0477327,0.0552327,0,0.125,488,0
0.143716,1,0.0478306,0.0553306,0,0.125,489,0
0.143428,1,0.0479284,0.0554284,0,0.125,490,0
0.143148,1,0.0480262,0.0555262,0,0.125,491,0
0.142867,1,0.048124,0.055624,0,0.125,492,0
0.142587,1,0.0482218,0.0557218,0,0.125,493,0
0.142307,1,0.0483196,0.0558196,0,0.125,494,0
0.142027,1,0.0484174,0.0559174,0,0.125,495,0
0.141747,1,0.0485152,0.0560152,0,0.125,496,0
0.141466,1,0.0486131,0.0561131,0,0.125,497,0
0.141185,1,0.0487109,0.0562109,0,0.125,498,0
0.140904,1,0.0488087,0.0563087,0,0.125,499,0
0.140623,1,0.0489065,0.0564065,0,0.125,500,0
0.140342,1,0.0490043,0.0565043,0,0.125,501,0
0.140075,1,0.0491021,0.0566021,0,0.125,502,0
0.139811,1,0.0491999,0.0566999,0,0.125,503,0
0.139546,1,0.0492977,0.0567978,0,0.125,504,0
0.139282,1,0.0493956,0.0568956,0,0.125,505,0
0.139018,1,0.0494934,0.0569934,0,0.125,506,0
0.138758,1,0.0495912,0.0570912,0,0.125,507,0
0.138516,1,0.049689,0.057189,0,0.125,508,0
0.138274,1,0.0497868,0.0572868,0,0.125,509,0
0.138032,1,0.0498846,0.0573846,0,0.125,510,0
0.13779,1,0.0499824,0.0574824,0,0.125,511,0
0.137548,1,0.0500803,0.0575803,0,0.125,512,0
0.137308,1,0.0501781,0.0576781,0,0.125,513,0
0.137071,1,0.0502759,0.0577759,0,0.125,514,0
0.136834,1,0.0503737,0.0578737,0,0.125,515,0
0.136597,1,0.0504715,0.0579715,0,0.125,516,0
0.13636,1,0.0505693,0.0580693,0,0.125,517,0
0.136123,1,0.0506671,0.0581671,0,0.125,518,0
0.135888,1,0.0507649,0.0582649,0,0.125,519,0
0.135654,1,0.0508628,0.0583628,0,0.125,520,0
0.135419,1,0.0509606,0.0584606,0,0.125,521,0
0.135185,1,0.0510584,0.0585584,0,0.125,522,0
0.134951,1,0.0511562,0.0586562,0,0.125,523,0
0.13472,1,0.051254,0.058754,0,0.125,524,0
0.134495,1,0.0513518,0.0588518,0,0.125,525,0
0.134271,1,0.0514496,0.0589496,0,0.125,526,0
0.134047,1,0.0515474,0.0590474,0,0.125,527,0
0.133822,1,0.0516453,0.0591453,0,0.125,528,0
0.133598,1,0.0517431,0.0592431,0,0.125,529,0
0.133378,1,0.0518409,0.0593409,0,0.125,530,0
0.133159,1,0.0519387,0.0594387,0,0.125,531,0
0.132941,1,0.0520365,0.0595365,0,0.125,532,0
0.132722,1,0.0521343,0.0596343,0,0.125,533,0
0.132504,1,0.0522321,0.0597321,0,0.125,534,0
0.132286,1,0.05233,0.05983,0,0.125,535,0
0.132074,1,0.0524278,0.0599278,0,0.125,536,0
0.131863,1,0.0525256,0.0600256,0,0.125,537,0
0.131651,1,0.0526234,0.0601234,0,0.125,538,0
0.13144,1,0.0527212,0.0602212,0,0.125,539,0
0.131228,1,0.052819,0.060319,0,0.125,540,0
0.131021,1,0.0529168,0.0604168,0,0.125,541,0
0.13082,1,0.0530146,0.0605146,0,0.125,542,0
0.130619,1,0.0531125,0.0606125,0,0.125,543,0
0.130418,1,0.0532103,0.0607103,0,0.125,544,0
0.130217,1,0.0533081,0.0608081,0,0.125,545,0
0.130016,1,0.0534059,0.0609059,0,0.125,546,0
0.129814,1,0.0535037,0.0610037,0,0.125,547,0
0.129612,1,0.0536015,0.0611015,0,0.125,548,0
0.129409,1,0.0536993,0.0611993,0,0.125,549,0
0.129207,1,0.0537971,0.0612971,0,0.125,550,0
0.129005,1,0.053895,0.061395,0,0.125,551,0
0.128801,1,0.0539928,0.0614928,0,0.125,552,0
0.128595,1,0.0540906,0.0615906,0,0.125,553,0
0.128389,1,0.0541884,0.0616884,0,0.125,554,0
0.128183,1,0.0542862,0.0617862,0,0.125,555,0
0.127976,1,0.054384,0.061884,0,0.125,556,0
0.12777,1,0.0544818,0.0619818,0,0.125,557,0
0.127573,1,0.0545797,0.0620797,0,0.125,558,0
0.127383,1,0.0546775,0.0621775,0,0.125,559,0
0.127192,1,0.0547753,0.0622753,0,0.125,560,0
0.127002,1,0.0548731,0.0623731,0,0.125,561,0
0.126812,1,0.0549709,0.0624709,0,0.125,562,0
0.126621,1,0.0550687,0.0625687,0,0.125,563,0
0.126443,1,0.0551665,0.0626665,0,0.125,564,0
0.126266,1,0.0552643,0.0627643,0,0.125,565,0
0.126089,1,0.0553622,0.0628622,0,0.125,566,0
0.125912,1,0.05546,0.06296,0,0.125,567,0
0.125734,1,0.0555578,0.0630578,0,0.125,568,0
0.125556,1,0.0556556,0.0631556,0,0.125,569,0
0.125374,1,0.0557534,0.0632534,0,0.125,570,0
0.125193,1,0.0558512,0.0633512,0,0.125,571,0
0.125012,1,0.055949,0.063449,0,0.125,572,0
0.12483,1,0.0560469,0.0635469,0,0.125,573,0
0.124649,1,0.0561447,0.0636447,0,0.125,574,0
0.124464,1,0.0562425,0.0637425,0,0.125,575,0
0.124278,1,0.0563403,0.0638403,0,0.125,576,0
0.124092,1,0.0564381,0.0639381,0,0.125,577,0
0.123905,1,0.0565359,0.0640359,0,0.125,578,0
0.123719,1,0.0566337,0.0641337,0,0.125,579,0
0.123533,1,0.0567315,0.0642315,0,0.125,580,0
0.123361,1,0.0568294,0.0643294,0,0.125,581,0
0.12319,1,0.0569272,0.0644272,0,0.125,582,0
0.123019,1,0.057025,0.064525,0,0.125,583,0
0.122848,1,0.0571228,0.0646228,0,0.125,584,0
0.122676,1,0.0572206,0.0647206,0,0.125,585,0
0.122511,1,0.0573184,0.0648184,0,0.125,586,0
0.122356,1,0.0574162,0.0649162,0,0.125,587,0
0.122201,1,0.057514,0.065014,0,0.125,588,0
0.122046,1,0.0576119,0.0651119,0,0.125,589,0
0.121891,1,0.0577097,0.0652097,0,0.125,590,0
0.121736,1,0.0578075,0.0653075,0,0.125,591,0
0.12158,1,0.0579053,0.0654053,0,0.125,592,0
0.121423,1,0.0580031,0.0655031,0,0.125,593,0
0.121266,1,0.0581009,0.0656009,0,0.125,594,0
0.121109,1,0.0581987,0.0656987,0,0.125,595,0
0.120953,1,0.0582965,0.0657965,0,0.125,596,0
0.120795,1,0.0583944,0.0658944,0,0.125,597,0
0.120636,1,0.0584922,0.0659922,0,0.125,598,0
0.120476,1,0.05859,0.06609,0,0.125,599,0
0.120316,1,0.0586878,0.0661878,0,0.125,600,0
0.120157,1,0.0587856,0.0662856,0,0.125,601,0
0.119997,1,0.0588834,0.0663834,0,0.125,602,0
0.119841,1,0.0589812,0.0664812,0,0.125,603,0
0.119688,1,0.0590791,0.0665791,0,0.125,604,0
0.119535,1,0.0591769,0.0666769,0,0.125,605,0
0.119383,1,0.0592747,0.0667747,0,0.125,606,0
0.11923,1,0.0593725,0.0668725,0,0.125,607,0
0.119077,1,0.0594703,0.0669703,0,0.125,608,0
0.118932,1,0.0595681,0.0670681,0,0.125,609,0
0.118789,1,0.0596659,0.0671659,0,0.125,610,0
0.118645,1,0.0597637,0.0672637,0,0.125,611,0
0.118501,1,0.0598616,0.0673616,0,0.125,612,0
0.118357,1,0.0599594,0.0674594,0,0.125,613,0
0.118215,1,0.0600572,0.0675572,0,0.125,614,0
0.118078,1,0.060155,0.067655,0,0.125,615,0
0.117941,1,0.0602528,0.0677528,0,0.125,616,0
0.117804,1,0.0603506,0.0678506,0,0.125,617,0
0.117667,1,0.0604484,0.0679484,0,0.125,618,0
0.11753,1,0.0605462,0.0680462,0,0.125,619,0
0.117395,1,0.0606441,0.0681441,0,0.125,620,0
0.11726,1,0.0607419,0.0682419,0,0.125,621,0
0.117125,1,0.0608397,0.0683397,0,0.125,622,0
0.11699,1,0.0609375,0.0684375,0,0.125,623,0
0.116855,1,0.0610353,0.0685353,0,0.125,624,0
0.11672,1,0.0611331,0.0686331,0,0.125,625,0
0.116583,1,0.0612309,0.0687309,0,0.125,626,0
0.116446,1,0.0613288,0.0688288,0,0.125,627,0
0.116309,1,0.0614266,0.0689266,0,0.125,628,0
0.116172,1,0.0615244,0.0690244,0,0.125,629,0
0.116034,1,0.0616222,0.0691222,0,0.125,630,0
0.115899,1,0.06172,0.06922,0,0.125,631,0
0.115767,1,0.0618178,0.0693178,0,0.125,632,0
0.115635,1,0.0619156,0.0694156,0,0.125,633,0
0.115503,1,0.0620134,0.0695134,0,0.125,634,0
0.115371,1,0.0621113,0.0696113,0,0.125,635,0
0.115239,1,0.0622091,0.0697091,0,0.125,636,0
0.115115,1,0.0623069,0.0698069,0,0.125,637,0
0.114995,1,0.0624047,0.0699047,0,0.125,638,0
0.114874,1,0.0625025,0.0700025,0,0.125,639,0
0.114754,1,0.0626003,0.0701003,0,0.125,640,0
0.114634,1,0.0626981,0.0701981,0,0.125,641,0
0.114513,1,0.0627959,0.0702959,0,0.125,642,0
0.114395,1,0.0628938,0.0703938,0,0.125,643,0
0.114278,1,0.0629916,0.0704916,0,0.125,644,0
0.11416,1,0.0630894,0.0705894,0,0.125,645,0
0.114042,1,0.0631872,0.0706872,0,0.125,646,0
0.113924,1,0.063285,0.070785,0,0.125,647,0
0.113803,1,0.0633828,0.0708828,0,0.125,648,0
0.113679,1,0.0634806,0.0709806,0,0.125,649,0
0.113555,1,0.0635784,0.0710784,0,0.125,650,0
0.113431,1,0.0636763,0.0711763,0,0.125,651,0
0.113306,1,0.0637741,0.0712741,0,0.125,652,0
0.113182,1,0.0638719,0.0713719,0,0.125,653,0
nan,0,0.0639697,0.0714697,0,0.125,654,0
0.112942,1,0.0640675,0.0715675,0,0.125,655,0
0.112822,1,0.0641653,0.0716653,0,0.125,656,0
0.112702,1,0.0642631,0.0717631,0,0.125,657,0
0.112582,1,0.064361,0.071861,0,0.125,658,0
0.112464,1,0.0644588,0.0719588,0,0.125,659,0
0.112355,1,0.0645566,0.0720566,0,0.125,660,0
0.112246,1,0.0646544,0.0721544,0,0.125,661,0
0.112137,1,0.0647522,0.0722522,0,0.125,662,0
0.112028,1,0.06485,0.07235,0,0.125,663,0
0.111919,1,0.0649478,0.0724478,0,0.125,664,0
0.11181,1,0.0650456,0.0725456,0,0.125,665,0
0.111701,1,0.0651435,0.0726435,0,0.125,666,0
0.111593,1,0.0652413,0.0727413,0,0.125,667,0
0.111484,1,0.0653391,0.0728391,0,0.125,668,0
0.111376,1,0.0654369,0.0729369,0,0.125,669,0
0.111267,1,0.0655347,0.0730347,0,0.125,670,0
0.111156,1,0.0656325,0.0731325,0,0.125,671,0
0.111045,1,0.0657303,0.0732303,0,0.125,672,0
0.110934,1,0.0658282,0.0733282,0,0.125,673,0
0.110823,1,0.065926,0.073426,0,0.125,674,0
0.110712,1,0.0660238,0.0735238,0,0.125,675,0
0.110601,1,0.0661216,0.0736216,0,0.125,676,0
0.110492,1,0.0662194,0.0737194,0,0.125,677,0
0.110383,1,0.0663172,0.0738172,0,0.125,678,0
0.110275,1,0.066415,0.073915,0,0.125,679,0
0.110166,1,0.0665128,0.0740128,0,0.125,680,0
0.110057,1,0.0666106,0.0741106,0,0.125,681,0
0.109952,1,0.0667085,0.0742085,0,0.125,682,0
0.109849,1,0.0668063,0.0743063,0,0.125,683,0
0.109747,1,0.0669041,0.0744041,0,0.125,684,0
0.109644,1,0.0670019,0.0745019,0,0.125,685,0
0.109542,1,0.0670997,0.0745997,0,0.125,686,0
0.109439,1,0.0671975,0.0746975,0,0.125,687,0
0.109338,1,0.0672953,0.0747953,0,0.125,688,0
0.109236,1,0.0673932,0.0748932,0,0.125,689,0
0.109135,1,0.067491,0.074991,0,0.125,690,0
0.109033,1,0.0675888,0.0750888,0,0.125,691,0
0.108932,1,0.0676866,0.0751866,0,0.125,692,0
0.10883,1,0.0677844,0.0752844,0,0.125,693,0
0.108728,1,0.0678822,0.0753822,0,0.125,694,0
0.108625,1,0.06798,0.07548,0,0.125,695,0
0.108522,1,0.0680778,0.0755778,0,0.125,696,0
0.10842,1,0.0681757,0.0756757,0,0.125,697,0
0.108317,1,0.0682735,0.0757735,0,0.125,698,0
0.108217,1,0.0683713,0.0758713,0,0.125,699,0
0.108119,1,0.0684691,0.0759691,0,0.125,700,0
0.10802,1,0.0685669,0.0760669,0,0.125,701,0
0.107921,1,0.0686647,0.0761647,0,0.125,702,0
0.107822,1,0.0687625,0.0762625,0,0.125,703,0
0.107724,1,0.0688604,0.0763604,0,0.125,704,0
0.10763,1,0.0689582,0.0764582,0,0.125,705,0
0.107535,1,0.069056,0.076556,0,0.125,706,0
0.107441,1,0.0691538,0.0766538,0,0.125,707,0
0.107347,1,0.0692516,0.0767516,0,0.125,708,0
0.107252,1,0.0693494,0.0768494,0,0.125,709,0
0.107157,1,0.0694472,0.0769472,0,0.125,710,0
0.10706,1,0.069545,0.077045,0,0.125,711,0
0.106963,1,0.0696429,0.0771429,0,0.125,712,0
0.106865,1,0.0697407,0.0772407,0,0.125,713,0
0.106768,1,0.0698385,0.0773385,0,0.125,714,0
0.106671,1,0.0699363,0.0774363,0,0.125,715,0
0.106573,1,0.0700341,0.0775341,0,0.125,716,0
0.106475,1,0.0701319,0.0776319,0,0.125,717,0
0.106377,1,0.0702297,0.0777297,0,0.125,718,0
0.106278,1,0.0703276,0.0778276,0,0.125,719,0
0.10618,1,0.0704254,0.0779254,0,0.125,720,0
0.106083,1,0.0705232,0.0780232,0,0.125,721,0
0.105991,1,0.070621,0.078121,0,0.125,722,0
0.1059,1,0.0707188,0.0782188,0,0.125,723,0
0.105808,1,0.0708166,0.0783166,0,0.125,724,0
0.105716,1,0.0709144,0.0784144,0,0.125,725,0
0.105625,1,0.0710122,0.0785122,0,0.125,726,0
0.105536,1,0.07111,0.07861,0,0.125,727,0
0.105449,1,0.0712079,0.0787079,0,0.125,728,0
0.105363,1,0.0713057,0.0788057,0,0.125,729,0
0.105277,1,0.0714035,0.0789035,0,0.125,730,0
0.105191,1,0.0715013,0.0790013,0,0.125,731,0
0.105104,1,0.0715991,0.0790991,0,0.125,732,0
0.105015,1,0.0716969,0.0791969,0,0.125,733,0
0.104925,1,0.0717947,0.0792947,0,0.125,734,0
0.104835,1,0.0718926,0.0793926,0,0.125,735,0
0.104746,1,0.0719904,0.0794904,0,0.125,736,0
0.104656,1,0.0720882,0.0795882,0,0.125,737,0
0.104565,1,0.072186,0.079686,0,0.125,738,0
0.10447,1,0.0722838,0.0797838,0,0.125,739,0
0.104375,1,0.0723816,0.0798816,0,0.125,740,0
0.104279,1,0.0724794,0.0799794,0,0.125,741,0
0.104184,1,0.0725772,0.0800772,0,0.125,742,0
0.104089,1,0.0726751,0.0801751,0,0.125,743,0
0.103996,1,0.0727729,0.0802729,0,0.125,744,0
0.103905,1,0.0728707,0.0803707,0,0.125,745,0
0.103813,1,0.0729685,0.0804685,0,0.125,746,0
0.103722,1,0.0730663,0.0805663,0,0.125,747,0
0.103631,1,0.0731641,0.0806641,0,0.125,748,0
0.103539,1,0.0732619,0.0807619,0,0.125,749,0
0.103455,1,0.0733598,0.0808598,0,0.125,750,0
0.103371,1,0.0734576,0.0809576,0,0.125,751,0
0.103287,1,0.0735554,0.0810554,0,0.125,752,0
0.103203,1,0.0736532,0.0811532,0,0.125,753,0
0.103119,1,0.073751,0.081251,0,0.125,754,0
0.103036,1,0.0738488,0.0813488,0,0.125,755,0
0.102954,1,0.0739466,0.0814466,0,0.125,756,0
0.102872,1,0.0740444,0.0815444,0,0.125,757,0
0.102789,1,0.0741423,0.0816423,0,0.125,758,0
0.102707,1,0.0742401,0.0817401,0,0.125,759,0
0.102625,1,0.0743379,0.0818379,0,0.125,760,0
0.102542,1,0.0744357,0.0819357,0,0.125,761,0
0.102458,1,0.0745335,0.0820335,0,0.125,762,0
0.102375,1,0.0746313,0.0821313,0,0.125,763,0
0.102291,1,0.0747291,0.0822291,0,0.125,764,0
0.102208,1,0.0748269,0.0823269,0,0.125,765,0
0.102124,1,0.0749248,0.0824248,0,0.125,766,0
0.102039,1,0.0750226,0.0825226,0,0.125,767,0
0.101954,1,0.0751204,0.0826204,0,0.125,768,0
0.10187,1,0.0752182,0.0827182,0,0.125,769,0
0.101785,1,0.075316,0.082816,0,0.125,770,0
0.1017,1,0.0754138,0.0829138,0,0.125,771,0
0.101616,1,0.0755116,0.0830116,0,0.125,772,0
0.101533,1,0.0756094,0.0831094,0,0.125,773,0
0.10145,1,0.0757073,0.0832073,0,0.125,774,0
0.101368,1,0.0758051,0.0833051,0,0.125,775,0
0.101285,1,0.0759029,0.0834029,0,0.125,776,0
0.101202,1,0.0760007,0.0835007,0,0.125,777,0
0.101125,1,0.0760985,0.0835985,0,0.125,778,0
0.101051,1,0.0761963,0.0836963,0,0.125,779,0
0.100977,1,0.0762941,0.0837941,0,0.125,780,0
0.100902,1,0.076392,0.083892,0,0.125,781,0
0.100828,1,0.0764898,0.0839898,0,0.125,782,0
0.100753,1,0.0765876,0.0840876,0,0.125,783,0
0.10068,1,0.0766854,0.0841854,0,0.125,784,0
0.100607,1,0.0767832,0.0842832,0,0.125,785,0
0.100533,1,0.076881,0.084381,0,0.125,786,0
0.10046,1,0.0769788,0.0844788,0,0.125,787,0
0.100387,1,0.0770766,0.0845766,0,0.125,788,0
0.10031,1,0.0771745,0.0846745,0,0.125,789,0
0.100228,1,0.0772723,0.0847723,0,0.125,790,0
0.100147,1,0.0773701,0.0848701,0,0.125,791,0
0.100065,1,0.0774679,0.0849679,0,0.125,792,0
0.0999832,1,0.0775657,0.0850657,0,0.125,793,0
0.0999015,1,0.0776635,0.0851635,0,0.125,794,0
0.0998206,1,0.0777613,0.0852613,0,0.125,795,0
0.0997398,1,0.0778591,0.0853591,0,0.125,796,0
0.0996591,1,0.077957,0.085457,0,0.125,797,0
0.0995783,1,0.0780548,0.0855548,0,0.125,798,0
0.0994976,1,0.0781526,0.0856526,0,0.125,799,0
0.0994182,1,0.0782504,0.0857504,0,0.125,800,0
0.0993469,1,0.0783482,0.0858482,0,0.125,801,0
0.0992755,1,0.078446,0.085946,0,0.125,802,0
0.0992042,1,0.0785438,0.0860438,0,0.125,803,0
0.0991329,1,0.0786417,0.0861417,0,0.125,804,0
0.0990615,1,0.0787395,0.0862395,0,0.125,805,0
0.0989894,1,0.0788373,0.0863373,0,0.125,806,0
0.0989163,1,0.0789351,0.0864351,0,0.125,807,0
0.0988433,1,0.0790329,0.0865329,0,0.125,808,0
0.0987702,1,0.0791307,0.0866307,0,0.125,809,0
0.0986972,1,0.0792285,0.0867285,0,0.125,810,0
0.0986241,1,0.0793263,0.0868263,0,0.125,811,0
0.0985446,1,0.0794242,0.0869242,0,0.125,812,0
0.0984641,1,0.079522,0.087022,0,0.125,813,0
0.0983836,1,0.0796198,0.0871198,0,0.125,814,0
0.0983031,1,0.0797176,0.0872176,0,0.125,815,0
0.0982225,1,0.0798154,0.0873154,0,0.125,816,0
0.0981427,1,0.0799132,0.0874132,0,0.125,817,0
0.0980653,1,0.080011,0.087511,0,0.125,818,0
0.0979879,1,0.0801088,0.0876088,0,0.125,819,0
0.0979105,1,0.0802067,0.0877067,0,0.125,820,0
0.0978331,1,0.0803045,0.0878045,0,0.125,821,0
0.0977558,1,0.0804023,0.0879023,0,0.125,822,0
0.0976817,1,0.0805001,0.0880001,0,0.125,823,0
0.0976102,1,0.0805979,0.0880979,0,0.125,824,0
0.0975387,1,0.0806957,0.0881957,0,0.125,825,0
0.0974671,1,0.0807935,0.0882935,0,0.125,826,0
0.0973956,1,0.0808913,0.0883913,0,0.125,827,0
0.0973241,1,0.0809892,0.0884892,0,0.125,828,0
0.0972507,1,0.081087,0.088587,0,0.125,829,0
0.0971772,1,0.0811848,0.0886848,0,0.125,830,0
0.0971038,1,0.0812826,0.0887826,0,0.125,831,0
0.0970303,1,0.0813804,0.0888804,0,0.125,832,0
0.0969568,1,0.0814782,0.0889782,0,0.125,833,0
0.0968821,1,0.081576,0.089076,0,0.125,834,0
0.0968043,1,0.0816739,0.0891739,0,0.125,835,0
0.0967265,1,0.0817717,0.0892717,0,0.125,836,0
0.0966488,1,0.0818695,0.0893695,0,0.125,837,0
0.096571,1,0.0819673,0.0894673,0,0.125,838,0
0.0964933,1,0.0820651,0.0895651,0,0.125,839,0
0.0964165,1,0.0821629,0.0896629,0,0.125,840,0
0.0963402,1,0.0822607,0.0897607,0,0.125,841,0
0.096264,1,0.0823585,0.0898585,0,0.125,842,0
0.0961877,1,0.0824564,0.0899564,0,0.125,843,0
0.0961114,1,0.0825542,0.0900542,0,0.125,844,0
0.0960352,1,0.082652,0.090152,0,0.125,845,0
0.0959633,1,0.0827498,0.0902498,0,0.125,846,0
0.0958914,1,0.0828476,0.0903476,0,0.125,847,0
0.0958195,1,0.0829454,0.0904454,0,0.125,848,0
0.0957475,1,0.0830432,0.0905432,0,0.125,849,0
0.0956756,1,0.0831411,0.0906411,0,0.125,850,0
0.0956033,1,0.0832389,0.0907389,0,0.125,851,0
0.0955303,1,0.0833367,0.0908367,0,0.125,852,0
0.0954572,1,0.0834345,0.0909345,0,0.125,853,0
0.0953842,1,0.0835323,0.0910323,0,0.125,854,0
0.0953112,1,0.0836301,0.0911301,0,0.125,855,0
0.0952381,1,0.0837279,0.0912279,0,0.125,856,0
0.0951623,1,0.0838257,0.0913257,0,0.125,857,0
0.0950854,1,0.0839236,0.0914236,0,0.125,858,0
0.0950085,1,0.0840214,0.0915214,0,0.125,859,0
0.0949316,1,0.0841192,0.0916192,0,0.125,860,0
0.0948547,1,0.084217,0.091717,0,0.125,861,0
0.0947778,1,0.0843148,0.0918148,0,0.125,862,0
0.0947012,1,0.0844126,0.0919126,0,0.125,863,0
0.0946247,1,0.0845104,0.0920104,0,0.125,864,0
0.0945482,1,0.0846082,0.0921082,0,0.125,865,0
0.0944717,1,0.0847061,0.0922061,0,0.125,866,0
0.0943952,1,0.0848039,0.0923039,0,0.125,867,0
0.0943203,1,0.0849017,0.0924017,0,0.125,868,0
0.0942478,1,0.0849995,0.0924995,0,0.125,869,0
0.0941752,1,0.0850973,0.0925973,0,0.125,870,0
0.0941026,1,0.0851951,0.0926951,0,0.125,871,0
0.09403,1,0.0852929,0.0927929,0,0.125,872,0
0.0939574,1,0.0853907,0.0928907,0,0.125,873,0
0.0938861,1,0.0854886,0.0929886,0,0.125,874,0
0.0938152,1,0.0855864,0.0930864,0,0.125,875,0
0.0937443,1,0.0856842,0.0931842,0,0.125,876,0
0.0936734,1,0.085782,0.093282,0,0.125,877,0
0.0936024,1,0.0858798,0.0933798,0,0.125,878,0
0.0935312,1,0.0859776,0.0934776,0,0.125,879,0
0.093458,1,0.0860754,0.0935754,0,0.125,880,0
0.0933848,1,0.0861733,0.0936733,0,0.125,881,0
0.0933115,1,0.0862711,0.0937711,0,0.125,882,0
0.0932383,1,0.0863689,0.0938689,0,0.125,883,0
0.0931651,1,0.0864667,0.0939667,0,0.125,884,0
0.0930906,1,0.0865645,0.0940645,0,0.125,885,0
0.093015,1,0.0866623,0.0941623,0,0.125,886,0
0.0929394,1,0.0867601,0.0942601,0,0.125,887,0
0.0928637,1,0.0868579,0.0943579,0,0.125,888,0
0.0927881,1,0.0869558,0.0944558,0,0.125,889,0
0.0927125,1,0.0870536,0.0945536,0,0.125,890,0
0.0926393,1,0.0871514,0.0946514,0,0.125,891,0
0.0925665,1,0.0872492,0.0947492,0,0.125,892,0
0.0924937,1,0.087347,0.094847,0,0.125,893,0
0.0924209,1,0.0874448,0.0949448,0,0.125,894,0
0.0923481,1,0.0875426,0.0950426,0,0.125,895,0
0.0922762,1,0.0876404,0.0951404,0,0.125,896,0
0.0922079,1,0.0877383,0.0952383,0,0.125,897,0
0.0921396,1,0.0878361,0.0953361,0,0.125,898,0
0.0920713,1,0.0879339,0.0954339,0,0.125,899,0
0.092003,1,0.0880317,0.0955317,0,0.125,900,0
0.0919347,1,0.0881295,0.0956295,0,0.125,901,0
0.0918651,1,0.0882273,0.0957273,0,0.125,902,0
0.0917945,1,0.0883251,0.0958251,0,0.125,903,0
0.0917239,1,0.088423,0.095923,0,0.125,904,0
0.0916534,1,0.0885208,0.0960208,0,0.125,905,0
0.0915828,1,0.0886186,0.0961186,0,0.125,906,0
0.0915122,1,0.0887164,0.0962164,0,0.125,907,0
0.0914368,1,0.0888142,0.0963142,0,0.125,908,0
0.091361,1,0.088912,0.096412,0,0.125,909,0
0.0912852,1,0.0890098,0.0965098,0,0.125,910,0
0.0912093,1,0.0891076,0.0966076,0,0.125,911,0
0.0911335,1,0.0892055,0.0967055,0,0.125,912,0
0.0910574,1,0.0893033,0.0968033,0,0.125,913,0
0.0909805,1,0.0894011,0.0969011,0,0.125,914,0
0.0909036,1,0.0894989,0.0969989,0,0.125,915,0
0.0908268,1,0.0895967,0.0970967,0,0.125,916,0
0.0907499,1,0.0896945,0.0971945,0,0.125,917,0
0.0906731,1,0.0897923,0.0972923,0,0.125,918,0
0.0905991,1,0.0898901,0.0973901,0,0.125,919,0
0.090527,1,0.089988,0.097488,0,0.125,920,0
0.0904548,1,0.0900858,0.0975858,0,0.125,921,0
0.0903827,1,0.0901836,0.0976836,0,0.125,922,0
0.0903105,1,0.0902814,0.0977814,0,0.125,923,0
0.0902384,1,0.0903792,0.0978792,0,0.125,924,0
0.0901684,1,0.090477,0.097977,0,0.125,925,0
0.0900986,1,0.0905748,0.0980748,0,0.125,926,0
0.0900288,1,0.0906726,0.0981726,0,0.125,927,0
0.0899589,1,0.0907705,0.0982705,0,0.125,928,0
0.089889,1,0.0908683,0.0983683,0,0.125,929,0
0.0898171,1,0.0909661,0.0984661,0,0.125,930,0
0.089741,1,0.0910639,0.0985639,0,0.125,931,0
0.089665,1,0.0911617,0.0986617,0,0.125,932,0
0.0895889,1,0.0912595,0.0987595,0,0.125,933,0
0.0895128,1,0.0913573,0.0988573,0,0.125,934,0
nan,0,0.0914552,0.0989552,0,0.125,935,0
nan,0,0.091553,0.099053,0,0.125,936,0
0.0892761,1,0.0916508,0.0991508,0,0.125,937,0
0.0891951,1,0.0917486,0.0992486,0,0.125,938,0
0.0891141,1,0.0918464,0.0993464,0,0.125,939,0
0.089033,1,0.0919442,0.0994442,0,0.125,940,0
0.0889522,1,0.092042,0.099542,0,0.125,941,0
0.0888769,1,0.0921398,0.0996398,0,0.125,942,0
0.0888016,1,0.0922377,0.0997377,0,0.125,943,0
0.0887263,1,0.0923355,0.0998355,0,0.125,944,0
0.0886511,1,0.0924333,0.0999333,0,0.125,945,0
0.0885758,1,0.0925311,0.100031,0,0.125,946,0
0.0885023,1,0.0926289,0.100129,0,0.125,947,0
0.0884318,1,0.0927267,0.100227,0,0.125,948,0
0.0883613,1,0.0928245,0.100325,0,0.125,949,0
0.0882908,1,0.0929224,0.100422,0,0.125,950,0
0.0882202,1,0.0930202,0.10052,0,0.125,951,0
0.0881497,1,0.093118,0.100618,0,0.125,952,0
0.0880783,1,0.0932158,0.100716,0,0.125,953,0
0.0880067,1,0.0933136,0.100814,0,0.125,954,0
0.087935,1,0.0934114,0.100911,0,0.125,955,0
0.0878634,1,0.0935092,0.101009,0,0.125,956,0
0.0877917,1,0.093607,0.101107,0,0.125,957,0
0.0877198,1,0.0937049,0.101205,0,0.125,958,0
0.0876443,1,0.0938027,0.101303,0,0.125,959,0
0.0875688,1,0.0939005,0.1014,0,0.125,960,0
0.0874933,1,0.0939983,0.101498,0,0.125,961,0
0.0874178,1,0.0940961,0.101596,0,0.125,962,0
0.0873423,1,0.0941939,0.101694,0,0.125,963,0
0.087267,1,0.0942917,0.101792,0,0.125,964,0
0.0871918,1,0.0943895,0.10189,0,0.125,965,0
0.0871166,1,0.0944874,0.101987,0,0.125,966,0
0.0870414,1,0.0945852,0.102085,0,0.125,967,0
0.0869662,1,0.094683,0.102183,0,0.125,968,0
0.086891,1,0.0947808,0.102281,0,0.125,969,0
0.0868194,1,0.0948786,0.102379,0,0.125,970,0
0.0867487,1,0.0949764,0.102476,0,0.125,971,0
0.086678,1,0.0950742,0.102574,0,0.125,972,0
0.0866073,1,0.095172,0.102672,0,0.125,973,0
0.0865366,1,0.0952699,0.10277,0,0.125,974,0
0.0864663,1,0.0953677,0.102868,0,0.125,975,0
0.0863984,1,0.0954655,0.102965,0,0.125,976,0
0.0863304,1,0.0955633,0.103063,0,0.125,977,0
0.0862625,1,0.0956611,0.103161,0,0.125,978,0
0.0861945,1,0.0957589,0.103259,0,0.125,979,0
0.0861266,1,0.0958567,0.103357,0,0.125,980,0
0.0860568,1,0.0959546,0.103455,0,0.125,981,0
0.0859853,1,0.0960524,0.103552,0,0.125,982,0
0.0859138,1,0.0961502,0.10365,0,0.125,983,0
0.0858422,1,0.096248,0.103748,0,0.125,984,0
0.0857707,1,0.0963458,0.103846,0,0.125,985,0
0.0856992,1,0.0964436,0.103944,0,0.125,986,0
0.0856269,1,0.0965414,0.104041,0,0.125,987,0
0.0855545,1,0.0966392,0.104139,0,0.125,988,0
0.0854822,1,0.0967371,0.104237,0,0.125,989,0
0.0854098,1,0.0968349,0.104335,0,0.125,990,0
0.0853374,1,0.0969327,0.104433,0,0.125,991,0
0.0852751,1,0.0970305,0.10453,0,0.125,992,0
0.0852512,1,0.0971283,0.104628,0,0.125,993,0
0.0852272,1,0.0972261,0.104726,0,0.125,994,0
0.0852033,1,0.0973239,0.104824,0,0.125,995,0
0.0851793,1,0.0974218,0.104922,0,0.125,996,0
0.0851554,1,0.0975196,0.10502,0,0.125,997,0
nan,0,0.0976174,0.105117,0,0.125,998,0
nan,0,0.0977152,0.105215,0,0.125,999,0
nan,0,0.097813,0.105313,0,0.125,1000,0
