u_div,U:0,U:1,U:2,vtkValidPointMask,arc_length,Points:0,Points:1,Points:2,vtkOriginalIndices,__vtkIsSelected__
nan,nan,nan,nan,0,0,0.00725,0,0.125,0,0
nan,nan,nan,nan,0,9.80631e-05,0.00734806,0,0.125,1,0
nan,nan,nan,nan,0,0.000196126,0.00744613,0,0.125,2,0
-0.000108124,-0.000540619,0.00564902,0.0098729,1,0.000294189,0.00754419,0,0.125,3,0
-0.000621525,-0.00310763,0.0103757,0.0198666,1,0.000392252,0.00764225,0,0.125,4,0
-0.00169091,-0.00845454,0.0136727,0.0271266,1,0.000490315,0.00774032,0,0.125,5,0
-0.00305733,-0.0152866,0.0144517,0.0270232,1,0.000588378,0.00783838,0,0.125,6,0
-0.00454397,-0.0227198,0.0147904,0.0241791,1,0.000686442,0.00793644,0,0.125,7,0
-0.00607826,-0.0303913,0.0151844,0.0206943,1,0.000784504,0.0080345,0,0.125,8,0
-0.00763781,-0.0381891,0.0155096,0.01841,1,0.000882567,0.00813257,0,0.125,9,0
-0.00918073,-0.0459037,0.0155357,0.0164805,1,0.000980631,0.00823063,0,0.125,10,0
-0.0106948,-0.0534738,0.0150431,0.0151665,1,0.00107869,0.00832869,0,0.125,11,0
-0.0121763,-0.0608814,0.0142395,0.0138729,1,0.00117676,0.00842676,0,0.125,12,0
-0.013586,-0.0679302,0.0127497,0.0126244,1,0.00127482,0.00852482,0,0.125,13,0
-0.0149958,-0.0749788,0.0112599,0.011376,1,0.00137288,0.00862288,0,0.125,14,0
-0.0163045,-0.0815226,0.00920804,0.00964384,1,0.00147094,0.00872094,0,0.125,15,0
-0.0175951,-0.0879754,0.00705479,0.00782438,1,0.00156901,0.00881901,0,0.125,16,0
-0.0188856,-0.0944281,0.00490156,0.00600495,1,0.00166707,0.00891707,0,0.125,17,0
-0.0200865,-0.100433,0.00223635,0.0033598,1,0.00176513,0.00901513,0,0.125,18,0
-0.0212763,-0.106382,-0.000492386,0.000612228,1,0.0018632,0.0091132,0,0.125,19,0
-0.0224661,-0.112331,-0.00322109,-0.00213532,1,0.00196126,0.00921126,0,0.125,20,0
-0.0235465,-0.117732,-0.00589543,-0.00474488,1,0.00205932,0.00930932,0,0.125,21,0
-0.024415,-0.122075,-0.00846454,-0.00708735,1,0.00215739,0.00940739,0,0.125,22,0
-0.0252834,-0.126417,-0.0110336,-0.0094298,1,0.00225545,0.00950545,0,0.125,23,0
-0.0261519,-0.130759,-0.0136027,-0.0117723,1,0.00235351,0.00960351,0,0.125,24,0
-0.0270204,-0.135102,-0.0161718,-0.0141147,1,0.00245158,0.00970158,0,0.125,25,0
-0.027892,-0.13946,-0.0187556,-0.0164463,1,0.00254964,0.00979964,0,0.125,26,0
-0.0289412,-0.144706,-0.0221101,-0.0181902,1,0.0026477,0.0098977,0,0.125,27,0
-0.0299905,-0.149952,-0.0254646,-0.0199341,1,0.00274576,0.00999576,0,0.125,28,0
-0.0310397,-0.155199,-0.0288192,-0.0216779,1,0.00284383,0.0100938,0,0.125,29,0
-0.032089,-0.160445,-0.0321737,-0.0234218,1,0.00294189,0.0101919,0,0.125,30,0
-0.0331382,-0.165691,-0.0355283,-0.0251657,1,0.00303995,0.01029,0,0.125,31,0
-0.0341127,-0.170564,-0.0385041,-0.0259827,1,0.00313802,0.010388,0,0.125,32,0
-0.0350691,-0.175346,-0.0413859,-0.0265636,1,0.00323608,0.0104861,0,0.125,33,0
-0.0360255,-0.180128,-0.0442676,-0.0271445,1,0.00333414,0.0105841,0,0.125,34,0
-0.036982,-0.18491,-0.0471493,-0.0277254,1,0.0034322,0.0106822,0,0.125,35,0
-0.0379384,-0.189692,-0.0500311,-0.0283063,1,0.00353027,0.0107803,0,0.125,36,0
-0.038791,-0.193955,-0.0522548,-0.0287018,1,0.00362833,0.0108783,0,0.125,37,0
-0.0395754,-0.197877,-0.0540451,-0.028977,1,0.00372639,0.0109764,0,0.125,38,0
-0.0403597,-0.201799,-0.0558355,-0.0292523,1,0.00382446,0.0110745,0,0.125,39,0
-0.0411441,-0.20572,-0.0576259,-0.0295275,1,0.00392252,0.0111725,0,0.125,40,0
-0.0419284,-0.209642,-0.0594163,-0.0298028,1,0.00402058,0.0112706,0,0.125,41,0
-0.042713,-0.213565,-0.0610059,-0.0300361,1,0.00411865,0.0113686,0,0.125,42,0
-0.0434988,-0.217494,-0.0623353,-0.0302214,1,0.00421671,0.0114667,0,0.125,43,0
-0.0442846,-0.221423,-0.0636646,-0.0304067,1,0.00431477,0.0115648,0,0.125,44,0
-0.0450704,-0.225352,-0.0649939,-0.030592,1,0.00441284,0.0116628,0,0.125,45,0
-0.0458561,-0.229281,-0.0663233,-0.0307773,1,0.0045109,0.0117609,0,0.125,46,0
-0.0466538,-0.233269,-0.0675592,-0.0309671,1,0.00460896,0.011859,0,0.125,47,0
-0.0474836,-0.237418,-0.0685573,-0.0311833,1,0.00470702,0.011957,0,0.125,48,0
-0.0483133,-0.241567,-0.0695554,-0.0313995,1,0.00480509,0.0120551,0,0.125,49,0
-0.0491431,-0.245716,-0.0705535,-0.0316157,1,0.00490315,0.0121531,0,0.125,50,0
-0.0499729,-0.249864,-0.0715516,-0.0318319,1,0.00500121,0.0122512,0,0.125,51,0
-0.0508019,-0.25401,-0.0725251,-0.0320925,1,0.00509928,0.0123493,0,0.125,52,0
-0.0516276,-0.258138,-0.0733477,-0.0326441,1,0.00519734,0.0124473,0,0.125,53,0
-0.0524534,-0.262267,-0.0741703,-0.0331956,1,0.0052954,0.0125454,0,0.125,54,0
-0.0532791,-0.266396,-0.0749929,-0.0337472,1,0.00539347,0.0126435,0,0.125,55,0
-0.0541049,-0.270524,-0.0758155,-0.0342987,1,0.00549153,0.0127415,0,0.125,56,0
-0.0549296,-0.274648,-0.0766381,-0.0348539,1,0.00558959,0.0128396,0,0.125,57,0
-0.0556905,-0.278452,-0.0773973,-0.0356016,1,0.00568765,0.0129377,0,0.125,58,0
-0.0564514,-0.282257,-0.0781565,-0.0363492,1,0.00578572,0.0130357,0,0.125,59,0
-0.0572122,-0.286061,-0.0789157,-0.0370969,1,0.00588378,0.0131338,0,0.125,60,0
-0.0579731,-0.289866,-0.0796748,-0.0378445,1,0.00598184,0.0132318,0,0.125,61,0
-0.058734,-0.29367,-0.080434,-0.0385922,1,0.00607991,0.0133299,0,0.125,62,0
-0.0594458,-0.297229,-0.0813959,-0.0393048,1,0.00617797,0.013428,0,0.125,63,0
-0.0601523,-0.300761,-0.0823783,-0.0400112,1,0.00627603,0.013526,0,0.125,64,0
-0.0608587,-0.304294,-0.0833607,-0.0407177,1,0.0063741,0.0136241,0,0.125,65,0
-0.0615652,-0.307826,-0.0843432,-0.0414242,1,0.00647216,0.0137222,0,0.125,66,0
-0.0622717,-0.311358,-0.0853256,-0.0421307,1,0.00657022,0.0138202,0,0.125,67,0
-0.0629757,-0.314878,-0.0869017,-0.0428382,1,0.00666828,0.0139183,0,0.125,68,0
-0.0636785,-0.318393,-0.0886224,-0.0435441,1,0.00676635,0.0140163,0,0.125,69,0
-0.0643813,-0.321907,-0.0903431,-0.0442501,1,0.00686441,0.0141144,0,0.125,70,0
-0.0650841,-0.325421,-0.0920637,-0.044956,1,0.00696247,0.0142125,0,0.125,71,0
-0.065787,-0.328935,-0.0937844,-0.045662,1,0.00706054,0.0143105,0,0.125,72,0
-0.0665546,-0.332773,-0.0956401,-0.0464637,1,0.0071586,0.0144086,0,0.125,73,0
-0.0673463,-0.336731,-0.097559,-0.0473043,1,0.00725666,0.0145067,0,0.125,74,0
-0.068138,-0.34069,-0.0994779,-0.048145,1,0.00735473,0.0146047,0,0.125,75,0
-0.0689296,-0.344648,-0.101397,-0.0489856,1,0.00745279,0.0147028,0,0.125,76,0
-0.0697213,-0.348606,-0.103316,-0.0498262,1,0.00755085,0.0148009,0,0.125,77,0
-0.0706577,-0.353289,-0.104171,-0.0506221,1,0.00764891,0.0148989,0,0.125,78,0
-0.0716735,-0.358368,-0.104454,-0.051397,1,0.00774698,0.014997,0,0.125,79,0
-0.0726894,-0.363447,-0.104738,-0.0521719,1,0.00784504,0.015095,0,0.125,80,0
-0.0737052,-0.368526,-0.105022,-0.0529468,1,0.0079431,0.0151931,0,0.125,81,0
-0.074721,-0.373605,-0.105305,-0.0537217,1,0.00804117,0.0152912,0,0.125,82,0
-0.0759374,-0.379687,-0.10425,-0.0544017,1,0.00813923,0.0153892,0,0.125,83,0
-0.077302,-0.38651,-0.102226,-0.0550148,1,0.00823729,0.0154873,0,0.125,84,0
-0.0786666,-0.393333,-0.100201,-0.055628,1,0.00833536,0.0155854,0,0.125,85,0
-0.0800312,-0.400156,-0.0981774,-0.0562412,1,0.00843342,0.0156834,0,0.125,86,0
-0.0813958,-0.406979,-0.0961532,-0.0568543,1,0.00853148,0.0157815,0,0.125,87,0
-0.0829542,-0.414771,-0.0932974,-0.0574667,1,0.00862954,0.0158795,0,0.125,88,0
-0.0846979,-0.423489,-0.0896718,-0.0580795,1,0.00872761,0.0159776,0,0.125,89,0
-0.0864416,-0.432208,-0.0860461,-0.0586923,1,0.00882567,0.0160757,0,0.125,90,0
-0.0881854,-0.440927,-0.0824205,-0.059305,1,0.00892373,0.0161737,0,0.125,91,0
-0.0899291,-0.449645,-0.0787949,-0.0599178,1,0.0090218,0.0162718,0,0.125,92,0
-0.0918046,-0.459023,-0.0748914,-0.0605165,1,0.00911986,0.0163699,0,0.125,93,0
-0.0938388,-0.469194,-0.0706809,-0.0610965,1,0.00921792,0.0164679,0,0.125,94,0
-0.0958729,-0.479364,-0.0664703,-0.0616766,1,0.00931598,0.016566,0,0.125,95,0
-0.097907,-0.489535,-0.0622598,-0.0622567,1,0.00941405,0.016664,0,0.125,96,0
-0.0999411,-0.499706,-0.0580492,-0.0628368,1,0.00951211,0.0167621,0,0.125,97,0
-0.102067,-0.510335,-0.0541164,-0.0633221,1,0.00961017,0.0168602,0,0.125,98,0
-0.104329,-0.521646,-0.0506187,-0.0636698,1,0.00970824,0.0169582,0,0.125,99,0
-0.106591,-0.532957,-0.047121,-0.0640174,1,0.0098063,0.0170563,0,0.125,100,0
-0.108854,-0.544268,-0.0436232,-0.064365,1,0.00990436,0.0171544,0,0.125,101,0
-0.111116,-0.555579,-0.0401255,-0.0647126,1,0.0100024,0.0172524,0,0.125,102,0
-0.11345,-0.567252,-0.0373163,-0.0649693,1,0.0101005,0.0173505,0,0.125,103,0
-0.115916,-0.579581,-0.0357593,-0.0650698,1,0.0101986,0.0174486,0,0.125,104,0
-0.118382,-0.59191,-0.0342023,-0.0651703,1,0.0102966,0.0175466,0,0.125,105,0
-0.120848,-0.604239,-0.0326453,-0.0652708,1,0.0103947,0.0176447,0,0.125,106,0
-0.123314,-0.616569,-0.0310882,-0.0653713,1,0.0104927,0.0177427,0,0.125,107,0
-0.12584,-0.629199,-0.030197,-0.0654377,1,0.0105908,0.0178408,0,0.125,108,0
-0.128496,-0.642482,-0.0307457,-0.0654364,1,0.0106889,0.0179389,0,0.125,109,0
-0.131153,-0.655766,-0.0312945,-0.0654351,1,0.0107869,0.0180369,0,0.125,110,0
-0.13381,-0.66905,-0.0318432,-0.0654338,1,0.010885,0.018135,0,0.125,111,0
-0.136467,-0.682333,-0.032392,-0.0654325,1,0.0109831,0.0182331,0,0.125,112,0
-0.139175,-0.695874,-0.0332499,-0.0653644,1,0.0110811,0.0183311,0,0.125,113,0
-0.142015,-0.710075,-0.0349046,-0.0651275,1,0.0111792,0.0184292,0,0.125,114,0
-0.144855,-0.724277,-0.0365593,-0.0648907,1,0.0112772,0.0185272,0,0.125,115,0
-0.147696,-0.738478,-0.0382141,-0.0646539,1,0.0113753,0.0186253,0,0.125,116,0
-0.150536,-0.75268,-0.0398688,-0.064417,1,0.0114734,0.0187234,0,0.125,117,0
-0.153437,-0.767186,-0.0416168,-0.0640821,1,0.0115714,0.0188214,0,0.125,118,0
-0.156522,-0.782612,-0.0436511,-0.0634533,1,0.0116695,0.0189195,0,0.125,119,0
-0.159608,-0.798038,-0.0456853,-0.0628246,1,0.0117676,0.0190176,0,0.125,120,0
-0.162693,-0.813464,-0.0477196,-0.0621959,1,0.0118656,0.0191156,0,0.125,121,0
-0.165778,-0.82889,-0.0497538,-0.0615671,1,0.0119637,0.0192137,0,0.125,122,0
-0.168929,-0.844646,-0.0517591,-0.0608878,1,0.0120617,0.0193117,0,0.125,123,0
-0.172316,-0.861578,-0.0536639,-0.0600329,1,0.0121598,0.0194098,0,0.125,124,0
-0.175702,-0.87851,-0.0555687,-0.0591779,1,0.0122579,0.0195079,0,0.125,125,0
-0.179088,-0.895441,-0.0574735,-0.0583229,1,0.0123559,0.0196059,0,0.125,126,0
-0.182475,-0.912373,-0.0593784,-0.057468,1,0.012454,0.019704,0,0.125,127,0
-0.185921,-0.929603,-0.0611841,-0.0565883,1,0.0125521,0.0198021,0,0.125,128,0
-0.189616,-0.948081,-0.0625769,-0.055614,1,0.0126501,0.0199001,0,0.125,129,0
-0.193312,-0.966559,-0.0639698,-0.0546397,1,0.0127482,0.0199982,0,0.125,130,0
-0.197007,-0.985038,-0.0653626,-0.0536653,1,0.0128463,0.0200963,0,0.125,131,0
-0.200703,-1.00352,-0.0667554,-0.052691,1,0.0129443,0.0201943,0,0.125,132,0
-0.204433,-1.02217,-0.0680933,-0.051606,1,0.0130424,0.0202924,0,0.125,133,0
-0.208335,-1.04168,-0.0691553,-0.0499836,1,0.0131404,0.0203904,0,0.125,134,0
-0.212237,-1.06118,-0.0702173,-0.0483611,1,0.0132385,0.0204885,0,0.125,135,0
-0.216139,-1.08069,-0.0712793,-0.0467387,1,0.0133366,0.0205866,0,0.125,136,0
-0.220041,-1.1002,-0.0723413,-0.0451162,1,0.0134346,0.0206846,0,0.125,137,0
-0.223944,-1.11972,-0.0734213,-0.0433878,1,0.0135327,0.0207827,0,0.125,138,0
-0.227854,-1.13927,-0.0745961,-0.0410489,1,0.0136308,0.0208808,0,0.125,139,0
-0.231765,-1.15883,-0.075771,-0.0387099,1,0.0137288,0.0209788,0,0.125,140,0
-0.235676,-1.17838,-0.0769459,-0.036371,1,0.0138269,0.0210769,0,0.125,141,0
-0.239587,-1.19793,-0.0781208,-0.034032,1,0.0139249,0.0211749,0,0.125,142,0
-0.243475,-1.21737,-0.0793599,-0.0316839,1,0.014023,0.021273,0,0.125,143,0
-0.247203,-1.23601,-0.0810349,-0.0292777,1,0.0141211,0.0213711,0,0.125,144,0
-0.250931,-1.25466,-0.08271,-0.0268716,1,0.0142191,0.0214691,0,0.125,145,0
-0.25466,-1.2733,-0.084385,-0.0244655,1,0.0143172,0.0215672,0,0.125,146,0
-0.258388,-1.29194,-0.0860601,-0.0220593,1,0.0144153,0.0216653,0,0.125,147,0
-0.262093,-1.31046,-0.0877728,-0.0196769,1,0.0145133,0.0217633,0,0.125,148,0
-0.265601,-1.328,-0.0897929,-0.0174985,1,0.0146114,0.0218614,0,0.125,149,0
-0.269109,-1.34554,-0.0918129,-0.0153201,1,0.0147095,0.0219595,0,0.125,150,0
-0.272617,-1.36308,-0.093833,-0.0131417,1,0.0148075,0.0220575,0,0.125,151,0
-0.276125,-1.38062,-0.0958531,-0.0109633,1,0.0149056,0.0221556,0,0.125,152,0
-0.279604,-1.39802,-0.0978327,-0.00883822,1,0.0150036,0.0222536,0,0.125,153,0
-0.282783,-1.41391,-0.0993705,-0.00727149,1,0.0151017,0.0223517,0,0.125,154,0
-0.285961,-1.42981,-0.100908,-0.00570479,1,0.0151998,0.0224498,0,0.125,155,0
-0.28914,-1.4457,-0.102446,-0.00413809,1,0.0152978,0.0225478,0,0.125,156,0
-0.292318,-1.46159,-0.103984,-0.00257139,1,0.0153959,0.0226459,0,0.125,157,0
-0.295464,-1.47732,-0.105454,-0.00108019,1,0.015494,0.022744,0,0.125,158,0
-0.298164,-1.49082,-0.105991,-0.000612687,1,0.015592,0.022842,0,0.125,159,0
-0.300864,-1.50432,-0.106527,-0.000145178,1,0.0156901,0.0229401,0,0.125,160,0
-0.303564,-1.51782,-0.107063,0.000322322,1,0.0157881,0.0230381,0,0.125,161,0
-0.306264,-1.53132,-0.1076,0.000789822,1,0.0158862,0.0231362,0,0.125,162,0
-0.308934,-1.54467,-0.108072,0.00120737,1,0.0159843,0.0232343,0,0.125,163,0
-0.311047,-1.55524,-0.107343,0.00070178,1,0.0160823,0.0233323,0,0.125,164,0
-0.31316,-1.5658,-0.106614,0.000196177,1,0.0161804,0.0234304,0,0.125,165,0
-0.315273,-1.57637,-0.105885,-0.000309415,1,0.0162785,0.0235285,0,0.125,166,0
-0.317386,-1.58693,-0.105155,-0.000815118,1,0.0163765,0.0236265,0,0.125,167,0
-0.319478,-1.59739,-0.104374,-0.00132894,1,0.0164746,0.0237246,0,0.125,168,0
-0.321007,-1.60504,-0.102184,-0.00205671,1,0.0165726,0.0238226,0,0.125,169,0
-0.322537,-1.61269,-0.0999944,-0.00278448,1,0.0166707,0.0239207,0,0.125,170,0
-0.324067,-1.62033,-0.0978047,-0.00351227,1,0.0167688,0.0240188,0,0.125,171,0
-0.325596,-1.62798,-0.0956151,-0.00424004,1,0.0168668,0.0241168,0,0.125,172,0
-0.327115,-1.63557,-0.0934031,-0.00496018,1,0.0169649,0.0242149,0,0.125,173,0
-0.328066,-1.64033,-0.0901101,-0.00528213,1,0.017063,0.024313,0,0.125,174,0
-0.329017,-1.64508,-0.086817,-0.00560407,1,0.017161,0.024411,0,0.125,175,0
-0.329968,-1.64984,-0.0835239,-0.00592603,1,0.0172591,0.0245091,0,0.125,176,0
-0.330918,-1.65459,-0.0802308,-0.00624815,1,0.0173572,0.0246072,0,0.125,177,0
-0.331867,-1.65933,-0.0769388,-0.00656919,1,0.0174552,0.0247052,0,0.125,178,0
-0.332211,-1.66105,-0.0737009,-0.00657186,1,0.0175533,0.0248033,0,0.125,179,0
-0.332554,-1.66277,-0.0704631,-0.00657452,1,0.0176513,0.0249013,0,0.125,180,0
-0.332898,-1.66449,-0.0672252,-0.00657719,1,0.0177494,0.0249994,0,0.125,181,0
-0.333241,-1.66621,-0.0639874,-0.00657986,1,0.0178475,0.0250975,0,0.125,182,0
-0.333585,-1.66792,-0.0607495,-0.00658252,1,0.0179455,0.0251955,0,0.125,183,0
-0.333308,-1.66654,-0.0581537,-0.00678399,1,0.0180436,0.0252936,0,0.125,184,0
-0.333023,-1.66511,-0.0555657,-0.0069881,1,0.0181417,0.0253917,0,0.125,185,0
-0.332738,-1.66369,-0.0529778,-0.00719221,1,0.0182397,0.0254897,0,0.125,186,0
-0.332453,-1.66226,-0.0503898,-0.00739632,1,0.0183378,0.0255878,0,0.125,187,0
-0.332168,-1.66084,-0.0478018,-0.00760042,1,0.0184358,0.0256858,0,0.125,188,0
-0.331215,-1.65607,-0.0455233,-0.00797271,1,0.0185339,0.0257839,0,0.125,189,0
-0.330243,-1.65121,-0.0432532,-0.00834984,1,0.018632,0.025882,0,0.125,190,0
-0.32927,-1.64635,-0.0409831,-0.00872696,1,0.01873,0.02598,0,0.125,191,0
-0.328298,-1.64149,-0.038713,-0.00910408,1,0.0188281,0.0260781,0,0.125,192,0
-0.327326,-1.63663,-0.036443,-0.00948121,1,0.0189262,0.0261762,0,0.125,193,0
-0.325702,-1.62851,-0.0346529,-0.00952069,1,0.0190242,0.0262742,0,0.125,194,0
-0.324048,-1.62024,-0.0328847,-0.00954448,1,0.0191223,0.0263723,0,0.125,195,0
-0.322394,-1.61197,-0.0311165,-0.00956827,1,0.0192203,0.0264703,0,0.125,196,0
-0.32074,-1.6037,-0.0293483,-0.00959205,1,0.0193184,0.0265684,0,0.125,197,0
-0.319086,-1.59543,-0.0275802,-0.00961584,1,0.0194165,0.0266665,0,0.125,198,0
-0.316793,-1.58397,-0.0266735,-0.00948182,1,0.0195145,0.0267645,0,0.125,199,0
-0.314459,-1.57229,-0.0258219,-0.0093376,1,0.0196126,0.0268626,0,0.125,200,0
-0.312124,-1.56062,-0.0249704,-0.00919339,1,0.0197107,0.0269607,0,0.125,201,0
-0.30979,-1.54895,-0.0241188,-0.00904917,1,0.0198087,0.0270587,0,0.125,202,0
-0.307455,-1.53728,-0.0232673,-0.00890496,1,0.0199068,0.0271568,0,0.125,203,0
-0.304495,-1.52247,-0.0231279,-0.00897953,1,0.0200049,0.0272549,0,0.125,204,0
-0.301483,-1.50741,-0.0230475,-0.00907222,1,0.0201029,0.0273529,0,0.125,205,0
-0.29847,-1.49235,-0.022967,-0.00916492,1,0.020201,0.027451,0,0.125,206,0
-0.295458,-1.47729,-0.0228866,-0.00925761,1,0.020299,0.027549,0,0.125,207,0
-0.292446,-1.46223,-0.0228062,-0.00935031,1,0.0203971,0.0276471,0,0.125,208,0
-0.288819,-1.44409,-0.0228428,-0.00965954,1,0.0204952,0.0277452,0,0.125,209,0
-0.285128,-1.42564,-0.0228914,-0.00999116,1,0.0205932,0.0278432,0,0.125,210,0
-0.281437,-1.40719,-0.0229401,-0.0103228,1,0.0206913,0.0279413,0,0.125,211,0
-0.277746,-1.38873,-0.0229887,-0.0106544,1,0.0207894,0.0280394,0,0.125,212,0
-0.274056,-1.37028,-0.0230373,-0.010986,1,0.0208874,0.0281374,0,0.125,213,0
-0.269795,-1.34897,-0.0228601,-0.0115068,1,0.0209855,0.0282355,0,0.125,214,0
-0.265464,-1.32732,-0.0226548,-0.012051,1,0.0210835,0.0283335,0,0.125,215,0
-0.261133,-1.30566,-0.0224495,-0.0125952,1,0.0211816,0.0284316,0,0.125,216,0
-0.256802,-1.28401,-0.0222443,-0.0131394,1,0.0212797,0.0285297,0,0.125,217,0
-0.252471,-1.26235,-0.022039,-0.0136836,1,0.0213777,0.0286277,0,0.125,218,0
-0.24767,-1.23835,-0.0215543,-0.0145383,1,0.0214758,0.0287258,0,0.125,219,0
-0.2428,-1.214,-0.0210289,-0.0154381,1,0.0215739,0.0288239,0,0.125,220,0
-0.237931,-1.18966,-0.0205035,-0.016338,1,0.0216719,0.0289219,0,0.125,221,0
-0.233062,-1.16531,-0.0199781,-0.0172379,1,0.02177,0.02902,0,0.125,222,0
-0.228193,-1.14096,-0.0194526,-0.0181378,1,0.0218681,0.029118,0,0.125,223,0
-0.222945,-1.11473,-0.018748,-0.0193604,1,0.0219661,0.0292161,0,0.125,224,0
-0.217634,-1.08817,-0.0180131,-0.0206375,1,0.0220642,0.0293142,0,0.125,225,0
-0.212323,-1.06161,-0.0172782,-0.0219146,1,0.0221622,0.0294122,0,0.125,226,0
-0.207012,-1.03506,-0.0165433,-0.0231917,1,0.0222603,0.0295103,0,0.125,227,0
-0.2017,-1.0085,-0.0158084,-0.0244688,1,0.0223584,0.0296084,0,0.125,228,0
-0.196103,-0.980516,-0.0150841,-0.0258267,1,0.0224564,0.0297064,0,0.125,229,0
-0.190451,-0.952255,-0.0143618,-0.0272001,1,0.0225545,0.0298045,0,0.125,230,0
-0.184799,-0.923995,-0.0136396,-0.0285734,1,0.0226526,0.0299026,0,0.125,231,0
-0.179147,-0.895734,-0.0129173,-0.0299468,1,0.0227506,0.0300006,0,0.125,232,0
-0.173495,-0.867473,-0.012195,-0.0313202,1,0.0228487,0.0300987,0,0.125,233,0
-0.167643,-0.838216,-0.0116781,-0.0324664,1,0.0229467,0.0301967,0,0.125,234,0
-0.161748,-0.80874,-0.0112061,-0.0335628,1,0.0230448,0.0302948,0,0.125,235,0
-0.155853,-0.779264,-0.0107341,-0.0346592,1,0.0231429,0.0303929,0,0.125,236,0
-0.149958,-0.749789,-0.0102622,-0.0357556,1,0.0232409,0.0304909,0,0.125,237,0
-0.144063,-0.720313,-0.00979021,-0.036852,1,0.023339,0.030589,0,0.125,238,0
-0.138053,-0.690267,-0.00960625,-0.0375448,1,0.0234371,0.0306871,0,0.125,239,0
-0.132016,-0.66008,-0.00949334,-0.038138,1,0.0235351,0.0307851,0,0.125,240,0
-0.125979,-0.629893,-0.00938043,-0.0387313,1,0.0236332,0.0308832,0,0.125,241,0
-0.119941,-0.599706,-0.00926752,-0.0393245,1,0.0237312,0.0309812,0,0.125,242,0
-0.113904,-0.569519,-0.00915461,-0.0399177,1,0.0238293,0.0310793,0,0.125,243,0
-0.107818,-0.539092,-0.00923306,-0.0400417,1,0.0239274,0.0311774,0,0.125,244,0
-0.101719,-0.508597,-0.00936458,-0.0400355,1,0.0240254,0.0312754,0,0.125,245,0
-0.0956206,-0.478103,-0.00949609,-0.0400293,1,0.0241235,0.0313735,0,0.125,246,0
-0.0895217,-0.447608,-0.00962761,-0.0400231,1,0.0242216,0.0314716,0,0.125,247,0
-0.0834229,-0.417115,-0.00975912,-0.0400169,1,0.0243196,0.0315696,0,0.125,248,0
-0.0773197,-0.386598,-0.0099023,-0.0395531,1,0.0244177,0.0316677,0,0.125,249,0
-0.0712151,-0.356076,-0.0100491,-0.0389483,1,0.0245158,0.0317658,0,0.125,250,0
-0.0651108,-0.325554,-0.0101958,-0.0383436,1,0.0246138,0.0318638,0,0.125,251,0
-0.0590062,-0.295031,-0.0103426,-0.0377388,1,0.0247119,0.0319619,0,0.125,252,0
-0.0529019,-0.26451,-0.0104894,-0.0371341,1,0.0248099,0.0320599,0,0.125,253,0
-0.0468265,-0.234132,-0.0106057,-0.0361302,1,0.024908,0.032158,0,0.125,254,0
-0.040761,-0.203805,-0.0107116,-0.0349899,1,0.0250061,0.0322561,0,0.125,255,0
-0.0346957,-0.173478,-0.0108175,-0.0338497,1,0.0251041,0.0323541,0,0.125,256,0
-0.0286302,-0.143151,-0.0109234,-0.0327095,1,0.0252022,0.0324522,0,0.125,257,0
-0.0225649,-0.112825,-0.0110293,-0.0315693,1,0.0253003,0.0325503,0,0.125,258,0
-0.0165492,-0.0827462,-0.0111318,-0.0300916,1,0.0253983,0.0326483,0,0.125,259,0
-0.0105526,-0.0527632,-0.0112331,-0.0284861,1,0.0254964,0.0327464,0,0.125,260,0
-0.00455583,-0.0227792,-0.0113343,-0.0268806,1,0.0255944,0.0328444,0,0.125,261,0
0.00144098,0.00720492,-0.0114356,-0.025275,1,0.0256925,0.0329425,0,0.125,262,0
0.00743757,0.0371879,-0.0115368,-0.0236695,1,0.0257906,0.0330406,0,0.125,263,0
0.013365,0.066825,-0.0116631,-0.0218427,1,0.0258886,0.0331386,0,0.125,264,0
0.0192632,0.0963159,-0.0117999,-0.0199233,1,0.0259867,0.0332367,0,0.125,265,0
0.0251616,0.125808,-0.0119367,-0.0180039,1,0.0260848,0.0333348,0,0.125,266,0
0.03106,0.1553,-0.0120735,-0.0160844,1,0.0261828,0.0334328,0,0.125,267,0
0.0369581,0.184791,-0.0122102,-0.014165,1,0.0262809,0.0335309,0,0.125,268,0
0.0427664,0.213832,-0.0124238,-0.0122167,1,0.0263789,0.0336289,0,0.125,269,0
0.0485329,0.242664,-0.0126727,-0.010255,1,0.026477,0.033727,0,0.125,270,0
0.0542996,0.271498,-0.0129216,-0.00829335,1,0.0265751,0.0338251,0,0.125,271,0
0.0600662,0.300331,-0.0131706,-0.00633174,1,0.0266731,0.0339231,0,0.125,272,0
0.0658329,0.329164,-0.0134195,-0.00437004,1,0.0267712,0.0340212,0,0.125,273,0
0.0714843,0.357421,-0.0138282,-0.00251837,1,0.0268693,0.0341193,0,0.125,274,0
0.0770773,0.385386,-0.0143175,-0.000722309,1,0.0269673,0.0342173,0,0.125,275,0
0.0826704,0.413352,-0.0148069,0.00107382,1,0.0270654,0.0343154,0,0.125,276,0
0.0882634,0.441317,-0.0152962,0.00286988,1,0.0271634,0.0344134,0,0.125,277,0
0.0938566,0.469283,-0.0157856,0.004666,1,0.0272615,0.0345115,0,0.125,278,0
0.099316,0.49658,-0.0164472,0.00624916,1,0.0273596,0.0346096,0,0.125,279,0
0.104701,0.523505,-0.0172043,0.00771413,1,0.0274576,0.0347076,0,0.125,280,0
0.110086,0.550431,-0.0179614,0.00917915,1,0.0275557,0.0348057,0,0.125,281,0
0.115471,0.577357,-0.0187185,0.0106441,1,0.0276538,0.0349038,0,0.125,282,0
0.120857,0.604283,-0.0194756,0.0121092,1,0.0277518,0.0350018,0,0.125,283,0
0.126107,0.630533,-0.0203659,0.0132691,1,0.0278499,0.0350999,0,0.125,284,0
0.131274,0.656371,-0.021337,0.0142436,1,0.027948,0.035198,0,0.125,285,0
0.136442,0.68221,-0.0223081,0.0152181,1,0.028046,0.035296,0,0.125,286,0
0.141609,0.708047,-0.0232793,0.0161925,1,0.0281441,0.0353941,0,0.125,287,0
0.146777,0.733886,-0.0242504,0.0171671,1,0.0282421,0.0354921,0,0.125,288,0
0.151812,0.759059,-0.0253307,0.0178155,1,0.0283402,0.0355902,0,0.125,289,0
0.156758,0.783791,-0.0264835,0.0182473,1,0.0284383,0.0356883,0,0.125,290,0
0.161705,0.808523,-0.0276364,0.0186791,1,0.0285363,0.0357863,0,0.125,291,0
0.166651,0.833254,-0.0287892,0.0191109,1,0.0286344,0.0358844,0,0.125,292,0
0.171597,0.857986,-0.029942,0.0195426,1,0.0287325,0.0359825,0,0.125,293,0
0.17643,0.88215,-0.0311561,0.0196995,1,0.0288305,0.0360805,0,0.125,294,0
0.18118,0.905902,-0.0324149,0.0196561,1,0.0289286,0.0361786,0,0.125,295,0
0.185931,0.929653,-0.0336736,0.0196127,1,0.0290266,0.0362766,0,0.125,296,0
0.190681,0.953404,-0.0349324,0.0195692,1,0.0291247,0.0363747,0,0.125,297,0
0.195431,0.977156,-0.0361911,0.0195258,1,0.0292228,0.0364728,0,0.125,298,0
0.200076,1.00038,-0.0374227,0.0192789,1,0.0293208,0.0365708,0,0.125,299,0
0.204636,1.02318,-0.0386327,0.0188698,1,0.0294189,0.0366689,0,0.125,300,0
0.209197,1.04598,-0.0398426,0.0184606,1,0.029517,0.036767,0,0.125,301,0
0.213757,1.06879,-0.0410526,0.0180514,1,0.029615,0.036865,0,0.125,302,0
0.218318,1.09159,-0.0422625,0.0176422,1,0.0297131,0.0369631,0,0.125,303,0
0.222783,1.11392,-0.043358,0.0171137,1,0.0298112,0.0370612,0,0.125,304,0
0.227166,1.13583,-0.0443537,0.016481,1,0.0299092,0.0371592,0,0.125,305,0
0.23155,1.15775,-0.0453493,0.0158482,1,0.0300073,0.0372573,0,0.125,306,0
0.235933,1.17966,-0.0463449,0.0152155,1,0.0301053,0.0373553,0,0.125,307,0
0.240316,1.20158,-0.0473406,0.0145827,1,0.0302034,0.0374534,0,0.125,308,0
0.244619,1.22309,-0.048113,0.0139358,1,0.0303015,0.0375515,0,0.125,309,0
0.248845,1.24423,-0.0486723,0.0132752,1,0.0303995,0.0376495,0,0.125,310,0
0.253071,1.26536,-0.0492316,0.0126147,1,0.0304976,0.0377476,0,0.125,311,0
0.257298,1.28649,-0.049791,0.0119542,1,0.0305957,0.0378457,0,0.125,312,0
0.261524,1.30762,-0.0503503,0.0112936,1,0.0306937,0.0379437,0,0.125,313,0
0.265685,1.32843,-0.0506433,0.0106559,1,0.0307918,0.0380418,0,0.125,314,0
0.269778,1.34889,-0.0506573,0.010042,1,0.0308898,0.0381398,0,0.125,315,0
0.273871,1.36935,-0.0506713,0.00942812,1,0.0309879,0.0382379,0,0.125,316,0
0.277964,1.38982,-0.0506853,0.00881424,1,0.031086,0.038336,0,0.125,317,0
0.282057,1.41028,-0.0506993,0.00820038,1,0.031184,0.038434,0,0.125,318,0
0.286091,1.43046,-0.0505275,0.00763996,1,0.0312821,0.0385321,0,0.125,319,0
0.290058,1.45029,-0.0501419,0.00714107,1,0.0313802,0.0386302,0,0.125,320,0
0.294024,1.47012,-0.0497563,0.0066422,1,0.0314782,0.0387282,0,0.125,321,0
0.297991,1.48996,-0.0493707,0.00614331,1,0.0315763,0.0388263,0,0.125,322,0
0.301958,1.50979,-0.048985,0.00564444,1,0.0316743,0.0389243,0,0.125,323,0
0.305869,1.52934,-0.0484633,0.0052647,1,0.0317724,0.0390224,0,0.125,324,0
0.309708,1.54854,-0.0477687,0.0050362,1,0.0318705,0.0391205,0,0.125,325,0
0.313547,1.56774,-0.0470742,0.00480772,1,0.0319685,0.0392185,0,0.125,326,0
0.317387,1.58693,-0.0463797,0.00457923,1,0.0320666,0.0393166,0,0.125,327,0
0.321226,1.60613,-0.0456852,0.00435074,1,0.0321647,0.0394147,0,0.125,328,0
0.325016,1.62508,-0.0448848,0.00421109,1,0.0322627,0.0395127,0,0.125,329,0
0.328736,1.64368,-0.0439369,0.00419546,1,0.0323608,0.0396108,0,0.125,330,0
0.332456,1.66228,-0.0429889,0.00417984,1,0.0324589,0.0397089,0,0.125,331,0
0.336176,1.68088,-0.0420409,0.00416421,1,0.0325569,0.0398069,0,0.125,332,0
0.339895,1.69948,-0.0410929,0.00414858,1,0.032655,0.039905,0,0.125,333,0
0.343571,1.71786,-0.0401127,0.00420034,1,0.032753,0.040003,0,0.125,334,0
0.347178,1.73589,-0.0390829,0.00435616,1,0.0328511,0.0401011,0,0.125,335,0
0.350785,1.75393,-0.0380531,0.00451198,1,0.0329492,0.0401992,0,0.125,336,0
0.354392,1.77196,-0.0370233,0.00466779,1,0.0330472,0.0402972,0,0.125,337,0
0.357999,1.79,-0.0359935,0.00482361,1,0.0331453,0.0403953,0,0.125,338,0
0.36156,1.8078,-0.0349546,0.00506952,1,0.0332434,0.0404934,0,0.125,339,0
0.365042,1.82521,-0.0339,0.00547036,1,0.0333414,0.0405914,0,0.125,340,0
0.368524,1.84262,-0.0328454,0.00587121,1,0.0334395,0.0406895,0,0.125,341,0
0.372005,1.86003,-0.0317908,0.00627206,1,0.0335375,0.0407875,0,0.125,342,0
0.375487,1.87744,-0.0307363,0.0066729,1,0.0336356,0.0408856,0,0.125,343,0
0.378924,1.89462,-0.0296602,0.00714113,1,0.0337337,0.0409837,0,0.125,344,0
0.382276,1.91138,-0.0285431,0.0077382,1,0.0338317,0.0410817,0,0.125,345,0
0.385628,1.92814,-0.027426,0.00833529,1,0.0339298,0.0411798,0,0.125,346,0
0.388979,1.9449,-0.0263088,0.00893236,1,0.0340279,0.0412779,0,0.125,347,0
0.392331,1.96165,-0.0251917,0.00952945,1,0.0341259,0.0413759,0,0.125,348,0
0.395646,1.97823,-0.024078,0.010129,1,0.034224,0.041474,0,0.125,349,0
0.398882,1.99441,-0.0229718,0.0107337,1,0.034322,0.041572,0,0.125,350,0
0.402118,2.01059,-0.0218656,0.0113384,1,0.0344201,0.0416701,0,0.125,351,0
0.405355,2.02677,-0.0207594,0.0119431,1,0.0345182,0.0417682,0,0.125,352,0
0.408591,2.04295,-0.0196531,0.0125478,1,0.0346162,0.0418662,0,0.125,353,0
0.41179,2.05895,-0.0185831,0.0131355,1,0.0347143,0.0419643,0,0.125,354,0
0.414899,2.07449,-0.0176008,0.0136821,1,0.0348124,0.0420624,0,0.125,355,0
0.418008,2.09004,-0.0166185,0.0142288,1,0.0349104,0.0421604,0,0.125,356,0
0.421117,2.10558,-0.0156362,0.0147754,1,0.0350085,0.0422585,0,0.125,357,0
0.424226,2.12113,-0.0146539,0.0153221,1,0.0351066,0.0423566,0,0.125,358,0
0.427296,2.13648,-0.0137052,0.0158707,1,0.0352046,0.0424546,0,0.125,359,0
0.430261,2.15131,-0.0128492,0.016425,1,0.0353027,0.0425527,0,0.125,360,0
0.433226,2.16613,-0.0119932,0.0169794,1,0.0354007,0.0426507,0,0.125,361,0
0.436191,2.18096,-0.0111372,0.0175336,1,0.0354988,0.0427488,0,0.125,362,0
0.439156,2.19578,-0.0102812,0.0180879,1,0.0355969,0.0428469,0,0.125,363,0
0.442089,2.21044,-0.00944689,0.0186262,1,0.0356949,0.0429449,0,0.125,364,0
0.44492,2.2246,-0.00868079,0.0191138,1,0.035793,0.043043,0,0.125,365,0
0.447751,2.23876,-0.00791468,0.0196015,1,0.0358911,0.0431411,0,0.125,366,0
0.450582,2.25291,-0.0071486,0.0200892,1,0.0359891,0.0432391,0,0.125,367,0
0.453413,2.26707,-0.0063825,0.0205768,1,0.0360872,0.0433372,0,0.125,368,0
0.456221,2.28111,-0.00563607,0.0210369,1,0.0361852,0.0434352,0,0.125,369,0
0.458946,2.29473,-0.00496155,0.0213963,1,0.0362833,0.0435333,0,0.125,370,0
0.46167,2.30835,-0.00428703,0.0217556,1,0.0363814,0.0436314,0,0.125,371,0
0.464394,2.32197,-0.00361254,0.0221149,1,0.0364794,0.0437294,0,0.125,372,0
0.467119,2.33559,-0.00293801,0.0224742,1,0.0365775,0.0438275,0,0.125,373,0
0.46982,2.3491,-0.0022789,0.0228217,1,0.0366756,0.0439256,0,0.125,374,0
0.472424,2.36212,-0.00168611,0.0231182,1,0.0367736,0.0440236,0,0.125,375,0
0.475028,2.37514,-0.00109333,0.0234147,1,0.0368717,0.0441217,0,0.125,376,0
0.477631,2.38816,-0.000500537,0.0237112,1,0.0369698,0.0442198,0,0.125,377,0
0.480235,2.40118,9.22599e-05,0.0240077,1,0.0370678,0.0443178,0,0.125,378,0
0.482819,2.4141,0.000673483,0.024296,1,0.0371659,0.0444159,0,0.125,379,0
0.4853,2.4265,0.00119448,0.0245415,1,0.0372639,0.0445139,0,0.125,380,0
0.487781,2.4389,0.00171545,0.0247869,1,0.037362,0.044612,0,0.125,381,0
0.490262,2.45131,0.00223645,0.0250324,1,0.0374601,0.0447101,0,0.125,382,0
0.492743,2.46371,0.00275744,0.0252779,1,0.0375581,0.0448081,0,0.125,383,0
0.49521,2.47605,0.00326918,0.0255111,1,0.0376562,0.0449062,0,0.125,384,0
0.497591,2.48796,0.00372155,0.0256656,1,0.0377543,0.0450043,0,0.125,385,0
0.499972,2.49986,0.00417389,0.0258202,1,0.0378523,0.0451023,0,0.125,386,0
0.502353,2.51177,0.00462626,0.0259747,1,0.0379504,0.0452004,0,0.125,387,0
0.504734,2.52367,0.0050786,0.0261292,1,0.0380484,0.0452984,0,0.125,388,0
0.507104,2.53552,0.00552494,0.0262724,1,0.0381465,0.0453965,0,0.125,389,0
0.509385,2.54692,0.00592106,0.0263216,1,0.0382446,0.0454946,0,0.125,390,0
0.511665,2.55833,0.00631717,0.0263707,1,0.0383426,0.0455926,0,0.125,391,0
0.513945,2.56973,0.00671329,0.0264198,1,0.0384407,0.0456907,0,0.125,392,0
0.516226,2.58113,0.0071094,0.0264689,1,0.0385388,0.0457888,0,0.125,393,0
0.518497,2.59249,0.00749859,0.0265121,1,0.0386368,0.0458868,0,0.125,394,0
0.520665,2.60332,0.00780664,0.0264852,1,0.0387349,0.0459849,0,0.125,395,0
0.522832,2.61416,0.00811468,0.0264583,1,0.0388329,0.0460829,0,0.125,396,0
0.525,2.625,0.00842273,0.0264315,1,0.038931,0.046181,0,0.125,397,0
0.527167,2.63584,0.00873077,0.0264046,1,0.0390291,0.0462791,0,0.125,398,0
0.529329,2.64665,0.00903217,0.0263748,1,0.0391271,0.0463771,0,0.125,399,0
0.531395,2.65698,0.00921073,0.0262894,1,0.0392252,0.0464752,0,0.125,400,0
0.533461,2.6673,0.00938928,0.0262041,1,0.0393233,0.0465733,0,0.125,401,0
0.535526,2.67763,0.00956783,0.0261187,1,0.0394213,0.0466713,0,0.125,402,0
0.537592,2.68796,0.00974638,0.0260334,1,0.0395194,0.0467694,0,0.125,403,0
0.539655,2.69828,0.00992302,0.0259462,1,0.0396175,0.0468675,0,0.125,404,0
0.541623,2.70812,0.0100182,0.0257816,1,0.0397155,0.0469655,0,0.125,405,0
0.543592,2.71796,0.0101134,0.0256169,1,0.0398136,0.0470636,0,0.125,406,0
0.54556,2.7278,0.0102086,0.0254522,1,0.0399116,0.0471616,0,0.125,407,0
0.547528,2.73764,0.0103038,0.0252876,1,0.0400097,0.0472597,0,0.125,408,0
0.549496,2.74748,0.010399,0.0251229,1,0.0401078,0.0473578,0,0.125,409,0
0.55136,2.7568,0.0104625,0.0248482,1,0.0402058,0.0474558,0,0.125,410,0
0.553223,2.76612,0.0105259,0.024573,1,0.0403039,0.0475539,0,0.125,411,0
0.555087,2.77543,0.0105893,0.0242977,1,0.040402,0.047652,0,0.125,412,0
0.55695,2.78475,0.0106526,0.0240224,1,0.0405,0.04775,0,0.125,413,0
0.558814,2.79407,0.010716,0.0237471,1,0.0405981,0.0478481,0,0.125,414,0
0.56059,2.80295,0.0107111,0.0234151,1,0.0406961,0.0479461,0,0.125,415,0
0.562362,2.81181,0.0107038,0.023081,1,0.0407942,0.0480442,0,0.125,416,0
0.564135,2.82068,0.0106964,0.0227469,1,0.0408923,0.0481423,0,0.125,417,0
0.565908,2.82954,0.0106891,0.0224129,1,0.0409903,0.0482403,0,0.125,418,0
0.567681,2.83841,0.0106818,0.0220788,1,0.0410884,0.0483384,0,0.125,419,0
0.569389,2.84695,0.0106039,0.0217654,1,0.0411865,0.0484365,0,0.125,420,0
0.571093,2.85546,0.0105213,0.0214533,1,0.0412845,0.0485345,0,0.125,421,0
0.572797,2.86398,0.0104387,0.0211413,1,0.0413826,0.0486326,0,0.125,422,0
0.5745,2.8725,0.010356,0.0208293,1,0.0414806,0.0487306,0,0.125,423,0
0.576204,2.88102,0.0102734,0.0205173,1,0.0415787,0.0488287,0,0.125,424,0
0.577855,2.88928,0.0101957,0.020215,1,0.0416768,0.0489268,0,0.125,425,0
0.579502,2.89751,0.0101185,0.0199137,1,0.0417748,0.0490248,0,0.125,426,0
0.581148,2.90574,0.0100414,0.0196124,1,0.0418729,0.0491229,0,0.125,427,0
0.582794,2.91397,0.00996419,0.0193111,1,0.041971,0.049221,0,0.125,428,0
0.584441,2.9222,0.00988701,0.0190098,1,0.042069,0.049319,0,0.125,429,0
0.586033,2.93016,0.00985291,0.0187019,1,0.0421671,0.0494171,0,0.125,430,0
0.587617,2.93808,0.00982475,0.018393,1,0.0422652,0.0495152,0,0.125,431,0
0.589201,2.94601,0.00979659,0.0180842,1,0.0423632,0.0496132,0,0.125,432,0
0.590786,2.95393,0.00976843,0.0177754,1,0.0424613,0.0497113,0,0.125,433,0
0.59237,2.96185,0.00974027,0.0174665,1,0.0425593,0.0498093,0,0.125,434,0
0.593903,2.96952,0.00970903,0.0172102,1,0.0426574,0.0499074,0,0.125,435,0
0.595428,2.97714,0.00967725,0.0169633,1,0.0427555,0.0500055,0,0.125,436,0
0.596952,2.98476,0.00964548,0.0167164,1,0.0428535,0.0501035,0,0.125,437,0
0.598477,2.99238,0.0096137,0.0164695,1,0.0429516,0.0502016,0,0.125,438,0
0.600001,3,0.00958192,0.0162226,1,0.0430497,0.0502997,0,0.125,439,0
0.601484,3.00742,0.00950455,0.0160293,1,0.0431477,0.0503977,0,0.125,440,0
0.602959,3.01479,0.00941712,0.0158478,1,0.0432458,0.0504958,0,0.125,441,0
0.604433,3.02216,0.00932968,0.0156663,1,0.0433438,0.0505938,0,0.125,442,0
0.605907,3.02954,0.00924225,0.0154849,1,0.0434419,0.0506919,0,0.125,443,0
0.607382,3.03691,0.00915482,0.0153034,1,0.04354,0.05079,0,0.125,444,0
0.608813,3.04406,0.00905638,0.015139,1,0.043638,0.050888,0,0.125,445,0
0.610232,3.05116,0.008955,0.0149792,1,0.0437361,0.0509861,0,0.125,446,0
0.611651,3.05826,0.00885362,0.0148193,1,0.0438342,0.0510842,0,0.125,447,0
0.613071,3.06535,0.00875223,0.0146595,1,0.0439322,0.0511822,0,0.125,448,0
0.61449,3.07245,0.00865085,0.0144997,1,0.0440303,0.0512803,0,0.125,449,0
0.615868,3.07934,0.00860712,0.0143993,1,0.0441284,0.0513784,0,0.125,450,0
0.617233,3.08617,0.00858177,0.014318,1,0.0442264,0.0514764,0,0.125,451,0
0.618598,3.09299,0.00855643,0.0142366,1,0.0443245,0.0515745,0,0.125,452,0
0.619963,3.09982,0.00853108,0.0141552,1,0.0444225,0.0516725,0,0.125,453,0
0.621328,3.10664,0.00850573,0.0140739,1,0.0445206,0.0517706,0,0.125,454,0
0.622649,3.11325,0.00850988,0.0140012,1,0.0446187,0.0518687,0,0.125,455,0
0.623953,3.11977,0.00852505,0.0139318,1,0.0447167,0.0519667,0,0.125,456,0
0.625257,3.12629,0.00854023,0.0138623,1,0.0448148,0.0520648,0,0.125,457,0
0.626561,3.13281,0.0085554,0.0137929,1,0.0449129,0.0521629,0,0.125,458,0
0.627865,3.13933,0.00857057,0.0137235,1,0.0450109,0.0522609,0,0.125,459,0
0.629128,3.14564,0.00851479,0.0136183,1,0.045109,0.052359,0,0.125,460,0
0.630373,3.15186,0.0084282,0.0134976,1,0.045207,0.052457,0,0.125,461,0
0.631618,3.15809,0.00834161,0.0133768,1,0.0453051,0.0525551,0,0.125,462,0
0.632863,3.16431,0.00825502,0.0132561,1,0.0454032,0.0526532,0,0.125,463,0
0.634107,3.17054,0.00816843,0.0131354,1,0.0455012,0.0527512,0,0.125,464,0
0.635316,3.17658,0.00802672,0.0130809,1,0.0455993,0.0528493,0,0.125,465,0
0.636507,3.18253,0.00785736,0.0130597,1,0.0456974,0.0529474,0,0.125,466,0
0.637697,3.18849,0.00768799,0.0130385,1,0.0457954,0.0530454,0,0.125,467,0
0.638888,3.19444,0.00751863,0.0130173,1,0.0458935,0.0531435,0,0.125,468,0
0.640078,3.20039,0.00734926,0.0129961,1,0.0459915,0.0532415,0,0.125,469,0
0.64123,3.20615,0.00721578,0.0130432,1,0.0460896,0.0533396,0,0.125,470,0
0.642361,3.2118,0.00710299,0.0131296,1,0.0461877,0.0534377,0,0.125,471,0
0.643491,3.21745,0.0069902,0.013216,1,0.0462857,0.0535357,0,0.125,472,0
0.644621,3.2231,0.00687741,0.0133025,1,0.0463838,0.0536338,0,0.125,473,0
0.645751,3.22876,0.00676462,0.0133889,1,0.0464819,0.0537319,0,0.125,474,0
0.646846,3.23423,0.00669777,0.013447,1,0.0465799,0.0538299,0,0.125,475,0
0.647918,3.23959,0.00666116,0.0134866,1,0.046678,0.053928,0,0.125,476,0
0.64899,3.24495,0.00662456,0.0135262,1,0.0467761,0.0540261,0,0.125,477,0
0.650062,3.25031,0.00658796,0.0135658,1,0.0468741,0.0541241,0,0.125,478,0
0.651134,3.25567,0.00655135,0.0136053,1,0.0469722,0.0542222,0,0.125,479,0
0.652174,3.26087,0.00649853,0.0136115,1,0.0470702,0.0543202,0,0.125,480,0
0.65319,3.26595,0.00643354,0.0135926,1,0.0471683,0.0544183,0,0.125,481,0
0.654207,3.27103,0.00636854,0.0135738,1,0.0472664,0.0545164,0,0.125,482,0
0.655223,3.27611,0.00630355,0.0135549,1,0.0473644,0.0546144,0,0.125,483,0
0.656239,3.2812,0.00623856,0.013536,1,0.0474625,0.0547125,0,0.125,484,0
0.657229,3.28614,0.0061322,0.0135574,1,0.0475606,0.0548106,0,0.125,485,0
0.658196,3.29098,0.00599058,0.013613,1,0.0476586,0.0549086,0,0.125,486,0
0.659163,3.29581,0.00584897,0.0136687,1,0.0477567,0.0550067,0,0.125,487,0
0.66013,3.30065,0.00570735,0.0137244,1,0.0478547,0.0551047,0,0.125,488,0
0.661097,3.30549,0.00556574,0.0137801,1,0.0479528,0.0552028,0,0.125,489,0
0.662038,3.31019,0.00543399,0.0138407,1,0.0480509,0.0553009,0,0.125,490,0
0.662954,3.31477,0.00531182,0.0139062,1,0.0481489,0.0553989,0,0.125,491,0
0.66387,3.31935,0.00518965,0.0139717,1,0.048247,0.055497,0,0.125,492,0
0.664786,3.32393,0.00506747,0.0140371,1,0.0483451,0.0555951,0,0.125,493,0
0.665702,3.32851,0.0049453,0.0141026,1,0.0484431,0.0556931,0,0.125,494,0
0.666598,3.33299,0.00485886,0.0141221,1,0.0485412,0.0557912,0,0.125,495,0
0.667471,3.33736,0.0048119,0.0140908,1,0.0486392,0.0558892,0,0.125,496,0
0.668344,3.34172,0.00476494,0.0140595,1,0.0487373,0.0559873,0,0.125,497,0
0.669217,3.34609,0.00471797,0.0140281,1,0.0488354,0.0560854,0,0.125,498,0
0.67009,3.35045,0.00467101,0.0139968,1,0.0489334,0.0561834,0,0.125,499,0
0.670945,3.35472,0.00463648,0.0139402,1,0.0490315,0.0562815,0,0.125,500,0
0.671776,3.35888,0.00461759,0.0138516,1,0.0491296,0.0563796,0,0.125,501,0
0.672607,3.36304,0.00459871,0.0137631,1,0.0492276,0.0564776,0,0.125,502,0
0.673438,3.36719,0.00457982,0.0136746,1,0.0493257,0.0565757,0,0.125,503,0
0.67427,3.37135,0.00456094,0.0135861,1,0.0494238,0.0566738,0,0.125,504,0
0.675082,3.37541,0.00450234,0.0135124,1,0.0495218,0.0567718,0,0.125,505,0
0.675867,3.37933,0.0043866,0.0134602,1,0.0496199,0.0568699,0,0.125,506,0
0.676651,3.38326,0.00427086,0.013408,1,0.0497179,0.0569679,0,0.125,507,0
0.677436,3.38718,0.00415512,0.0133558,1,0.049816,0.057066,0,0.125,508,0
0.678221,3.3911,0.00403939,0.0133036,1,0.0499141,0.0571641,0,0.125,509,0
0.67899,3.39495,0.00390058,0.0132689,1,0.0500121,0.0572621,0,0.125,510,0
0.679732,3.39866,0.00372358,0.0132632,1,0.0501102,0.0573602,0,0.125,511,0
0.680474,3.40237,0.00354659,0.0132575,1,0.0502083,0.0574583,0,0.125,512,0
0.681217,3.40608,0.00336959,0.0132518,1,0.0503063,0.0575563,0,0.125,513,0
0.681959,3.4098,0.0031926,0.0132461,1,0.0504044,0.0576544,0,0.125,514,0
0.68269,3.41345,0.00303556,0.0132513,1,0.0505024,0.0577524,0,0.125,515,0
0.683401,3.41701,0.00291671,0.0132775,1,0.0506005,0.0578505,0,0.125,516,0
0.684112,3.42056,0.00279786,0.0133036,1,0.0506986,0.0579486,0,0.125,517,0
0.684822,3.42411,0.002679,0.0133298,1,0.0507966,0.0580466,0,0.125,518,0
0.685533,3.42766,0.00256016,0.0133559,1,0.0508947,0.0581447,0,0.125,519,0
0.686234,3.43117,0.00246191,0.0133632,1,0.0509928,0.0582428,0,0.125,520,0
0.686916,3.43458,0.0024096,0.0133284,1,0.0510908,0.0583408,0,0.125,521,0
0.687597,3.43799,0.00235729,0.0132936,1,0.0511889,0.0584389,0,0.125,522,0
0.688279,3.44139,0.00230499,0.0132588,1,0.051287,0.058537,0,0.125,523,0
0.68896,3.4448,0.00225268,0.013224,1,0.051385,0.058635,0,0.125,524,0
0.689633,3.44816,0.00218724,0.0131714,1,0.0514831,0.0587331,0,0.125,525,0
0.690282,3.45141,0.00208736,0.013072,1,0.0515811,0.0588311,0,0.125,526,0
0.69093,3.45465,0.00198748,0.0129727,1,0.0516792,0.0589292,0,0.125,527,0
0.691579,3.4579,0.0018876,0.0128733,1,0.0517773,0.0590273,0,0.125,528,0
0.692228,3.46114,0.00178772,0.0127739,1,0.0518753,0.0591253,0,0.125,529,0
0.69287,3.46435,0.0016838,0.0126769,1,0.0519734,0.0592234,0,0.125,530,0
0.693486,3.46743,0.00156729,0.0125871,1,0.0520715,0.0593215,0,0.125,531,0
0.694102,3.47051,0.00145078,0.0124974,1,0.0521695,0.0594195,0,0.125,532,0
0.694719,3.47359,0.00133427,0.0124077,1,0.0522676,0.0595176,0,0.125,533,0
0.695335,3.47668,0.00121775,0.0123179,1,0.0523656,0.0596156,0,0.125,534,0
0.695943,3.47972,0.00111092,0.0122384,1,0.0524637,0.0597137,0,0.125,535,0
0.69652,3.4826,0.00104096,0.0121979,1,0.0525618,0.0598118,0,0.125,536,0
0.697097,3.48548,0.000970997,0.0121574,1,0.0526598,0.0599098,0,0.125,537,0
0.697673,3.48837,0.000901035,0.0121168,1,0.0527579,0.0600079,0,0.125,538,0
0.69825,3.49125,0.000831071,0.0120763,1,0.052856,0.060106,0,0.125,539,0
0.698819,3.49409,0.00076012,0.0120265,1,0.052954,0.060204,0,0.125,540,0
0.699351,3.49675,0.000684481,0.0119327,1,0.0530521,0.0603021,0,0.125,541,0
0.699882,3.49941,0.000608839,0.0118388,1,0.0531501,0.0604001,0,0.125,542,0
0.700414,3.50207,0.000533199,0.011745,1,0.0532482,0.0604982,0,0.125,543,0
0.700946,3.50473,0.000457557,0.0116511,1,0.0533463,0.0605963,0,0.125,544,0
0.701473,3.50736,0.00038424,0.0115348,1,0.0534443,0.0606943,0,0.125,545,0
0.701973,3.50987,0.000325306,0.0112794,1,0.0535424,0.0607924,0,0.125,546,0
0.702474,3.51237,0.000266372,0.011024,1,0.0536405,0.0608905,0,0.125,547,0
0.702975,3.51487,0.00020744,0.0107687,1,0.0537385,0.0609885,0,0.125,548,0
0.703475,3.51738,0.000148506,0.0105133,1,0.0538366,0.0610866,0,0.125,549,0
0.703973,3.51986,9.13033e-05,0.0102524,1,0.0539346,0.0611846,0,0.125,550,0
0.704444,3.52222,4.89119e-05,0.00994418,1,0.0540327,0.0612827,0,0.125,551,0
0.704915,3.52458,6.52058e-06,0.00963599,1,0.0541308,0.0613808,0,0.125,552,0
0.705387,3.52693,-3.58691e-05,0.00932782,1,0.0542288,0.0614788,0,0.125,553,0
0.705858,3.52929,-7.82605e-05,0.00901964,1,0.0543269,0.0615769,0,0.125,554,0
0.706327,3.53164,-0.000127725,0.0087175,1,0.054425,0.061675,0,0.125,555,0
0.706761,3.53381,-0.000271198,0.0084955,1,0.054523,0.061773,0,0.125,556,0
0.707196,3.53598,-0.00041467,0.0082735,1,0.0546211,0.0618711,0,0.125,557,0
0.70763,3.53815,-0.000558137,0.00805152,1,0.0547192,0.0619692,0,0.125,558,0
0.708064,3.54032,-0.00070161,0.00782952,1,0.0548172,0.0620672,0,0.125,559,0
0.708497,3.54249,-0.000850287,0.00760926,1,0.0549153,0.0621653,0,0.125,560,0
0.7089,3.5445,-0.00114499,0.00743738,1,0.0550133,0.0622633,0,0.125,561,0
0.709302,3.54651,-0.00143968,0.0072655,1,0.0551114,0.0623614,0,0.125,562,0
0.709705,3.54852,-0.00173439,0.00709362,1,0.0552095,0.0624595,0,0.125,563,0
0.710107,3.55054,-0.00202909,0.00692174,1,0.0553075,0.0625575,0,0.125,564,0
0.71051,3.55255,-0.00232379,0.00674985,1,0.0554056,0.0626556,0,0.125,565,0
0.710887,3.55444,-0.00258006,0.00651943,1,0.0555037,0.0627537,0,0.125,566,0
0.711265,3.55632,-0.00283634,0.00628898,1,0.0556017,0.0628517,0,0.125,567,0
0.711642,3.55821,-0.00309262,0.00605853,1,0.0556998,0.0629498,0,0.125,568,0
0.712019,3.5601,-0.00334891,0.00582808,1,0.0557978,0.0630478,0,0.125,569,0
0.712397,3.56198,-0.00360519,0.00559764,1,0.0558959,0.0631459,0,0.125,570,0
0.712757,3.56379,-0.00368921,0.00531677,1,0.055994,0.063244,0,0.125,571,0
0.713117,3.56559,-0.00376688,0.00503402,1,0.056092,0.063342,0,0.125,572,0
0.713478,3.56739,-0.00384455,0.00475128,1,0.0561901,0.0634401,0,0.125,573,0
0.713838,3.56919,-0.00392222,0.00446853,1,0.0562882,0.0635382,0,0.125,574,0
0.714198,3.57099,-0.00399989,0.00418578,1,0.0563862,0.0636362,0,0.125,575,0
0.714541,3.57271,-0.00410635,0.00391416,1,0.0564843,0.0637343,0,0.125,576,0
0.714883,3.57442,-0.00421502,0.00364338,1,0.0565824,0.0638324,0,0.125,577,0
0.715225,3.57613,-0.00432369,0.00337259,1,0.0566804,0.0639304,0,0.125,578,0
0.715568,3.57784,-0.00443236,0.0031018,1,0.0567785,0.0640285,0,0.125,579,0
0.71591,3.57955,-0.00454103,0.00283102,1,0.0568765,0.0641265,0,0.125,580,0
0.716237,3.58118,-0.00480418,0.00262985,1,0.0569746,0.0642246,0,0.125,581,0
0.716562,3.58281,-0.00508599,0.00243707,1,0.0570727,0.0643227,0,0.125,582,0
0.716887,3.58443,-0.0053678,0.00224429,1,0.0571707,0.0644207,0,0.125,583,0
0.717212,3.58606,-0.0056496,0.00205152,1,0.0572688,0.0645188,0,0.125,584,0
0.717537,3.58768,-0.00593139,0.00185875,1,0.0573669,0.0646169,0,0.125,585,0
0.717844,3.58922,-0.00618408,0.00170773,1,0.0574649,0.0647149,0,0.125,586,0
0.718147,3.59074,-0.00643191,0.00156369,1,0.057563,0.064813,0,0.125,587,0
0.718451,3.59226,-0.00667973,0.00141965,1,0.057661,0.064911,0,0.125,588,0
0.718755,3.59377,-0.00692755,0.00127561,1,0.0577591,0.0650091,0,0.125,589,0
0.719059,3.59529,-0.00717536,0.00113158,1,0.0578572,0.0651072,0,0.125,590,0
0.719342,3.59671,-0.00725111,0.000996851,1,0.0579552,0.0652052,0,0.125,591,0
0.719621,3.5981,-0.00728914,0.000864159,1,0.0580533,0.0653033,0,0.125,592,0
0.719899,3.5995,-0.00732717,0.000731467,1,0.0581514,0.0654014,0,0.125,593,0
0.720178,3.60089,-0.0073652,0.000598775,1,0.0582494,0.0654994,0,0.125,594,0
0.720456,3.60228,-0.00740322,0.000466094,1,0.0583475,0.0655975,0,0.125,595,0
0.720721,3.60361,-0.00739208,0.000302257,1,0.0584455,0.0656955,0,0.125,596,0
0.720982,3.60491,-0.00736737,0.000129822,1,0.0585436,0.0657936,0,0.125,597,0
0.721243,3.60621,-0.00734266,-4.26132e-05,1,0.0586417,0.0658917,0,0.125,598,0
0.721503,3.60752,-0.00731795,-0.000215048,1,0.0587397,0.0659897,0,0.125,599,0
0.721764,3.60882,-0.00729323,-0.000387471,1,0.0588378,0.0660878,0,0.125,600,0
0.722017,3.61009,-0.00737587,-0.000572759,1,0.0589359,0.0661859,0,0.125,601,0
0.722268,3.61134,-0.00749486,-0.000762399,1,0.0590339,0.0662839,0,0.125,602,0
0.722519,3.6126,-0.00761384,-0.000952039,1,0.059132,0.066382,0,0.125,603,0
0.72277,3.61385,-0.00773283,-0.00114168,1,0.0592301,0.0664801,0,0.125,604,0
0.723021,3.6151,-0.00785181,-0.0013313,1,0.0593281,0.0665781,0,0.125,605,0
0.723264,3.61632,-0.00799606,-0.00145482,1,0.0594262,0.0666762,0,0.125,606,0
0.723504,3.61752,-0.00815062,-0.0015514,1,0.0595242,0.0667742,0,0.125,607,0
0.723745,3.61872,-0.00830518,-0.00164798,1,0.0596223,0.0668723,0,0.125,608,0
0.723985,3.61992,-0.00845973,-0.00174456,1,0.0597204,0.0669704,0,0.125,609,0
0.724225,3.62112,-0.00861428,-0.00184113,1,0.0598184,0.0670684,0,0.125,610,0
0.724454,3.62227,-0.00864991,-0.00186578,1,0.0599165,0.0671665,0,0.125,611,0
0.724677,3.62338,-0.008628,-0.00185564,1,0.0600146,0.0672646,0,0.125,612,0
0.7249,3.6245,-0.0086061,-0.00184549,1,0.0601126,0.0673626,0,0.125,613,0
0.725123,3.62561,-0.0085842,-0.00183535,1,0.0602107,0.0674607,0,0.125,614,0
0.725346,3.62673,-0.0085623,-0.00182521,1,0.0603087,0.0675587,0,0.125,615,0
0.725554,3.62777,-0.00845765,-0.00180888,1,0.0604068,0.0676568,0,0.125,616,0
0.725755,3.62877,-0.00830574,-0.00178902,1,0.0605049,0.0677549,0,0.125,617,0
0.725955,3.62978,-0.00815382,-0.00176916,1,0.0606029,0.0678529,0,0.125,618,0
0.726156,3.63078,-0.00800191,-0.0017493,1,0.060701,0.067951,0,0.125,619,0
0.726356,3.63178,-0.00785,-0.00172943,1,0.0607991,0.0680491,0,0.125,620,0
0.72655,3.63275,-0.00776909,-0.00172894,1,0.0608971,0.0681471,0,0.125,621,0
0.72674,3.6337,-0.00773577,-0.00174143,1,0.0609952,0.0682452,0,0.125,622,0
0.72693,3.63465,-0.00770244,-0.00175392,1,0.0610933,0.0683433,0,0.125,623,0
0.72712,3.6356,-0.00766912,-0.0017664,1,0.0611913,0.0684413,0,0.125,624,0
0.72731,3.63655,-0.00763579,-0.00177889,1,0.0612894,0.0685394,0,0.125,625,0
0.727502,3.63751,-0.00767573,-0.00178011,1,0.0613874,0.0686374,0,0.125,626,0
0.727696,3.63848,-0.00777295,-0.00177251,1,0.0614855,0.0687355,0,0.125,627,0
0.72789,3.63945,-0.00787017,-0.00176492,1,0.0615836,0.0688336,0,0.125,628,0
0.728084,3.64042,-0.00796739,-0.00175733,1,0.0616816,0.0689316,0,0.125,629,0
0.728278,3.64139,-0.00806461,-0.00174973,1,0.0617797,0.0690297,0,0.125,630,0
0.728469,3.64234,-0.00812978,-0.00169613,1,0.0618778,0.0691278,0,0.125,631,0
0.728657,3.64329,-0.0081658,-0.00160069,1,0.0619758,0.0692258,0,0.125,632,0
0.728846,3.64423,-0.00820183,-0.00150524,1,0.0620739,0.0693239,0,0.125,633,0
0.729035,3.64517,-0.00823785,-0.0014098,1,0.0621719,0.0694219,0,0.125,634,0
0.729223,3.64612,-0.00827387,-0.00131435,1,0.06227,0.06952,0,0.125,635,0
0.729401,3.647,-0.00826809,-0.00118284,1,0.0623681,0.0696181,0,0.125,636,0
0.729567,3.64783,-0.00821811,-0.0010132,1,0.0624661,0.0697161,0,0.125,637,0
0.729733,3.64866,-0.00816812,-0.000843556,1,0.0625642,0.0698142,0,0.125,638,0
0.729899,3.64949,-0.00811815,-0.000673928,1,0.0626623,0.0699123,0,0.125,639,0
0.730065,3.65033,-0.00806816,-0.000504287,1,0.0627603,0.0700103,0,0.125,640,0
0.730226,3.65113,-0.00803214,-0.000333146,1,0.0628584,0.0701084,0,0.125,641,0
0.73038,3.6519,-0.00801327,-0.000160162,1,0.0629565,0.0702064,0,0.125,642,0
0.730534,3.65267,-0.0079944,1.28085e-05,1,0.0630545,0.0703045,0,0.125,643,0
0.730688,3.65344,-0.00797553,0.000185793,1,0.0631526,0.0704026,0,0.125,644,0
0.730842,3.65421,-0.00795667,0.000358777,1,0.0632506,0.0705006,0,0.125,645,0
0.730995,3.65497,-0.0079865,0.00053251,1,0.0633487,0.0705987,0,0.125,646,0
0.731145,3.65573,-0.00808643,0.000707324,1,0.0634468,0.0706968,0,0.125,647,0
0.731295,3.65648,-0.00818636,0.000882124,1,0.0635448,0.0707948,0,0.125,648,0
0.731445,3.65723,-0.00828629,0.00105694,1,0.0636429,0.0708929,0,0.125,649,0
0.731596,3.65798,-0.00838622,0.00123175,1,0.063741,0.0709909,0,0.125,650,0
0.731745,3.65872,-0.00849308,0.00140883,1,0.063839,0.071089,0,0.125,651,0
0.731892,3.65946,-0.00861165,0.00158973,1,0.0639371,0.0711871,0,0.125,652,0
0.73204,3.6602,-0.00873022,0.00177063,1,0.0640351,0.0712851,0,0.125,653,0
0.732187,3.66094,-0.00884879,0.00195153,1,0.0641332,0.0713832,0,0.125,654,0
0.732335,3.66167,-0.00896736,0.00213244,1,0.0642313,0.0714813,0,0.125,655,0
0.73248,3.6624,-0.00905269,0.00231297,1,0.0643293,0.0715793,0,0.125,656,0
0.732622,3.66311,-0.00907133,0.00249274,1,0.0644274,0.0716774,0,0.125,657,0
0.732764,3.66382,-0.00908996,0.0026725,1,0.0645255,0.0717755,0,0.125,658,0
0.732905,3.66453,-0.0091086,0.00285228,1,0.0646235,0.0718735,0,0.125,659,0
0.733047,3.66523,-0.00912724,0.00303205,1,0.0647216,0.0719716,0,0.125,660,0
0.733187,3.66594,-0.00912804,0.00320952,1,0.0648196,0.0720696,0,0.125,661,0
0.733325,3.66662,-0.00908602,0.00338143,1,0.0649177,0.0721677,0,0.125,662,0
0.733462,3.66731,-0.00904401,0.00355333,1,0.0650158,0.0722658,0,0.125,663,0
0.7336,3.668,-0.009002,0.00372524,1,0.0651138,0.0723638,0,0.125,664,0
0.733738,3.66869,-0.00895998,0.00389716,1,0.0652119,0.0724619,0,0.125,665,0
0.733876,3.66938,-0.00893034,0.00406384,1,0.06531,0.07256,0,0.125,666,0
0.734017,3.67008,-0.00893677,0.00421528,1,0.065408,0.072658,0,0.125,667,0
0.734158,3.67079,-0.0089432,0.00436674,1,0.0655061,0.0727561,0,0.125,668,0
0.734299,3.67149,-0.00894963,0.00451819,1,0.0656042,0.0728541,0,0.125,669,0
0.73444,3.6722,-0.00895606,0.00466965,1,0.0657022,0.0729522,0,0.125,670,0
0.73458,3.6729,-0.0089828,0.00482239,1,0.0658003,0.0730503,0,0.125,671,0
0.734716,3.67358,-0.00908284,0.00497979,1,0.0658983,0.0731483,0,0.125,672,0
0.734852,3.67426,-0.00918288,0.0051372,1,0.0659964,0.0732464,0,0.125,673,0
0.734988,3.67494,-0.00928292,0.00529462,1,0.0660945,0.0733445,0,0.125,674,0
0.735125,3.67562,-0.00938297,0.00545203,1,0.0661925,0.0734425,0,0.125,675,0
0.735259,3.6763,-0.00948249,0.00562365,1,0.0662906,0.0735406,0,0.125,676,0
0.735387,3.67693,-0.0095796,0.00586117,1,0.0663887,0.0736386,0,0.125,677,0
0.735515,3.67757,-0.00967672,0.0060987,1,0.0664867,0.0737367,0,0.125,678,0
0.735642,3.67821,-0.00977384,0.00633624,1,0.0665848,0.0738348,0,0.125,679,0
0.73577,3.67885,-0.00987096,0.00657378,1,0.0666828,0.0739328,0,0.125,680,0
0.735897,3.67949,-0.00995789,0.00681758,1,0.0667809,0.0740309,0,0.125,681,0
0.736022,3.68011,-0.00998109,0.00710061,1,0.066879,0.074129,0,0.125,682,0
0.736147,3.68074,-0.0100043,0.00738365,1,0.066977,0.074227,0,0.125,683,0
0.736272,3.68136,-0.0100275,0.00766669,1,0.0670751,0.0743251,0,0.125,684,0
0.736397,3.68199,-0.0100507,0.00794973,1,0.0671732,0.0744232,0,0.125,685,0
0.736523,3.68262,-0.0100659,0.0082271,1,0.0672712,0.0745212,0,0.125,686,0
0.736656,3.68328,-0.010009,0.0084529,1,0.0673693,0.0746193,0,0.125,687,0
0.736789,3.68395,-0.00995207,0.00867871,1,0.0674673,0.0747173,0,0.125,688,0
0.736922,3.68461,-0.00989514,0.00890453,1,0.0675654,0.0748154,0,0.125,689,0
0.737055,3.68527,-0.00983821,0.00913034,1,0.0676635,0.0749135,0,0.125,690,0
0.737188,3.68594,-0.00978263,0.00934994,1,0.0677615,0.0750115,0,0.125,691,0
0.737328,3.68664,-0.00974841,0.00947134,1,0.0678596,0.0751096,0,0.125,692,0
0.737467,3.68734,-0.00971419,0.00959274,1,0.0679577,0.0752077,0,0.125,693,0
0.737607,3.68803,-0.00967997,0.00971414,1,0.0680557,0.0753057,0,0.125,694,0
0.737746,3.68873,-0.00964576,0.00983554,1,0.0681538,0.0754038,0,0.125,695,0
0.737886,3.68943,-0.00961316,0.00995742,1,0.0682518,0.0755018,0,0.125,696,0
0.738017,3.69009,-0.00966517,0.0101046,1,0.0683499,0.0755999,0,0.125,697,0
0.738149,3.69075,-0.00971719,0.0102517,1,0.068448,0.075698,0,0.125,698,0
0.738281,3.6914,-0.0097692,0.0103988,1,0.068546,0.075796,0,0.125,699,0
0.738412,3.69206,-0.00982121,0.010546,1,0.0686441,0.0758941,0,0.125,700,0
0.738544,3.69272,-0.00987322,0.0106931,1,0.0687422,0.0759922,0,0.125,701,0
0.738665,3.69332,-0.00996289,0.0109378,1,0.0688402,0.0760902,0,0.125,702,0
0.738785,3.69392,-0.0100534,0.0111845,1,0.0689383,0.0761883,0,0.125,703,0
0.738905,3.69453,-0.0101438,0.0114312,1,0.0690363,0.0762864,0,0.125,704,0
0.739026,3.69513,-0.0102343,0.0116779,1,0.0691344,0.0763844,0,0.125,705,0
0.739146,3.69573,-0.0103248,0.0119246,1,0.0692325,0.0764825,0,0.125,706,0
0.739257,3.69629,-0.0103833,0.0121675,1,0.0693305,0.0765805,0,0.125,707,0
0.739368,3.69684,-0.0104399,0.0124102,1,0.0694286,0.0766786,0,0.125,708,0
0.739478,3.69739,-0.0104964,0.0126529,1,0.0695267,0.0767767,0,0.125,709,0
0.739588,3.69794,-0.0105529,0.0128957,1,0.0696247,0.0768747,0,0.125,710,0
0.739699,3.69849,-0.0106095,0.0131383,1,0.0697228,0.0769728,0,0.125,711,0
0.739803,3.69901,-0.0106347,0.0132831,1,0.0698209,0.0770709,0,0.125,712,0
0.739906,3.69953,-0.0106564,0.0134168,1,0.0699189,0.0771689,0,0.125,713,0
0.740009,3.70005,-0.010678,0.0135506,1,0.070017,0.077267,0,0.125,714,0
0.740112,3.70056,-0.0106997,0.0136843,1,0.070115,0.077365,0,0.125,715,0
0.740215,3.70108,-0.0107214,0.0138181,1,0.0702131,0.0774631,0,0.125,716,0
0.740309,3.70154,-0.0107914,0.0138987,1,0.0703112,0.0775612,0,0.125,717,0
0.740401,3.702,-0.0108694,0.0139705,1,0.0704092,0.0776592,0,0.125,718,0
0.740493,3.70246,-0.0109474,0.0140424,1,0.0705073,0.0777573,0,0.125,719,0
0.740585,3.70292,-0.0110253,0.0141142,1,0.0706054,0.0778554,0,0.125,720,0
0.740677,3.70338,-0.0111033,0.014186,1,0.0707034,0.0779534,0,0.125,721,0
0.740761,3.70381,-0.0112117,0.0142955,1,0.0708015,0.0780515,0,0.125,722,0
0.740845,3.70422,-0.0113269,0.0144134,1,0.0708995,0.0781495,0,0.125,723,0
0.740928,3.70464,-0.0114421,0.0145313,1,0.0709976,0.0782476,0,0.125,724,0
0.741011,3.70506,-0.0115573,0.0146491,1,0.0710957,0.0783457,0,0.125,725,0
0.741095,3.70547,-0.0116725,0.014767,1,0.0711937,0.0784437,0,0.125,726,0
0.741173,3.70587,-0.0117775,0.0148895,1,0.0712918,0.0785418,0,0.125,727,0
0.741251,3.70625,-0.0118796,0.0150134,1,0.0713899,0.0786399,0,0.125,728,0
0.741328,3.70664,-0.0119816,0.0151373,1,0.0714879,0.0787379,0,0.125,729,0
0.741406,3.70703,-0.0120837,0.0152611,1,0.071586,0.078836,0,0.125,730,0
0.741483,3.70741,-0.0121858,0.015385,1,0.071684,0.0789341,0,0.125,731,0
0.741557,3.70778,-0.0123364,0.0154124,1,0.0717821,0.0790321,0,0.125,732,0
0.74163,3.70815,-0.0125043,0.0154052,1,0.0718802,0.0791302,0,0.125,733,0
0.741702,3.70851,-0.0126723,0.015398,1,0.0719782,0.0792282,0,0.125,734,0
0.741775,3.70888,-0.0128403,0.0153909,1,0.0720763,0.0793263,0,0.125,735,0
0.741848,3.70924,-0.0130082,0.0153837,1,0.0721744,0.0794244,0,0.125,736,0
0.74191,3.70955,-0.0132124,0.0152948,1,0.0722724,0.0795224,0,0.125,737,0
0.741969,3.70984,-0.0134324,0.0151701,1,0.0723705,0.0796205,0,0.125,738,0
0.742027,3.71013,-0.0136524,0.0150454,1,0.0724686,0.0797186,0,0.125,739,0
0.742085,3.71043,-0.0138724,0.0149207,1,0.0725666,0.0798166,0,0.125,740,0
0.742143,3.71072,-0.0140924,0.014796,1,0.0726647,0.0799147,0,0.125,741,0
0.742193,3.71096,-0.0142666,0.0147007,1,0.0727627,0.0800127,0,0.125,742,0
0.742238,3.71119,-0.0144166,0.0146211,1,0.0728608,0.0801108,0,0.125,743,0
0.742283,3.71141,-0.0145666,0.0145414,1,0.0729589,0.0802089,0,0.125,744,0
0.742328,3.71164,-0.0147166,0.0144617,1,0.0730569,0.0803069,0,0.125,745,0
0.742373,3.71186,-0.0148665,0.0143821,1,0.073155,0.080405,0,0.125,746,0
0.742414,3.71207,-0.0149926,0.0143381,1,0.0732531,0.0805031,0,0.125,747,0
0.742453,3.71226,-0.0151035,0.0143168,1,0.0733511,0.0806011,0,0.125,748,0
0.742492,3.71246,-0.0152145,0.0142955,1,0.0734492,0.0806992,0,0.125,749,0
0.742531,3.71265,-0.0153254,0.0142742,1,0.0735472,0.0807972,0,0.125,750,0
0.74257,3.71285,-0.0154363,0.0142529,1,0.0736453,0.0808953,0,0.125,751,0
0.74261,3.71305,-0.0155896,0.0141882,1,0.0737434,0.0809934,0,0.125,752,0
0.742652,3.71326,-0.0157746,0.014091,1,0.0738414,0.0810914,0,0.125,753,0
0.742694,3.71347,-0.0159595,0.0139938,1,0.0739395,0.0811895,0,0.125,754,0
0.742735,3.71368,-0.0161445,0.0138967,1,0.0740376,0.0812876,0,0.125,755,0
0.742777,3.71389,-0.0163294,0.0137995,1,0.0741356,0.0813856,0,0.125,756,0
0.742825,3.71412,-0.0165178,0.0136451,1,0.0742337,0.0814837,0,0.125,757,0
0.742878,3.71439,-0.0167092,0.01344,1,0.0743318,0.0815818,0,0.125,758,0
0.74293,3.71465,-0.0169006,0.0132349,1,0.0744298,0.0816798,0,0.125,759,0
0.742983,3.71492,-0.017092,0.0130298,1,0.0745279,0.0817779,0,0.125,760,0
0.743036,3.71518,-0.0172834,0.0128247,1,0.0746259,0.0818759,0,0.125,761,0
0.743093,3.71546,-0.0174267,0.0126188,1,0.074724,0.081974,0,0.125,762,0
0.743153,3.71576,-0.0175193,0.0124121,1,0.0748221,0.0820721,0,0.125,763,0
0.743213,3.71606,-0.0176119,0.0122054,1,0.0749201,0.0821701,0,0.125,764,0
0.743273,3.71637,-0.0177045,0.0119986,1,0.0750182,0.0822682,0,0.125,765,0
0.743333,3.71667,-0.0177972,0.0117919,1,0.0751163,0.0823663,0,0.125,766,0
0.743394,3.71697,-0.0178747,0.0116094,1,0.0752143,0.0824643,0,0.125,767,0
0.743456,3.71728,-0.0179333,0.011457,1,0.0753124,0.0825624,0,0.125,768,0
0.743517,3.71759,-0.017992,0.0113046,1,0.0754104,0.0826604,0,0.125,769,0
0.743579,3.71789,-0.0180507,0.0111522,1,0.0755085,0.0827585,0,0.125,770,0
0.74364,3.7182,-0.0181094,0.0109998,1,0.0756066,0.0828566,0,0.125,771,0
0.743703,3.71851,-0.0181857,0.0108355,1,0.0757046,0.0829546,0,0.125,772,0
0.743767,3.71883,-0.018288,0.0106536,1,0.0758027,0.0830527,0,0.125,773,0
0.743831,3.71915,-0.0183903,0.0104717,1,0.0759008,0.0831508,0,0.125,774,0
0.743895,3.71947,-0.0184926,0.0102898,1,0.0759988,0.0832488,0,0.125,775,0
0.743959,3.7198,-0.0185949,0.0101079,1,0.0760969,0.0833469,0,0.125,776,0
0.744027,3.72013,-0.018681,0.00991328,1,0.076195,0.083445,0,0.125,777,0
0.7441,3.7205,-0.0187387,0.00969616,1,0.076293,0.083543,0,0.125,778,0
0.744173,3.72087,-0.0187963,0.00947907,1,0.0763911,0.0836411,0,0.125,779,0
0.744247,3.72123,-0.018854,0.00926196,1,0.0764891,0.0837391,0,0.125,780,0
0.74432,3.7216,-0.0189116,0.00904485,1,0.0765872,0.0838372,0,0.125,781,0
0.744396,3.72198,-0.0189384,0.00884395,1,0.0766853,0.0839353,0,0.125,782,0
0.744477,3.72239,-0.0188996,0.00867755,1,0.0767833,0.0840333,0,0.125,783,0
0.744559,3.72279,-0.0188608,0.00851113,1,0.0768814,0.0841314,0,0.125,784,0
0.74464,3.7232,-0.018822,0.00834472,1,0.0769795,0.0842295,0,0.125,785,0
0.744721,3.72361,-0.0187832,0.0081783,1,0.0770775,0.0843275,0,0.125,786,0
0.744806,3.72403,-0.0187401,0.00803218,1,0.0771756,0.0844256,0,0.125,787,0
0.7449,3.7245,-0.0186858,0.00793898,1,0.0772736,0.0845236,0,0.125,788,0
0.744994,3.72497,-0.0186315,0.00784578,1,0.0773717,0.0846217,0,0.125,789,0
0.745088,3.72544,-0.0185772,0.00775257,1,0.0774698,0.0847198,0,0.125,790,0
0.745181,3.72591,-0.0185229,0.00765936,1,0.0775678,0.0848178,0,0.125,791,0
0.745277,3.72639,-0.0184721,0.00756177,1,0.0776659,0.0849159,0,0.125,792,0
0.745379,3.72689,-0.0184329,0.00744989,1,0.077764,0.085014,0,0.125,793,0
0.745481,3.7274,-0.0183936,0.007338,1,0.077862,0.085112,0,0.125,794,0
0.745583,3.72791,-0.0183543,0.0072261,1,0.0779601,0.0852101,0,0.125,795,0
0.745684,3.72842,-0.0183151,0.00711421,1,0.0780582,0.0853081,0,0.125,796,0
0.745786,3.72893,-0.0182677,0.00699307,1,0.0781562,0.0854062,0,0.125,797,0
0.74589,3.72945,-0.0181863,0.00683303,1,0.0782543,0.0855043,0,0.125,798,0
0.745993,3.72996,-0.0181048,0.00667296,1,0.0783523,0.0856023,0,0.125,799,0
0.746096,3.73048,-0.0180234,0.0065129,1,0.0784504,0.0857004,0,0.125,800,0
0.746199,3.73099,-0.017942,0.00635284,1,0.0785485,0.0857985,0,0.125,801,0
0.746302,3.73151,-0.0178514,0.00619911,1,0.0786465,0.0858965,0,0.125,802,0
0.746407,3.73203,-0.0177086,0.00608148,1,0.0787446,0.0859946,0,0.125,803,0
0.746511,3.73256,-0.0175659,0.00596385,1,0.0788427,0.0860927,0,0.125,804,0
0.746616,3.73308,-0.0174231,0.00584622,1,0.0789407,0.0861907,0,0.125,805,0
0.74672,3.7336,-0.0172804,0.00572859,1,0.0790388,0.0862888,0,0.125,806,0
0.746825,3.73413,-0.0171337,0.00562044,1,0.0791368,0.0863868,0,0.125,807,0
0.746935,3.73468,-0.0169544,0.00559193,1,0.0792349,0.0864849,0,0.125,808,0
0.747046,3.73523,-0.016775,0.00556341,1,0.079333,0.086583,0,0.125,809,0
0.747156,3.73578,-0.0165956,0.0055349,1,0.079431,0.086681,0,0.125,810,0
0.747267,3.73633,-0.0164163,0.00550638,1,0.0795291,0.0867791,0,0.125,811,0
0.747377,3.73689,-0.0162362,0.00547947,1,0.0796272,0.0868772,0,0.125,812,0
0.747494,3.73747,-0.0160462,0.00547656,1,0.0797252,0.0869752,0,0.125,813,0
0.747611,3.73806,-0.0158561,0.00547364,1,0.0798233,0.0870733,0,0.125,814,0
0.747728,3.73864,-0.015666,0.00547073,1,0.0799213,0.0871713,0,0.125,815,0
0.747845,3.73923,-0.0154759,0.00546781,1,0.0800194,0.0872694,0,0.125,816,0
0.747962,3.73981,-0.0152857,0.00546473,1,0.0801175,0.0873675,0,0.125,817,0
0.748085,3.74043,-0.0150884,0.00545322,1,0.0802155,0.0874655,0,0.125,818,0
0.748208,3.74104,-0.0148911,0.00544172,1,0.0803136,0.0875636,0,0.125,819,0
0.748331,3.74166,-0.0146938,0.00543022,1,0.0804117,0.0876617,0,0.125,820,0
0.748454,3.74227,-0.0144965,0.00541871,1,0.0805097,0.0877597,0,0.125,821,0
0.748577,3.74289,-0.0142992,0.00540721,1,0.0806078,0.0878578,0,0.125,822,0
0.748701,3.7435,-0.0141018,0.00540019,1,0.0807059,0.0879558,0,0.125,823,0
0.748824,3.74412,-0.0139043,0.00539327,1,0.0808039,0.0880539,0,0.125,824,0
0.748948,3.74474,-0.0137069,0.00538635,1,0.080902,0.088152,0,0.125,825,0
0.749071,3.74536,-0.0135095,0.00537944,1,0.081,0.08825,0,0.125,826,0
0.749195,3.74598,-0.0133121,0.00537252,1,0.0810981,0.0883481,0,0.125,827,0
0.749317,3.74658,-0.0130972,0.00540929,1,0.0811962,0.0884462,0,0.125,828,0
0.749438,3.74719,-0.0128809,0.00544922,1,0.0812942,0.0885442,0,0.125,829,0
0.74956,3.7478,-0.0126647,0.00548914,1,0.0813923,0.0886423,0,0.125,830,0
0.749682,3.74841,-0.0124485,0.00552907,1,0.0814904,0.0887404,0,0.125,831,0
0.749803,3.74902,-0.0122322,0.00556899,1,0.0815884,0.0888384,0,0.125,832,0
0.749928,3.74964,-0.0119497,0.00564654,1,0.0816865,0.0889365,0,0.125,833,0
0.750053,3.75026,-0.011659,0.00572879,1,0.0817845,0.0890345,0,0.125,834,0
0.750178,3.75089,-0.0113682,0.00581104,1,0.0818826,0.0891326,0,0.125,835,0
0.750302,3.75151,-0.0110774,0.00589329,1,0.0819807,0.0892307,0,0.125,836,0
0.750427,3.75214,-0.0107867,0.00597554,1,0.0820787,0.0893287,0,0.125,837,0
0.750555,3.75278,-0.0104703,0.00608302,1,0.0821768,0.0894268,0,0.125,838,0
0.750683,3.75342,-0.0101492,0.00619511,1,0.0822749,0.0895249,0,0.125,839,0
0.750811,3.75406,-0.00982809,0.00630721,1,0.0823729,0.0896229,0,0.125,840,0
0.75094,3.7547,-0.00950702,0.0064193,1,0.082471,0.089721,0,0.125,841,0
0.751068,3.75534,-0.00918592,0.0065314,1,0.082569,0.089819,0,0.125,842,0
0.751189,3.75595,-0.00890216,0.00667618,1,0.0826671,0.0899171,0,0.125,843,0
0.751309,3.75654,-0.00862764,0.00682905,1,0.0827652,0.0900152,0,0.125,844,0
0.751428,3.75714,-0.00835313,0.00698191,1,0.0828632,0.0901132,0,0.125,845,0
0.751548,3.75774,-0.00807863,0.00713477,1,0.0829613,0.0902113,0,0.125,846,0
0.751668,3.75834,-0.00780411,0.00728764,1,0.0830594,0.0903094,0,0.125,847,0
0.751782,3.75891,-0.00754349,0.00746934,1,0.0831574,0.0904074,0,0.125,848,0
0.751894,3.75947,-0.0072873,0.00766025,1,0.0832555,0.0905055,0,0.125,849,0
0.752006,3.76003,-0.00703112,0.00785116,1,0.0833535,0.0906036,0,0.125,850,0
0.752119,3.76059,-0.00677496,0.00804205,1,0.0834516,0.0907016,0,0.125,851,0
0.752231,3.76116,-0.00651878,0.00823296,1,0.0835497,0.0907997,0,0.125,852,0
0.752347,3.76174,-0.00619874,0.00841988,1,0.0836477,0.0908977,0,0.125,853,0
0.752465,3.76232,-0.00585302,0.00860519,1,0.0837458,0.0909958,0,0.125,854,0
0.752583,3.76291,-0.0055073,0.00879051,1,0.0838439,0.0910939,0,0.125,855,0
0.7527,3.7635,-0.00516161,0.00897581,1,0.0839419,0.0911919,0,0.125,856,0
0.752818,3.76409,-0.00481589,0.00916112,1,0.08404,0.09129,0,0.125,857,0
0.752934,3.76467,-0.00442426,0.00932968,1,0.0841381,0.0913881,0,0.125,858,0
0.75305,3.76525,-0.00400997,0.00948997,1,0.0842361,0.0914861,0,0.125,859,0
0.753165,3.76583,-0.00359568,0.00965026,1,0.0843342,0.0915842,0,0.125,860,0
0.753281,3.7664,-0.00318142,0.00981054,1,0.0844322,0.0916822,0,0.125,861,0
0.753397,3.76698,-0.00276712,0.00997082,1,0.0845303,0.0917803,0,0.125,862,0
0.753503,3.76752,-0.00238396,0.0101501,1,0.0846284,0.0918784,0,0.125,863,0
0.753604,3.76802,-0.00201949,0.0103408,1,0.0847264,0.0919764,0,0.125,864,0
0.753705,3.76853,-0.00165502,0.0105315,1,0.0848245,0.0920745,0,0.125,865,0
0.753806,3.76903,-0.00129058,0.0107222,1,0.0849226,0.0921726,0,0.125,866,0
0.753908,3.76954,-0.000926106,0.0109129,1,0.0850206,0.0922706,0,0.125,867,0
0.754003,3.77001,-0.000592862,0.011145,1,0.0851187,0.0923687,0,0.125,868,0
0.754094,3.77047,-0.000282225,0.0114071,1,0.0852167,0.0924667,0,0.125,869,0
0.754185,3.77093,2.83883e-05,0.0116691,1,0.0853148,0.0925648,0,0.125,870,0
0.754276,3.77138,0.000339025,0.0119311,1,0.0854129,0.0926629,0,0.125,871,0
0.754368,3.77184,0.000649663,0.0121931,1,0.0855109,0.0927609,0,0.125,872,0
0.754458,3.77229,0.000978495,0.0124275,1,0.085609,0.092859,0,0.125,873,0
0.754547,3.77273,0.00132312,0.0126379,1,0.0857071,0.0929571,0,0.125,874,0
0.754636,3.77318,0.00166772,0.0128483,1,0.0858051,0.0930551,0,0.125,875,0
0.754725,3.77363,0.00201234,0.0130587,1,0.0859032,0.0931532,0,0.125,876,0
0.754815,3.77407,0.00235696,0.0132691,1,0.0860012,0.0932513,0,0.125,877,0
0.754904,3.77452,0.00272319,0.0134226,1,0.0860993,0.0933493,0,0.125,878,0
0.754993,3.77497,0.00311184,0.0135171,1,0.0861974,0.0934474,0,0.125,879,0
0.755082,3.77541,0.00350046,0.0136115,1,0.0862954,0.0935454,0,0.125,880,0
0.755171,3.77586,0.00388911,0.013706,1,0.0863935,0.0936435,0,0.125,881,0
0.755261,3.7763,0.00427776,0.0138005,1,0.0864916,0.0937416,0,0.125,882,0
0.755347,3.77673,0.00466701,0.0138912,1,0.0865896,0.0938396,0,0.125,883,0
0.755429,3.77715,0.005057,0.0139774,1,0.0866877,0.0939377,0,0.125,884,0
0.755512,3.77756,0.00544696,0.0140636,1,0.0867857,0.0940358,0,0.125,885,0
0.755595,3.77797,0.00583696,0.0141498,1,0.0868838,0.0941338,0,0.125,886,0
0.755677,3.77839,0.00622695,0.014236,1,0.0869819,0.0942319,0,0.125,887,0
0.755758,3.77879,0.00659716,0.0143597,1,0.0870799,0.0943299,0,0.125,888,0
0.755838,3.77919,0.00693786,0.0145395,1,0.087178,0.094428,0,0.125,889,0
0.755917,3.77959,0.00727853,0.0147192,1,0.0872761,0.0945261,0,0.125,890,0
0.755996,3.77998,0.00761922,0.014899,1,0.0873741,0.0946241,0,0.125,891,0
0.756076,3.78038,0.00795992,0.0150788,1,0.0874722,0.0947222,0,0.125,892,0
0.756154,3.78077,0.00827545,0.0152519,1,0.0875703,0.0948203,0,0.125,893,0
0.756232,3.78116,0.00854537,0.015413,1,0.0876683,0.0949183,0,0.125,894,0
0.75631,3.78155,0.00881526,0.0155741,1,0.0877664,0.0950164,0,0.125,895,0
0.756388,3.78194,0.00908517,0.0157352,1,0.0878644,0.0951144,0,0.125,896,0
0.756466,3.78233,0.00935509,0.0158963,1,0.0879625,0.0952125,0,0.125,897,0
0.756543,3.78271,0.00961849,0.0160134,1,0.0880606,0.0953106,0,0.125,898,0
0.756616,3.78308,0.00986745,0.0160328,1,0.0881586,0.0954086,0,0.125,899,0
0.756689,3.78345,0.0101164,0.0160523,1,0.0882567,0.0955067,0,0.125,900,0
0.756763,3.78381,0.0103654,0.0160717,1,0.0883548,0.0956048,0,0.125,901,0
0.756836,3.78418,0.0106144,0.0160912,1,0.0884528,0.0957028,0,0.125,902,0
0.756909,3.78455,0.0108662,0.0160894,1,0.0885509,0.0958009,0,0.125,903,0
0.756982,3.78491,0.0111257,0.0160289,1,0.0886489,0.0958989,0,0.125,904,0
0.757055,3.78527,0.0113852,0.0159683,1,0.088747,0.095997,0,0.125,905,0
0.757127,3.78564,0.0116448,0.0159077,1,0.0888451,0.0960951,0,0.125,906,0
0.7572,3.786,0.0119043,0.0158471,1,0.0889431,0.0961931,0,0.125,907,0
0.757273,3.78637,0.0121555,0.0158018,1,0.0890412,0.0962912,0,0.125,908,0
0.757348,3.78674,0.0123768,0.015811,1,0.0891393,0.0963893,0,0.125,909,0
0.757422,3.78711,0.0125983,0.0158201,1,0.0892373,0.0964873,0,0.125,910,0
0.757497,3.78749,0.0128197,0.0158293,1,0.0893354,0.0965854,0,0.125,911,0
0.757572,3.78786,0.0130411,0.0158384,1,0.0894335,0.0966835,0,0.125,912,0
0.757648,3.78824,0.0132459,0.0158541,1,0.0895315,0.0967815,0,0.125,913,0
0.75773,3.78865,0.013372,0.0159006,1,0.0896296,0.0968796,0,0.125,914,0
0.757811,3.78906,0.0134982,0.0159471,1,0.0897276,0.0969776,0,0.125,915,0
0.757893,3.78947,0.0136244,0.0159936,1,0.0898257,0.0970757,0,0.125,916,0
0.757975,3.78988,0.0137506,0.0160402,1,0.0899238,0.0971738,0,0.125,917,0
0.758057,3.79029,0.0138681,0.0160757,1,0.0900218,0.0972718,0,0.125,918,0
0.758141,3.79071,0.0139269,0.0160373,1,0.0901199,0.0973699,0,0.125,919,0
0.758225,3.79113,0.0139857,0.015999,1,0.090218,0.097468,0,0.125,920,0
0.758309,3.79155,0.0140445,0.0159606,1,0.090316,0.097566,0,0.125,921,0
0.758393,3.79197,0.0141033,0.0159222,1,0.0904141,0.0976641,0,0.125,922,0
0.758477,3.79238,0.0141639,0.0158749,1,0.0905122,0.0977622,0,0.125,923,0
0.758559,3.79279,0.0142452,0.0157295,1,0.0906102,0.0978602,0,0.125,924,0
0.758641,3.7932,0.0143264,0.015584,1,0.0907083,0.0979583,0,0.125,925,0
0.758723,3.79361,0.0144077,0.0154385,1,0.0908063,0.0980563,0,0.125,926,0
0.758804,3.79402,0.0144889,0.0152931,1,0.0909044,0.0981544,0,0.125,927,0
0.758887,3.79443,0.0145713,0.0151479,1,0.0910025,0.0982525,0,0.125,928,0
0.758974,3.79487,0.0146832,0.015011,1,0.0911005,0.0983505,0,0.125,929,0
0.759062,3.79531,0.014795,0.0148741,1,0.0911986,0.0984486,0,0.125,930,0
0.75915,3.79575,0.0149068,0.0147372,1,0.0912967,0.0985467,0,0.125,931,0
0.759238,3.79619,0.0150186,0.0146003,1,0.0913947,0.0986447,0,0.125,932,0
0.759326,3.79663,0.0151304,0.0144634,1,0.0914928,0.0987428,0,0.125,933,0
0.759421,3.7971,0.0151731,0.0144141,1,0.0915908,0.0988408,0,0.125,934,0
0.759516,3.79758,0.0152151,0.0143657,1,0.0916889,0.0989389,0,0.125,935,0
0.759611,3.79806,0.0152572,0.0143173,1,0.091787,0.099037,0,0.125,936,0
0.759706,3.79853,0.0152992,0.0142689,1,0.091885,0.099135,0,0.125,937,0
0.759801,3.79901,0.0153412,0.0142205,1,0.0919831,0.0992331,0,0.125,938,0
0.759906,3.79953,0.0152835,0.0141816,1,0.0920812,0.0993312,0,0.125,939,0
0.760011,3.80005,0.0152201,0.0141433,1,0.0921792,0.0994292,0,0.125,940,0
0.760116,3.80058,0.0151566,0.014105,1,0.0922773,0.0995273,0,0.125,941,0
0.760221,3.8011,0.0150931,0.0140666,1,0.0923754,0.0996253,0,0.125,942,0
0.760326,3.80163,0.0150296,0.0140283,1,0.0924734,0.0997234,0,0.125,943,0
0.760442,3.80221,0.0149763,0.0138845,1,0.0925715,0.0998215,0,0.125,944,0
0.760559,3.80279,0.0149242,0.0137287,1,0.0926695,0.0999195,0,0.125,945,0
0.760676,3.80338,0.014872,0.0135729,1,0.0927676,0.100018,0,0.125,946,0
0.760793,3.80396,0.0148199,0.0134171,1,0.0928657,0.100116,0,0.125,947,0
0.76091,3.80455,0.0147678,0.0132613,1,0.0929637,0.100214,0,0.125,948,0
0.76103,3.80515,0.0148001,0.0130222,1,0.0930618,0.100312,0,0.125,949,0
0.761151,3.80575,0.0148467,0.0127691,1,0.0931599,0.10041,0,0.125,950,0
0.761272,3.80636,0.0148934,0.0125159,1,0.0932579,0.100508,0,0.125,951,0
0.761392,3.80696,0.0149401,0.0122627,1,0.093356,0.100606,0,0.125,952,0
0.761513,3.80757,0.0149868,0.0120095,1,0.093454,0.100704,0,0.125,953,0
0.761631,3.80815,0.0150286,0.011806,1,0.0935521,0.100802,0,0.125,954,0
0.761747,3.80874,0.0150693,0.0116144,1,0.0936502,0.1009,0,0.125,955,0
0.761864,3.80932,0.01511,0.0114227,1,0.0937482,0.100998,0,0.125,956,0
0.761981,3.8099,0.0151506,0.0112311,1,0.0938463,0.101096,0,0.125,957,0
0.762097,3.81049,0.0151913,0.0110395,1,0.0939444,0.101194,0,0.125,958,0
0.762223,3.81111,0.0151293,0.0109295,1,0.0940424,0.101292,0,0.125,959,0
0.762351,3.81175,0.0150328,0.0108469,1,0.0941405,0.10139,0,0.125,960,0
0.762479,3.81239,0.0149364,0.0107643,1,0.0942385,0.101489,0,0.125,961,0
0.762607,3.81303,0.01484,0.0106817,1,0.0943366,0.101587,0,0.125,962,0
0.762735,3.81367,0.0147435,0.0105991,1,0.0944347,0.101685,0,0.125,963,0
0.762873,3.81437,0.0145949,0.0104903,1,0.0945327,0.101783,0,0.125,964,0
0.763016,3.81508,0.014424,0.0103702,1,0.0946308,0.101881,0,0.125,965,0
0.763159,3.81579,0.0142532,0.0102502,1,0.0947289,0.101979,0,0.125,966,0
0.763301,3.81651,0.0140823,0.0101302,1,0.0948269,0.102077,0,0.125,967,0
0.763444,3.81722,0.0139114,0.0100102,1,0.094925,0.102175,0,0.125,968,0
0.763587,3.81794,0.0137898,0.009808,1,0.0950231,0.102273,0,0.125,969,0
0.763731,3.81866,0.0136944,0.00956216,1,0.0951211,0.102371,0,0.125,970,0
0.763875,3.81938,0.013599,0.00931632,1,0.0952192,0.102469,0,0.125,971,0
0.764019,3.8201,0.0135036,0.0090705,1,0.0953172,0.102567,0,0.125,972,0
0.764163,3.82082,0.0134082,0.00882466,1,0.0954153,0.102665,0,0.125,973,0
0.764303,3.82152,0.0133464,0.00857019,1,0.0955134,0.102763,0,0.125,974,0
0.764441,3.8222,0.0133066,0.0083101,1,0.0956114,0.102861,0,0.125,975,0
0.764579,3.82289,0.0132667,0.00805001,1,0.0957095,0.102959,0,0.125,976,0
0.764716,3.82358,0.0132269,0.00778994,1,0.0958076,0.103058,0,0.125,977,0
0.764854,3.82427,0.0131871,0.00752985,1,0.0959056,0.103156,0,0.125,978,0
0.764989,3.82495,0.0130791,0.00736285,1,0.0960037,0.103254,0,0.125,979,0
0.765122,3.82561,0.0129194,0.0072667,1,0.0961017,0.103352,0,0.125,980,0
0.765256,3.82628,0.0127597,0.00717056,1,0.0961998,0.10345,0,0.125,981,0
0.765389,3.82695,0.0125999,0.00707443,1,0.0962979,0.103548,0,0.125,982,0
0.765523,3.82761,0.0124402,0.00697828,1,0.0963959,0.103646,0,0.125,983,0
0.765656,3.82828,0.0122287,0.00692514,1,0.096494,0.103744,0,0.125,984,0
0.76579,3.82895,0.0119695,0.00691168,1,0.0965921,0.103842,0,0.125,985,0
0.765924,3.82962,0.0117104,0.00689823,1,0.0966901,0.10394,0,0.125,986,0
0.766059,3.83029,0.0114512,0.00688477,1,0.0967882,0.104038,0,0.125,987,0
0.766193,3.83096,0.011192,0.00687132,1,0.0968862,0.104136,0,0.125,988,0
0.766327,3.83163,0.0109656,0.00680047,1,0.0969843,0.104234,0,0.125,989,0
0.766462,3.83231,0.0107758,0.00666546,1,0.0970824,0.104332,0,0.125,990,0
0.766596,3.83298,0.0105861,0.00653047,1,0.0971804,0.10443,0,0.125,991,0
0.766731,3.83366,0.0103963,0.00639547,1,0.0972785,0.104528,0,0.125,992,0
0.766866,3.83433,0.0102066,0.00626047,1,0.0973766,0.104627,0,0.125,993,0
0.766962,3.83481,0.0100767,0.00615476,1,0.0974746,0.104725,0,0.125,994,0
0.767007,3.83504,0.0100281,0.00608876,1,0.0975727,0.104823,0,0.125,995,0
0.767052,3.83526,0.00997938,0.00602277,1,0.0976707,0.104921,0,0.125,996,0
0.767097,3.83549,0.00993071,0.00595678,1,0.0977688,0.105019,0,0.125,997,0
0.767142,3.83571,0.00988204,0.00589079,1,0.0978669,0.105117,0,0.125,998,0
nan,nan,nan,nan,0,0.0979649,0.105215,0,0.125,999,0
nan,nan,nan,nan,0,0.098063,0.105313,0,0.125,1000,0
