Result,TKE[[m_s]Â²],U[m_s],V[m_s],W[m_s],vtkValidPointMask,arc_length,Points:0,Points:1,Points:2,Point ID
0.000322193,5.36989e-06,0.0294925,0.244122,5.06165,1,0,45,0,0,0
0.000326145,5.43575e-06,0.0295634,0.243919,5.06111,1,0.06,45,0.06,0,1
0.000330097,5.50162e-06,0.0296343,0.243717,5.06058,1,0.12,45,0.12,0,2
0.000334049,5.56748e-06,0.0297053,0.243515,5.06004,1,0.18,45,0.18,0,3
0.000338001,5.63335e-06,0.0297762,0.243313,5.0595,1,0.24,45,0.24,0,4
0.000341953,5.69921e-06,0.0298472,0.243111,5.05897,1,0.3,45,0.3,0,5
0.000345905,5.76508e-06,0.0299181,0.242909,5.05843,1,0.36,45,0.36,0,6
0.000349856,5.83094e-06,0.0299891,0.242706,5.05789,1,0.42,45,0.42,0,7
0.000353808,5.8968e-06,0.03006,0.242504,5.05736,1,0.48,45,0.48,0,8
0.00035776,5.96267e-06,0.030131,0.242302,5.05682,1,0.54,45,0.54,0,9
0.000361712,6.02853e-06,0.0302019,0.2421,5.05628,1,0.6,45,0.6,0,10
0.000365664,6.0944e-06,0.0302729,0.241898,5.05575,1,0.66,45,0.66,0,11
0.000369616,6.16026e-06,0.0303438,0.241696,5.05521,1,0.72,45,0.72,0,12
0.000373568,6.22613e-06,0.0304148,0.241493,5.05468,1,0.78,45,0.78,0,13
0.00037752,6.29199e-06,0.0304857,0.241291,5.05414,1,0.84,45,0.84,0,14
0.000381471,6.35786e-06,0.0305567,0.241089,5.0536,1,0.9,45,0.9,0,15
0.000385423,6.42372e-06,0.0306276,0.240887,5.05307,1,0.96,45,0.96,0,16
0.000389684,6.49473e-06,0.0307207,0.240699,5.05251,1,1.02,45,1.02,0,17
0.000394561,6.57601e-06,0.0308579,0.240539,5.05193,1,1.08,45,1.08,0,18
0.000399438,6.6573e-06,0.0309951,0.240378,5.05134,1,1.14,45,1.14,0,19
0.000404315,6.73859e-06,0.0311323,0.240218,5.05075,1,1.2,45,1.2,0,20
0.000409192,6.81987e-06,0.0312695,0.240058,5.05016,1,1.26,45,1.26,0,21
0.00041407,6.90116e-06,0.0314068,0.239898,5.04958,1,1.32,45,1.32,0,22
0.000418947,6.98245e-06,0.031544,0.239737,5.04899,1,1.38,45,1.38,0,23
0.000423824,7.06373e-06,0.0316812,0.239577,5.0484,1,1.44,45,1.44,0,24
0.000428701,7.14502e-06,0.0318184,0.239417,5.04781,1,1.5,45,1.5,0,25
0.000433578,7.22631e-06,0.0319556,0.239257,5.04723,1,1.56,45,1.56,0,26
0.000438456,7.30759e-06,0.0320928,0.239097,5.04664,1,1.62,45,1.62,0,27
0.000443333,7.38888e-06,0.0322301,0.238936,5.04605,1,1.68,45,1.68,0,28
0.00044821,7.47017e-06,0.0323673,0.238776,5.04547,1,1.74,45,1.74,0,29
0.000453087,7.55145e-06,0.0325045,0.238616,5.04488,1,1.8,45,1.8,0,30
0.000457965,7.63274e-06,0.0326417,0.238456,5.04429,1,1.86,45,1.86,0,31
0.000462842,7.71403e-06,0.0327789,0.238295,5.0437,1,1.92,45,1.92,0,32
0.000467719,7.79532e-06,0.0329161,0.238135,5.04312,1,1.98,45,1.98,0,33
0.000473432,7.89053e-06,0.0330804,0.237996,5.04244,1,2.04,45,2.04,0,34
0.000479562,7.9927e-06,0.0332581,0.237868,5.04172,1,2.1,45,2.1,0,35
0.000485692,8.09487e-06,0.0334358,0.23774,5.041,1,2.16,45,2.16,0,36
0.000491823,8.19705e-06,0.0336135,0.237612,5.04028,1,2.22,45,2.22,0,37
0.000497953,8.29922e-06,0.0337912,0.237483,5.03957,1,2.28,45,2.28,0,38
0.000504084,8.40139e-06,0.033969,0.237355,5.03885,1,2.34,45,2.34,0,39
0.000510214,8.50357e-06,0.0341467,0.237227,5.03813,1,2.4,45,2.4,0,40
0.000516344,8.60574e-06,0.0343244,0.237099,5.03741,1,2.46,45,2.46,0,41
0.000522475,8.70791e-06,0.0345021,0.23697,5.03669,1,2.52,45,2.52,0,42
0.000528605,8.81009e-06,0.0346798,0.236842,5.03597,1,2.58,45,2.58,0,43
0.000534736,8.91226e-06,0.0348575,0.236714,5.03525,1,2.64,45,2.64,0,44
0.000540866,9.01443e-06,0.0350353,0.236586,5.03453,1,2.7,45,2.7,0,45
0.000546996,9.11661e-06,0.035213,0.236458,5.03381,1,2.76,45,2.76,0,46
0.000553127,9.21878e-06,0.0353907,0.236329,5.03309,1,2.82,45,2.82,0,47
0.000559257,9.32095e-06,0.0355684,0.236201,5.03238,1,2.88,45,2.88,0,48
0.000565388,9.42313e-06,0.0357461,0.236073,5.03166,1,2.94,45,2.94,0,49
0.000571518,9.5253e-06,0.0359239,0.235945,5.03094,1,3,45,3,0,50
0.000579109,9.65181e-06,0.0361327,0.235841,5.03012,1,3.06,45,3.06,0,51
0.000586699,9.77832e-06,0.0363415,0.235737,5.0293,1,3.12,45,3.12,0,52
0.00059429,9.90483e-06,0.0365503,0.235634,5.02848,1,3.18,45,3.18,0,53
0.00060188,1.00313e-05,0.0367592,0.23553,5.02766,1,3.24,45,3.24,0,54
0.000609471,1.01578e-05,0.036968,0.235426,5.02684,1,3.3,45,3.3,0,55
0.000617062,1.02844e-05,0.0371768,0.235323,5.02602,1,3.36,45,3.36,0,56
0.000624652,1.04109e-05,0.0373856,0.235219,5.0252,1,3.42,45,3.42,0,57
0.000632243,1.05374e-05,0.0375945,0.235115,5.02438,1,3.48,45,3.48,0,58
0.000639833,1.06639e-05,0.0378033,0.235012,5.02356,1,3.54,45,3.54,0,59
0.000647424,1.07904e-05,0.0380121,0.234908,5.02274,1,3.6,45,3.6,0,60
0.000655015,1.09169e-05,0.0382209,0.234804,5.02192,1,3.66,45,3.66,0,61
0.000662605,1.10434e-05,0.0384298,0.2347,5.0211,1,3.72,45,3.72,0,62
0.000670196,1.11699e-05,0.0386386,0.234597,5.02028,1,3.78,45,3.78,0,63
0.000677786,1.12964e-05,0.0388474,0.234493,5.01946,1,3.84,45,3.84,0,64
0.000685377,1.14229e-05,0.0390563,0.234389,5.01864,1,3.9,45,3.9,0,65
0.000692968,1.15495e-05,0.0392651,0.234286,5.01782,1,3.96,45,3.96,0,66
0.000701334,1.16889e-05,0.0394923,0.234258,5.01687,1,4.02,45,4.02,0,67
0.000711254,1.18542e-05,0.0397562,0.23438,5.01568,1,4.08,45,4.08,0,68
0.000721173,1.20195e-05,0.04002,0.234503,5.01449,1,4.14,45,4.14,0,69
0.000731092,1.21849e-05,0.0402839,0.234625,5.01329,1,4.2,45,4.2,0,70
0.000741011,1.23502e-05,0.0405478,0.234748,5.0121,1,4.26,45,4.26,0,71
0.00075093,1.25155e-05,0.0408117,0.23487,5.01091,1,4.32,45,4.32,0,72
0.00076085,1.26808e-05,0.0410756,0.234993,5.00972,1,4.38,45,4.38,0,73
0.000770769,1.28461e-05,0.0413395,0.235115,5.00852,1,4.44,45,4.44,0,74
0.000780688,1.30115e-05,0.0416034,0.235238,5.00733,1,4.5,45,4.5,0,75
0.000790607,1.31768e-05,0.0418673,0.235361,5.00614,1,4.56,45,4.56,0,76
0.000800526,1.33421e-05,0.0421312,0.235483,5.00494,1,4.62,45,4.62,0,77
0.000810446,1.35074e-05,0.0423951,0.235606,5.00375,1,4.68,45,4.68,0,78
0.000820365,1.36727e-05,0.042659,0.235728,5.00256,1,4.74,45,4.74,0,79
0.000830284,1.38381e-05,0.0429229,0.235851,5.00137,1,4.8,45,4.8,0,80
0.000840203,1.40034e-05,0.0431868,0.235973,5.00017,1,4.86,45,4.86,0,81
0.000850123,1.41687e-05,0.0434507,0.236096,4.99898,1,4.92,45,4.92,0,82
0.000860042,1.4334e-05,0.0437146,0.236218,4.99779,1,4.98,45,4.98,0,83
0.000871478,1.45246e-05,0.0439956,0.236416,4.99648,1,5.04,45,5.04,0,84
0.000883673,1.47279e-05,0.0442853,0.23665,4.9951,1,5.1,45,5.1,0,85
0.000895868,1.49311e-05,0.0445749,0.236885,4.99373,1,5.16,45,5.16,0,86
0.000908063,1.51344e-05,0.0448645,0.23712,4.99236,1,5.22,45,5.22,0,87
0.000920258,1.53376e-05,0.0451542,0.237354,4.99099,1,5.28,45,5.28,0,88
0.000932453,1.55409e-05,0.0454438,0.237589,4.98962,1,5.34,45,5.34,0,89
0.000944648,1.57441e-05,0.0457334,0.237824,4.98824,1,5.4,45,5.4,0,90
0.000956843,1.59474e-05,0.046023,0.238058,4.98687,1,5.46,45,5.46,0,91
0.000969038,1.61506e-05,0.0463127,0.238293,4.9855,1,5.52,45,5.52,0,92
0.000981233,1.63539e-05,0.0466023,0.238528,4.98413,1,5.58,45,5.58,0,93
0.000993428,1.65571e-05,0.0468919,0.238762,4.98276,1,5.64,45,5.64,0,94
0.00100562,1.67604e-05,0.0471816,0.238997,4.98138,1,5.7,45,5.7,0,95
0.00101782,1.69636e-05,0.0474712,0.239232,4.98001,1,5.76,45,5.76,0,96
0.00103001,1.71669e-05,0.0477608,0.239466,4.97864,1,5.82,45,5.82,0,97
0.00104221,1.73701e-05,0.0480505,0.239701,4.97727,1,5.88,45,5.88,0,98
0.0010544,1.75734e-05,0.0483401,0.239936,4.9759,1,5.94,45,5.94,0,99
0.0010666,1.77766e-05,0.0486297,0.24017,4.97452,1,6,45,6,0,100
0.00108225,1.80375e-05,0.0490208,0.240861,4.97243,1,6.06,45,6.06,0,101
0.00109791,1.82985e-05,0.0494118,0.241553,4.97034,1,6.12,45,6.12,0,102
0.00111356,1.85594e-05,0.0498028,0.242244,4.96825,1,6.18,45,6.18,0,103
0.00112922,1.88203e-05,0.0501938,0.242935,4.96616,1,6.24,45,6.24,0,104
0.00114487,1.90812e-05,0.0505848,0.243626,4.96407,1,6.3,45,6.3,0,105
0.00116053,1.93422e-05,0.0509759,0.244317,4.96198,1,6.36,45,6.36,0,106
0.00117619,1.96031e-05,0.0513669,0.245008,4.95989,1,6.42,45,6.42,0,107
0.00119184,1.9864e-05,0.0517579,0.2457,4.9578,1,6.48,45,6.48,0,108
0.0012075,2.01249e-05,0.0521489,0.246391,4.95571,1,6.54,45,6.54,0,109
0.00122315,2.03859e-05,0.05254,0.247082,4.95362,1,6.6,45,6.6,0,110
0.00123881,2.06468e-05,0.052931,0.247773,4.95153,1,6.66,45,6.66,0,111
0.00125446,2.09077e-05,0.053322,0.248464,4.94944,1,6.72,45,6.72,0,112
0.00127012,2.11686e-05,0.053713,0.249155,4.94735,1,6.78,45,6.78,0,113
0.00128577,2.14296e-05,0.0541041,0.249847,4.94525,1,6.84,45,6.84,0,114
0.00130143,2.16905e-05,0.0544951,0.250538,4.94316,1,6.9,45,6.9,0,115
0.00131709,2.19514e-05,0.0548861,0.251229,4.94107,1,6.96,45,6.96,0,116
0.00133406,2.22344e-05,0.0552818,0.251911,4.93893,1,7.02,45,7.02,0,117
0.00135368,2.25614e-05,0.0556869,0.252575,4.93669,1,7.08,45,7.08,0,118
0.00137331,2.28884e-05,0.0560921,0.253239,4.93444,1,7.14,45,7.14,0,119
0.00139293,2.32154e-05,0.0564972,0.253903,4.93219,1,7.2,45,7.2,0,120
0.00141255,2.35425e-05,0.0569023,0.254567,4.92995,1,7.26,45,7.26,0,121
0.00143217,2.38695e-05,0.0573074,0.255231,4.9277,1,7.32,45,7.32,0,122
0.00145179,2.41965e-05,0.0577125,0.255894,4.92545,1,7.38,45,7.38,0,123
0.00147141,2.45235e-05,0.0581177,0.256558,4.92321,1,7.44,45,7.44,0,124
0.00149103,2.48506e-05,0.0585228,0.257222,4.92096,1,7.5,45,7.5,0,125
0.00151065,2.51776e-05,0.0589279,0.257886,4.91872,1,7.56,45,7.56,0,126
0.00153028,2.55046e-05,0.059333,0.25855,4.91647,1,7.62,45,7.62,0,127
0.0015499,2.58316e-05,0.0597381,0.259214,4.91422,1,7.68,45,7.68,0,128
0.00156952,2.61586e-05,0.0601433,0.259878,4.91198,1,7.74,45,7.74,0,129
0.00158914,2.64857e-05,0.0605484,0.260542,4.90973,1,7.8,45,7.8,0,130
0.00160876,2.68127e-05,0.0609535,0.261206,4.90749,1,7.86,45,7.86,0,131
0.00162838,2.71397e-05,0.0613586,0.26187,4.90524,1,7.92,45,7.92,0,132
0.001648,2.74667e-05,0.0617637,0.262534,4.90299,1,7.98,45,7.98,0,133
0.00167122,2.78536e-05,0.0621817,0.263173,4.90061,1,8.04,45,8.04,0,134
0.00169623,2.82704e-05,0.062606,0.2638,4.89815,1,8.1,45,8.1,0,135
0.00172123,2.86872e-05,0.0630304,0.264426,4.89569,1,8.16,45,8.16,0,136
0.00174624,2.91041e-05,0.0634547,0.265053,4.89323,1,8.22,45,8.22,0,137
0.00177125,2.95209e-05,0.0638791,0.26568,4.89078,1,8.28,45,8.28,0,138
0.00179626,2.99377e-05,0.0643034,0.266307,4.88832,1,8.34,45,8.34,0,139
0.00182127,3.03545e-05,0.0647277,0.266933,4.88586,1,8.4,45,8.4,0,140
0.00184628,3.07713e-05,0.0651521,0.26756,4.8834,1,8.46,45,8.46,0,141
0.00187129,3.11881e-05,0.0655764,0.268187,4.88094,1,8.52,45,8.52,0,142
0.0018963,3.16049e-05,0.0660008,0.268814,4.87849,1,8.58,45,8.58,0,143
0.00192131,3.20218e-05,0.0664251,0.26944,4.87603,1,8.64,45,8.64,0,144
0.00194631,3.24386e-05,0.0668495,0.270067,4.87357,1,8.7,45,8.7,0,145
0.00197132,3.28554e-05,0.0672738,0.270694,4.87111,1,8.76,45,8.76,0,146
0.00199633,3.32722e-05,0.0676982,0.271321,4.86865,1,8.82,45,8.82,0,147
0.00202134,3.3689e-05,0.0681225,0.271947,4.8662,1,8.88,45,8.88,0,148
0.00204635,3.41058e-05,0.0685468,0.272574,4.86374,1,8.94,45,8.94,0,149
0.00207136,3.45227e-05,0.0689712,0.273201,4.86128,1,9,45,9,0,150
0.00210153,3.50254e-05,0.0693721,0.273706,4.85855,1,9.06,45,9.06,0,151
0.00213169,3.55282e-05,0.0697731,0.274212,4.85582,1,9.12,45,9.12,0,152
0.00216186,3.6031e-05,0.070174,0.274717,4.8531,1,9.18,45,9.18,0,153
0.00219203,3.65338e-05,0.070575,0.275223,4.85037,1,9.24,45,9.24,0,154
0.00222219,3.70365e-05,0.0709759,0.275728,4.84764,1,9.3,45,9.3,0,155
0.00225236,3.75393e-05,0.0713768,0.276233,4.84491,1,9.36,45,9.36,0,156
0.00228253,3.80421e-05,0.0717778,0.276739,4.84218,1,9.42,45,9.42,0,157
0.00231269,3.85449e-05,0.0721787,0.277244,4.83945,1,9.48,45,9.48,0,158
0.00234286,3.90477e-05,0.0725797,0.277749,4.83672,1,9.54,45,9.54,0,159
0.00237303,3.95504e-05,0.0729806,0.278255,4.834,1,9.6,45,9.6,0,160
0.00240319,4.00532e-05,0.0733816,0.27876,4.83127,1,9.66,45,9.66,0,161
0.00243336,4.0556e-05,0.0737825,0.279266,4.82854,1,9.72,45,9.72,0,162
0.00246353,4.10588e-05,0.0741834,0.279771,4.82581,1,9.78,45,9.78,0,163
0.00249369,4.15615e-05,0.0745844,0.280276,4.82308,1,9.84,45,9.84,0,164
0.00252386,4.20643e-05,0.0749853,0.280782,4.82035,1,9.9,45,9.9,0,165
0.00255403,4.25671e-05,0.0753863,0.281287,4.81762,1,9.96,45,9.96,0,166
0.00258635,4.31058e-05,0.075784,0.281776,4.81486,1,10.02,45,10.02,0,167
0.00262299,4.37164e-05,0.0761753,0.282231,4.81202,1,10.08,45,10.08,0,168
0.00265962,4.4327e-05,0.0765667,0.282687,4.80918,1,10.14,45,10.14,0,169
0.00269626,4.49376e-05,0.076958,0.283142,4.80634,1,10.2,45,10.2,0,170
0.0027329,4.55483e-05,0.0773493,0.283598,4.8035,1,10.26,45,10.26,0,171
0.00276953,4.61589e-05,0.0777407,0.284053,4.80066,1,10.32,45,10.32,0,172
0.00280617,4.67695e-05,0.078132,0.284509,4.79782,1,10.38,45,10.38,0,173
0.0028428,4.73801e-05,0.0785233,0.284964,4.79498,1,10.44,45,10.44,0,174
0.00287944,4.79907e-05,0.0789146,0.28542,4.79214,1,10.5,45,10.5,0,175
0.00291608,4.86013e-05,0.079306,0.285875,4.7893,1,10.56,45,10.56,0,176
0.00295271,4.92119e-05,0.0796973,0.286331,4.78646,1,10.62,45,10.62,0,177
0.00298935,4.98225e-05,0.0800886,0.286787,4.78362,1,10.68,45,10.68,0,178
0.00302599,5.04331e-05,0.08048,0.287242,4.78078,1,10.74,45,10.74,0,179
0.00306262,5.10437e-05,0.0808713,0.287698,4.77794,1,10.8,45,10.8,0,180
0.00309926,5.16543e-05,0.0812626,0.288153,4.7751,1,10.86,45,10.86,0,181
0.0031359,5.2265e-05,0.081654,0.288609,4.77226,1,10.92,45,10.92,0,182
0.00317253,5.28756e-05,0.0820453,0.289064,4.76942,1,10.98,45,10.98,0,183
0.00321155,5.35258e-05,0.0823588,0.289315,4.76612,1,11.04,45,11.04,0,184
0.00325176,5.4196e-05,0.0826333,0.289463,4.76259,1,11.1,45,11.1,0,185
0.00329197,5.48661e-05,0.0829078,0.289611,4.75905,1,11.16,45,11.16,0,186
0.00333217,5.55362e-05,0.0831824,0.289759,4.75552,1,11.22,45,11.22,0,187
0.00337238,5.62063e-05,0.0834569,0.289908,4.75198,1,11.28,45,11.28,0,188
0.00341259,5.68765e-05,0.0837314,0.290056,4.74845,1,11.34,45,11.34,0,189
0.00345279,5.75466e-05,0.084006,0.290204,4.74491,1,11.4,45,11.4,0,190
0.003493,5.82167e-05,0.0842805,0.290352,4.74138,1,11.46,45,11.46,0,191
0.00353321,5.88868e-05,0.0845551,0.290501,4.73784,1,11.52,45,11.52,0,192
0.00357342,5.95569e-05,0.0848296,0.290649,4.73431,1,11.58,45,11.58,0,193
0.00361362,6.02271e-05,0.0851041,0.290797,4.73078,1,11.64,45,11.64,0,194
0.00365383,6.08972e-05,0.0853787,0.290945,4.72724,1,11.7,45,11.7,0,195
0.00369404,6.15673e-05,0.0856532,0.291093,4.72371,1,11.76,45,11.76,0,196
0.00373425,6.22374e-05,0.0859277,0.291242,4.72017,1,11.82,45,11.82,0,197
0.00377445,6.29076e-05,0.0862023,0.29139,4.71664,1,11.88,45,11.88,0,198
0.00381466,6.35777e-05,0.0864768,0.291538,4.7131,1,11.94,45,11.94,0,199
0.00385487,6.42478e-05,0.0867513,0.291686,4.70957,1,12,45,12,0,200
0.00390138,6.5023e-05,0.0869528,0.291885,4.70576,1,12.06,45,12.06,0,201
0.00394789,6.57982e-05,0.0871543,0.292084,4.70196,1,12.12,45,12.12,0,202
0.0039944,6.65734e-05,0.0873557,0.292282,4.69815,1,12.18,45,12.18,0,203
0.00404091,6.73485e-05,0.0875572,0.292481,4.69435,1,12.24,45,12.24,0,204
0.00408742,6.81237e-05,0.0877587,0.29268,4.69054,1,12.3,45,12.3,0,205
0.00413394,6.88989e-05,0.0879601,0.292878,4.68673,1,12.36,45,12.36,0,206
0.00418045,6.96741e-05,0.0881616,0.293077,4.68293,1,12.42,45,12.42,0,207
0.00422696,7.04493e-05,0.0883631,0.293276,4.67912,1,12.48,45,12.48,0,208
0.00427347,7.12245e-05,0.0885645,0.293474,4.67532,1,12.54,45,12.54,0,209
0.00431998,7.19997e-05,0.088766,0.293673,4.67151,1,12.6,45,12.6,0,210
0.00436649,7.27749e-05,0.0889675,0.293872,4.66771,1,12.66,45,12.66,0,211
0.004413,7.35501e-05,0.0891689,0.29407,4.6639,1,12.72,45,12.72,0,212
0.00445952,7.43253e-05,0.0893704,0.294269,4.66009,1,12.78,45,12.78,0,213
0.00450603,7.51004e-05,0.0895719,0.294468,4.65629,1,12.84,45,12.84,0,214
0.00455254,7.58756e-05,0.0897733,0.294666,4.65248,1,12.9,45,12.9,0,215
0.00459905,7.66508e-05,0.0899748,0.294865,4.64868,1,12.96,45,12.96,0,216
0.00464703,7.74505e-05,0.0901143,0.295108,4.64464,1,13.02,45,13.02,0,217
0.00469796,7.82993e-05,0.0901299,0.295441,4.64015,1,13.08,45,13.08,0,218
0.00474889,7.91481e-05,0.0901456,0.295773,4.63566,1,13.14,45,13.14,0,219
0.00479981,7.99968e-05,0.0901612,0.296105,4.63117,1,13.2,45,13.2,0,220
0.00485074,8.08456e-05,0.0901768,0.296438,4.62667,1,13.26,45,13.26,0,221
0.00490166,8.16944e-05,0.0901925,0.29677,4.62218,1,13.32,45,13.32,0,222
0.00495259,8.25432e-05,0.0902081,0.297103,4.61769,1,13.38,45,13.38,0,223
0.00500351,8.33919e-05,0.0902237,0.297435,4.6132,1,13.44,45,13.44,0,224
0.00505444,8.42407e-05,0.0902393,0.297767,4.6087,1,13.5,45,13.5,0,225
0.00510537,8.50895e-05,0.090255,0.2981,4.60421,1,13.56,45,13.56,0,226
0.00515629,8.59382e-05,0.0902706,0.298432,4.59972,1,13.62,45,13.62,0,227
0.00520722,8.6787e-05,0.0902862,0.298764,4.59523,1,13.68,45,13.68,0,228
0.00525815,8.76358e-05,0.0903019,0.299097,4.59074,1,13.74,45,13.74,0,229
0.00530907,8.84845e-05,0.0903175,0.299429,4.58624,1,13.8,45,13.8,0,230
0.00536,8.93333e-05,0.0903331,0.299761,4.58175,1,13.86,45,13.86,0,231
0.00541092,9.01821e-05,0.0903488,0.300094,4.57726,1,13.92,45,13.92,0,232
0.00546185,9.10308e-05,0.0903644,0.300426,4.57277,1,13.98,45,13.98,0,233
0.00551571,9.19285e-05,0.0902708,0.300626,4.568,1,14.04,45,14.04,0,234
0.00557103,9.28505e-05,0.0901225,0.300761,4.5631,1,14.1,45,14.1,0,235
0.00562636,9.37726e-05,0.0899743,0.300895,4.55821,1,14.16,45,14.16,0,236
0.00568168,9.46947e-05,0.089826,0.30103,4.55331,1,14.22,45,14.22,0,237
0.00573701,9.56167e-05,0.0896778,0.301164,4.54841,1,14.28,45,14.28,0,238
0.00579233,9.65388e-05,0.0895295,0.301299,4.54351,1,14.34,45,14.34,0,239
0.00584765,9.74609e-05,0.0893813,0.301433,4.53861,1,14.4,45,14.4,0,240
0.00590298,9.8383e-05,0.089233,0.301568,4.53371,1,14.46,45,14.46,0,241
0.0059583,9.9305e-05,0.0890848,0.301702,4.52881,1,14.52,45,14.52,0,242
0.00601363,0.000100227,0.0889365,0.301836,4.52391,1,14.58,45,14.58,0,243
0.00606895,0.000101149,0.0887883,0.301971,4.51902,1,14.64,45,14.64,0,244
0.00612428,0.000102071,0.08864,0.302105,4.51412,1,14.7,45,14.7,0,245
0.0061796,0.000102993,0.0884918,0.30224,4.50922,1,14.76,45,14.76,0,246
0.00623492,0.000103915,0.0883435,0.302374,4.50432,1,14.82,45,14.82,0,247
0.00629025,0.000104837,0.0881953,0.302509,4.49942,1,14.88,45,14.88,0,248
0.00634557,0.00010576,0.088047,0.302643,4.49452,1,14.94,45,14.94,0,249
0.0064009,0.000106682,0.0878988,0.302778,4.48962,1,15,45,15,0,250
0.00646545,0.000107757,0.087625,0.30276,4.48441,1,15.06,45,15.06,0,251
0.00653,0.000108833,0.0873513,0.302743,4.4792,1,15.12,45,15.12,0,252
0.00659455,0.000109909,0.0870775,0.302726,4.47399,1,15.18,45,15.18,0,253
0.00665911,0.000110985,0.0868038,0.302709,4.46878,1,15.24,45,15.24,0,254
0.00672366,0.000112061,0.08653,0.302692,4.46357,1,15.3,45,15.3,0,255
0.00678821,0.000113137,0.0862563,0.302675,4.45836,1,15.36,45,15.36,0,256
0.00685276,0.000114213,0.0859825,0.302658,4.45315,1,15.42,45,15.42,0,257
0.00691731,0.000115289,0.0857088,0.302641,4.44794,1,15.48,45,15.48,0,258
0.00698187,0.000116364,0.085435,0.302623,4.44273,1,15.54,45,15.54,0,259
0.00704642,0.00011744,0.0851613,0.302606,4.43752,1,15.6,45,15.6,0,260
0.00711097,0.000118516,0.0848875,0.302589,4.43231,1,15.66,45,15.66,0,261
0.00717552,0.000119592,0.0846138,0.302572,4.4271,1,15.72,45,15.72,0,262
0.00724007,0.000120668,0.08434,0.302555,4.42189,1,15.78,45,15.78,0,263
0.00730463,0.000121744,0.0840663,0.302538,4.41668,1,15.84,45,15.84,0,264
0.00736918,0.00012282,0.0837925,0.302521,4.41147,1,15.9,45,15.9,0,265
0.00743373,0.000123896,0.0835188,0.302504,4.40626,1,15.96,45,15.96,0,266
0.00749577,0.000124929,0.0831235,0.302381,4.40088,1,16.02,45,16.02,0,267
0.00755278,0.00012588,0.082485,0.302046,4.39514,1,16.08,45,16.08,0,268
0.00760979,0.00012683,0.0818466,0.301711,4.3894,1,16.14,45,16.14,0,269
0.0076668,0.00012778,0.0812081,0.301377,4.38366,1,16.2,45,16.2,0,270
0.00772381,0.00012873,0.0805697,0.301042,4.37792,1,16.26,45,16.26,0,271
0.00778082,0.00012968,0.0799312,0.300707,4.37218,1,16.32,45,16.32,0,272
0.00783783,0.00013063,0.0792928,0.300373,4.36645,1,16.38,45,16.38,0,273
0.00789484,0.000131581,0.0786543,0.300038,4.36071,1,16.44,45,16.44,0,274
0.00795185,0.000132531,0.0780159,0.299703,4.35497,1,16.5,45,16.5,0,275
0.00800886,0.000133481,0.0773774,0.299369,4.34923,1,16.56,45,16.56,0,276
0.00806587,0.000134431,0.076739,0.299034,4.34349,1,16.62,45,16.62,0,277
0.00812288,0.000135381,0.0761005,0.298699,4.33775,1,16.68,45,16.68,0,278
0.00817989,0.000136331,0.0754621,0.298365,4.33202,1,16.74,45,16.74,0,279
0.0082369,0.000137282,0.0748236,0.29803,4.32628,1,16.8,45,16.8,0,280
0.00829391,0.000138232,0.0741852,0.297696,4.32054,1,16.86,45,16.86,0,281
0.00835092,0.000139182,0.0735467,0.297361,4.3148,1,16.92,45,16.92,0,282
0.00840793,0.000140132,0.0729083,0.297026,4.30906,1,16.98,45,16.98,0,283
0.00847141,0.00014119,0.0721998,0.296604,4.30322,1,17.04,45,17.04,0,284
0.00853812,0.000142302,0.0714565,0.296138,4.29733,1,17.1,45,17.1,0,285
0.00860483,0.000143414,0.0707131,0.295673,4.29144,1,17.16,45,17.16,0,286
0.00867155,0.000144526,0.0699697,0.295207,4.28555,1,17.22,45,17.22,0,287
0.00873826,0.000145638,0.0692263,0.294741,4.27966,1,17.28,45,17.28,0,288
0.00880498,0.00014675,0.0684829,0.294275,4.27377,1,17.34,45,17.34,0,289
0.00887169,0.000147862,0.0677395,0.29381,4.26788,1,17.4,45,17.4,0,290
0.0089384,0.000148973,0.0669961,0.293344,4.26199,1,17.46,45,17.46,0,291
0.00900512,0.000150085,0.0662527,0.292878,4.2561,1,17.52,45,17.52,0,292
0.00907183,0.000151197,0.0655093,0.292412,4.25021,1,17.58,45,17.58,0,293
0.00913855,0.000152309,0.0647659,0.291947,4.24432,1,17.64,45,17.64,0,294
0.00920526,0.000153421,0.0640225,0.291481,4.23843,1,17.7,45,17.7,0,295
0.00927198,0.000154533,0.0632791,0.291015,4.23254,1,17.76,45,17.76,0,296
0.00933869,0.000155645,0.0625357,0.290549,4.22665,1,17.82,45,17.82,0,297
0.0094054,0.000156757,0.0617923,0.290084,4.22076,1,17.88,45,17.88,0,298
0.00947212,0.000157869,0.0610489,0.289618,4.21487,1,17.94,45,17.94,0,299
0.00953883,0.000158981,0.0603055,0.289152,4.20898,1,18,45,18,0,300
0.00959769,0.000159962,0.0593017,0.288211,4.20272,1,18.06,45,18.06,0,301
0.00965656,0.000160943,0.058298,0.28727,4.19646,1,18.12,45,18.12,0,302
0.00971542,0.000161924,0.0572942,0.286329,4.19019,1,18.18,45,18.18,0,303
0.00977428,0.000162905,0.0562904,0.285389,4.18393,1,18.24,45,18.24,0,304
0.00983314,0.000163886,0.0552867,0.284448,4.17766,1,18.3,45,18.3,0,305
0.009892,0.000164867,0.0542829,0.283507,4.1714,1,18.36,45,18.36,0,306
0.00995086,0.000165848,0.0532792,0.282566,4.16513,1,18.42,45,18.42,0,307
0.0100097,0.000166829,0.0522754,0.281625,4.15887,1,18.48,45,18.48,0,308
0.0100686,0.00016781,0.0512716,0.280684,4.1526,1,18.54,45,18.54,0,309
0.0101274,0.000168791,0.0502679,0.279743,4.14634,1,18.6,45,18.6,0,310
0.0101863,0.000169772,0.0492641,0.278802,4.14007,1,18.66,45,18.66,0,311
0.0102452,0.000170753,0.0482604,0.277862,4.13381,1,18.72,45,18.72,0,312
0.010304,0.000171734,0.0472566,0.276921,4.12755,1,18.78,45,18.78,0,313
0.0103629,0.000172715,0.0462528,0.27598,4.12128,1,18.84,45,18.84,0,314
0.0104218,0.000173696,0.0452491,0.275039,4.11502,1,18.9,45,18.9,0,315
0.0104806,0.000174677,0.0442453,0.274098,4.10875,1,18.96,45,18.96,0,316
0.0105414,0.00017569,0.0432227,0.273043,4.10253,1,19.02,45,19.02,0,317
0.010606,0.000176767,0.0421624,0.271758,4.09641,1,19.08,45,19.08,0,318
0.0106706,0.000177843,0.0411021,0.270473,4.09028,1,19.14,45,19.14,0,319
0.0107352,0.00017892,0.0400418,0.269189,4.08416,1,19.2,45,19.2,0,320
0.0107998,0.000179997,0.0389815,0.267904,4.07803,1,19.26,45,19.26,0,321
0.0108644,0.000181074,0.0379213,0.26662,4.07191,1,19.32,45,19.32,0,322
0.010929,0.000182151,0.036861,0.265335,4.06578,1,19.38,45,19.38,0,323
0.0109936,0.000183227,0.0358007,0.26405,4.05966,1,19.44,45,19.44,0,324
0.0110582,0.000184304,0.0347404,0.262766,4.05353,1,19.5,45,19.5,0,325
0.0111229,0.000185381,0.0336801,0.261481,4.04741,1,19.56,45,19.56,0,326
0.0111875,0.000186458,0.0326198,0.260196,4.04128,1,19.62,45,19.62,0,327
0.0112521,0.000187534,0.0315595,0.258912,4.03516,1,19.68,45,19.68,0,328
0.0113167,0.000188611,0.0304992,0.257627,4.02903,1,19.74,45,19.74,0,329
0.0113813,0.000189688,0.029439,0.256343,4.0229,1,19.8,45,19.8,0,330
0.0114459,0.000190765,0.0283786,0.255058,4.01678,1,19.86,45,19.86,0,331
0.0115105,0.000191842,0.0273184,0.253773,4.01065,1,19.92,45,19.92,0,332
0.0115751,0.000192918,0.0262581,0.252489,4.00453,1,19.98,45,19.98,0,333
0.01164,0.000194,0.0251465,0.250892,3.99853,1,20.04,45,20.04,0,334
0.0117051,0.000195085,0.0240094,0.24914,3.99259,1,20.1,45,20.1,0,335
0.0117702,0.00019617,0.0228722,0.247388,3.98666,1,20.16,45,20.16,0,336
0.0118353,0.000197255,0.0217351,0.245636,3.98072,1,20.22,45,20.22,0,337
0.0119004,0.000198339,0.0205979,0.243884,3.97479,1,20.28,45,20.28,0,338
0.0119654,0.000199424,0.0194607,0.242132,3.96885,1,20.34,45,20.34,0,339
0.0120305,0.000200509,0.0183236,0.24038,3.96291,1,20.4,45,20.4,0,340
0.0120956,0.000201593,0.0171864,0.238628,3.95698,1,20.46,45,20.46,0,341
0.0121607,0.000202678,0.0160492,0.236876,3.95104,1,20.52,45,20.52,0,342
0.0122258,0.000203763,0.0149121,0.235124,3.9451,1,20.58,45,20.58,0,343
0.0122909,0.000204848,0.0137749,0.233372,3.93917,1,20.64,45,20.64,0,344
0.0123559,0.000205932,0.0126378,0.23162,3.93323,1,20.7,45,20.7,0,345
0.012421,0.000207017,0.0115006,0.229868,3.9273,1,20.76,45,20.76,0,346
0.0124861,0.000208102,0.0103635,0.228116,3.92136,1,20.82,45,20.82,0,347
0.0125512,0.000209186,0.00922632,0.226364,3.91542,1,20.88,45,20.88,0,348
0.0126163,0.000210271,0.00808913,0.224612,3.90949,1,20.94,45,20.94,0,349
0.0126814,0.000211356,0.00695198,0.22286,3.90355,1,21,45,21,0,350
0.0127348,0.000212247,0.00574574,0.221206,3.89742,1,21.06,45,21.06,0,351
0.0127883,0.000213138,0.00453946,0.219552,3.89128,1,21.12,45,21.12,0,352
0.0128417,0.000214029,0.00333322,0.217898,3.88514,1,21.18,45,21.18,0,353
0.0128952,0.00021492,0.00212698,0.216244,3.879,1,21.24,45,21.24,0,354
0.0129486,0.000215811,0.000920745,0.21459,3.87287,1,21.3,45,21.3,0,355
0.0130021,0.000216702,-0.000285533,0.212936,3.86673,1,21.36,45,21.36,0,356
0.0130556,0.000217593,-0.00149177,0.211282,3.86059,1,21.42,45,21.42,0,357
0.013109,0.000218484,-0.00269801,0.209628,3.85445,1,21.48,45,21.48,0,358
0.0131625,0.000219375,-0.00390429,0.207974,3.84832,1,21.54,45,21.54,0,359
0.0132159,0.000220266,-0.00511053,0.20632,3.84218,1,21.6,45,21.6,0,360
0.0132694,0.000221157,-0.00631677,0.204666,3.83604,1,21.66,45,21.66,0,361
0.0133228,0.000222047,-0.00752301,0.203012,3.82991,1,21.72,45,21.72,0,362
0.0133763,0.000222938,-0.00872929,0.201357,3.82377,1,21.78,45,21.78,0,363
0.0134298,0.000223829,-0.00993553,0.199704,3.81763,1,21.84,45,21.84,0,364
0.0134832,0.00022472,-0.0111418,0.19805,3.81149,1,21.9,45,21.9,0,365
0.0135367,0.000225611,-0.012348,0.196396,3.80536,1,21.96,45,21.96,0,366
0.0135924,0.00022654,-0.0135637,0.194755,3.79919,1,22.02,45,22.02,0,367
0.0136527,0.000227546,-0.0147982,0.193141,3.79297,1,22.08,45,22.08,0,368
0.0137131,0.000228551,-0.0160327,0.191527,3.78675,1,22.14,45,22.14,0,369
0.0137734,0.000229556,-0.0172673,0.189913,3.78053,1,22.2,45,22.2,0,370
0.0138337,0.000230561,-0.0185018,0.188299,3.77432,1,22.26,45,22.26,0,371
0.013894,0.000231567,-0.0197363,0.186685,3.7681,1,22.32,45,22.32,0,372
0.0139543,0.000232572,-0.0209709,0.185072,3.76188,1,22.38,45,22.38,0,373
0.0140146,0.000233577,-0.0222054,0.183458,3.75566,1,22.44,45,22.44,0,374
0.0140749,0.000234582,-0.0234399,0.181844,3.74944,1,22.5,45,22.5,0,375
0.0141352,0.000235587,-0.0246745,0.18023,3.74322,1,22.56,45,22.56,0,376
0.0141956,0.000236593,-0.025909,0.178616,3.737,1,22.62,45,22.62,0,377
0.0142559,0.000237598,-0.0271435,0.177002,3.73078,1,22.68,45,22.68,0,378
0.0143162,0.000238603,-0.0283781,0.175388,3.72456,1,22.74,45,22.74,0,379
0.0143765,0.000239608,-0.0296126,0.173774,3.71834,1,22.8,45,22.8,0,380
0.0144368,0.000240613,-0.0308471,0.172161,3.71212,1,22.86,45,22.86,0,381
0.0144971,0.000241619,-0.0320817,0.170547,3.7059,1,22.92,45,22.92,0,382
0.0145574,0.000242624,-0.0333162,0.168933,3.69968,1,22.98,45,22.98,0,383
0.0146014,0.000243356,-0.0344841,0.167204,3.6938,1,23.04,45,23.04,0,384
0.0146371,0.000243951,-0.0356187,0.165418,3.68809,1,23.1,45,23.1,0,385
0.0146728,0.000244547,-0.0367533,0.163633,3.68239,1,23.16,45,23.16,0,386
0.0147085,0.000245142,-0.0378879,0.161847,3.67668,1,23.22,45,23.22,0,387
0.0147443,0.000245738,-0.0390225,0.160061,3.67097,1,23.28,45,23.28,0,388
0.01478,0.000246333,-0.0401571,0.158275,3.66526,1,23.34,45,23.34,0,389
0.0148157,0.000246929,-0.0412917,0.156489,3.65955,1,23.4,45,23.4,0,390
0.0148514,0.000247524,-0.0424263,0.154703,3.65385,1,23.46,45,23.46,0,391
0.0148872,0.00024812,-0.0435609,0.152918,3.64814,1,23.52,45,23.52,0,392
0.0149229,0.000248715,-0.0446955,0.151132,3.64243,1,23.58,45,23.58,0,393
0.0149586,0.000249311,-0.0458301,0.149346,3.63672,1,23.64,45,23.64,0,394
0.0149944,0.000249906,-0.0469647,0.14756,3.63101,1,23.7,45,23.7,0,395
0.0150301,0.000250501,-0.0480993,0.145774,3.6253,1,23.76,45,23.76,0,396
0.0150658,0.000251097,-0.0492339,0.143988,3.6196,1,23.82,45,23.82,0,397
0.0151015,0.000251692,-0.0503685,0.142203,3.61389,1,23.88,45,23.88,0,398
0.0151373,0.000252288,-0.0515032,0.140417,3.60818,1,23.94,45,23.94,0,399
0.015173,0.000252883,-0.0526378,0.138631,3.60247,1,24,45,24,0,400
0.0152153,0.000253588,-0.0537069,0.136825,3.59705,1,24.06,45,24.06,0,401
0.0152575,0.000254292,-0.0547761,0.135019,3.59164,1,24.12,45,24.12,0,402
0.0152998,0.000254996,-0.0558453,0.133213,3.58622,1,24.18,45,24.18,0,403
0.015342,0.0002557,-0.0569145,0.131407,3.5808,1,24.24,45,24.24,0,404
0.0153843,0.000256404,-0.0579837,0.129601,3.57539,1,24.3,45,24.3,0,405
0.0154265,0.000257109,-0.0590529,0.127794,3.56997,1,24.36,45,24.36,0,406
0.0154688,0.000257813,-0.0601221,0.125988,3.56456,1,24.42,45,24.42,0,407
0.015511,0.000258517,-0.0611913,0.124182,3.55914,1,24.48,45,24.48,0,408
0.0155533,0.000259221,-0.0622605,0.122376,3.55372,1,24.54,45,24.54,0,409
0.0155955,0.000259925,-0.0633297,0.12057,3.54831,1,24.6,45,24.6,0,410
0.0156378,0.00026063,-0.0643988,0.118764,3.54289,1,24.66,45,24.66,0,411
0.01568,0.000261334,-0.065468,0.116958,3.53747,1,24.72,45,24.72,0,412
0.0157223,0.000262038,-0.0665372,0.115152,3.53206,1,24.78,45,24.78,0,413
0.0157645,0.000262742,-0.0676064,0.113346,3.52664,1,24.84,45,24.84,0,414
0.0158068,0.000263446,-0.0686756,0.11154,3.52122,1,24.9,45,24.9,0,415
0.015849,0.000264151,-0.0697448,0.109734,3.51581,1,24.96,45,24.96,0,416
0.0158874,0.00026479,-0.0707587,0.107911,3.51064,1,25.02,45,25.02,0,417
0.015918,0.0002653,-0.0716618,0.106056,3.50596,1,25.08,45,25.08,0,418
0.0159486,0.00026581,-0.072565,0.1042,3.50128,1,25.14,45,25.14,0,419
0.0159792,0.00026632,-0.0734682,0.102344,3.49661,1,25.2,45,25.2,0,420
0.0160098,0.00026683,-0.0743714,0.100489,3.49193,1,25.26,45,25.26,0,421
0.0160404,0.000267339,-0.0752745,0.0986331,3.48725,1,25.32,45,25.32,0,422
0.016071,0.000267849,-0.0761777,0.0967774,3.48258,1,25.38,45,25.38,0,423
0.0161015,0.000268359,-0.0770809,0.0949217,3.4779,1,25.44,45,25.44,0,424
0.0161321,0.000268869,-0.077984,0.093066,3.47322,1,25.5,45,25.5,0,425
0.0161627,0.000269379,-0.0788872,0.0912104,3.46855,1,25.56,45,25.56,0,426
0.0161933,0.000269889,-0.0797904,0.0893547,3.46387,1,25.62,45,25.62,0,427
0.0162239,0.000270399,-0.0806936,0.087499,3.45919,1,25.68,45,25.68,0,428
0.0162545,0.000270908,-0.0815967,0.0856434,3.45452,1,25.74,45,25.74,0,429
0.0162851,0.000271418,-0.0824999,0.0837877,3.44984,1,25.8,45,25.8,0,430
0.0163157,0.000271928,-0.0834031,0.081932,3.44516,1,25.86,45,25.86,0,431
0.0163463,0.000272438,-0.0843063,0.0800764,3.44049,1,25.92,45,25.92,0,432
0.0163769,0.000272948,-0.0852094,0.0782207,3.43581,1,25.98,45,25.98,0,433
0.0164035,0.000273391,-0.085978,0.0763381,3.43173,1,26.04,45,26.04,0,434
0.016428,0.0002738,-0.0866792,0.074442,3.42795,1,26.1,45,26.1,0,435
0.0164526,0.00027421,-0.0873804,0.072546,3.42417,1,26.16,45,26.16,0,436
0.0164771,0.000274619,-0.0880816,0.0706499,3.4204,1,26.22,45,26.22,0,437
0.0165017,0.000275029,-0.0887829,0.0687538,3.41662,1,26.28,45,26.28,0,438
0.0165263,0.000275438,-0.0894841,0.0668578,3.41284,1,26.34,45,26.34,0,439
0.0165508,0.000275847,-0.0901853,0.0649617,3.40906,1,26.4,45,26.4,0,440
0.0165754,0.000276257,-0.0908865,0.0630657,3.40528,1,26.46,45,26.46,0,441
0.0166,0.000276666,-0.0915878,0.0611696,3.4015,1,26.52,45,26.52,0,442
0.0166245,0.000277076,-0.092289,0.0592736,3.39772,1,26.58,45,26.58,0,443
0.0166491,0.000277485,-0.0929902,0.0573775,3.39394,1,26.64,45,26.64,0,444
0.0166737,0.000277895,-0.0936914,0.0554814,3.39016,1,26.7,45,26.7,0,445
0.0166982,0.000278304,-0.0943926,0.0535854,3.38639,1,26.76,45,26.76,0,446
0.0167228,0.000278713,-0.0950938,0.0516893,3.38261,1,26.82,45,26.82,0,447
0.0167474,0.000279123,-0.0957951,0.0497933,3.37883,1,26.88,45,26.88,0,448
0.0167719,0.000279532,-0.0964963,0.0478972,3.37505,1,26.94,45,26.94,0,449
0.0167965,0.000279942,-0.0971975,0.0460012,3.37127,1,27,45,27,0,450
0.0168222,0.00028037,-0.0977445,0.0440743,3.36818,1,27.06,45,27.06,0,451
0.0168479,0.000280799,-0.0982916,0.0421473,3.36508,1,27.12,45,27.12,0,452
0.0168737,0.000281228,-0.0988386,0.0402205,3.36199,1,27.18,45,27.18,0,453
0.0168994,0.000281656,-0.0993856,0.0382936,3.3589,1,27.24,45,27.24,0,454
0.0169251,0.000282085,-0.0999326,0.0363667,3.3558,1,27.3,45,27.3,0,455
0.0169508,0.000282514,-0.10048,0.0344397,3.35271,1,27.36,45,27.36,0,456
0.0169765,0.000282942,-0.101027,0.0325129,3.34962,1,27.42,45,27.42,0,457
0.0170023,0.000283371,-0.101574,0.030586,3.34652,1,27.48,45,27.48,0,458
0.017028,0.0002838,-0.102121,0.028659,3.34343,1,27.54,45,27.54,0,459
0.0170537,0.000284228,-0.102668,0.0267322,3.34034,1,27.6,45,27.6,0,460
0.0170794,0.000284657,-0.103215,0.0248053,3.33724,1,27.66,45,27.66,0,461
0.0171051,0.000285086,-0.103762,0.0228784,3.33415,1,27.72,45,27.72,0,462
0.0171309,0.000285514,-0.104309,0.0209515,3.33105,1,27.78,45,27.78,0,463
0.0171566,0.000285943,-0.104856,0.0190246,3.32796,1,27.84,45,27.84,0,464
0.0171823,0.000286372,-0.105403,0.0170977,3.32487,1,27.9,45,27.9,0,465
0.017208,0.0002868,-0.10595,0.0151708,3.32177,1,27.96,45,27.96,0,466
0.0172249,0.000287082,-0.106358,0.013257,3.31932,1,28.02,45,28.02,0,467
0.0172243,0.000287071,-0.106489,0.0113697,3.31815,1,28.08,45,28.08,0,468
0.0172236,0.000287061,-0.106619,0.00948227,3.31697,1,28.14,45,28.14,0,469
0.017223,0.00028705,-0.10675,0.00759483,3.3158,1,28.2,45,28.2,0,470
0.0172223,0.000287039,-0.10688,0.00570745,3.31462,1,28.26,45,28.26,0,471
0.0172217,0.000287028,-0.107011,0.00382007,3.31345,1,28.32,45,28.32,0,472
0.017221,0.000287017,-0.107142,0.00193268,3.31228,1,28.38,45,28.38,0,473
0.0172203,0.000287006,-0.107272,4.52415e-05,3.3111,1,28.44,45,28.44,0,474
0.0172197,0.000286995,-0.107403,-0.00184214,3.30993,1,28.5,45,28.5,0,475
0.017219,0.000286984,-0.107533,-0.00372952,3.30875,1,28.56,45,28.56,0,476
0.0172184,0.000286973,-0.107664,-0.00561697,3.30758,1,28.62,45,28.62,0,477
0.0172177,0.000286962,-0.107794,-0.00750435,3.3064,1,28.68,45,28.68,0,478
0.0172171,0.000286951,-0.107925,-0.00939173,3.30523,1,28.74,45,28.74,0,479
0.0172164,0.00028694,-0.108056,-0.0112791,3.30406,1,28.8,45,28.8,0,480
0.0172157,0.000286929,-0.108186,-0.0131666,3.30288,1,28.86,45,28.86,0,481
0.0172151,0.000286918,-0.108317,-0.0150539,3.30171,1,28.92,45,28.92,0,482
0.0172144,0.000286907,-0.108447,-0.0169413,3.30053,1,28.98,45,28.98,0,483
0.0172174,0.000286957,-0.108486,-0.0188261,3.29978,1,29.04,45,29.04,0,484
0.0172222,0.000287037,-0.108479,-0.0207094,3.29925,1,29.1,45,29.1,0,485
0.017227,0.000287117,-0.108471,-0.0225928,3.29871,1,29.16,45,29.16,0,486
0.0172319,0.000287198,-0.108464,-0.0244761,3.29818,1,29.22,45,29.22,0,487
0.0172367,0.000287278,-0.108456,-0.0263595,3.29764,1,29.28,45,29.28,0,488
0.0172415,0.000287358,-0.108449,-0.0282428,3.2971,1,29.34,45,29.34,0,489
0.0172463,0.000287438,-0.108441,-0.0301262,3.29657,1,29.4,45,29.4,0,490
0.0172511,0.000287518,-0.108434,-0.0320095,3.29603,1,29.46,45,29.46,0,491
0.0172559,0.000287599,-0.108426,-0.0338929,3.29549,1,29.52,45,29.52,0,492
0.0172607,0.000287679,-0.108419,-0.0357763,3.29496,1,29.58,45,29.58,0,493
0.0172655,0.000287759,-0.108411,-0.0376596,3.29442,1,29.64,45,29.64,0,494
0.0172704,0.000287839,-0.108404,-0.039543,3.29389,1,29.7,45,29.7,0,495
0.0172752,0.00028792,-0.108397,-0.0414264,3.29335,1,29.76,45,29.76,0,496
0.01728,0.000288,-0.108389,-0.0433097,3.29281,1,29.82,45,29.82,0,497
0.0172848,0.00028808,-0.108382,-0.0451931,3.29228,1,29.88,45,29.88,0,498
0.0172896,0.00028816,-0.108374,-0.0470765,3.29174,1,29.94,45,29.94,0,499
0.0172944,0.00028824,-0.108367,-0.0489598,3.2912,1,30,45,30,0,500
0.0172766,0.000287943,-0.107948,-0.0508604,3.29257,1,30.06,45,30.06,0,501
0.0172588,0.000287646,-0.107529,-0.052761,3.29395,1,30.12,45,30.12,0,502
0.0172409,0.000287349,-0.107111,-0.0546616,3.29532,1,30.18,45,30.18,0,503
0.0172231,0.000287052,-0.106692,-0.0565622,3.29669,1,30.24,45,30.24,0,504
0.0172053,0.000286755,-0.106274,-0.0584628,3.29806,1,30.3,45,30.3,0,505
0.0171874,0.000286457,-0.105855,-0.0603635,3.29943,1,30.36,45,30.36,0,506
0.0171696,0.00028616,-0.105436,-0.062264,3.3008,1,30.42,45,30.42,0,507
0.0171518,0.000285863,-0.105018,-0.0641646,3.30217,1,30.48,45,30.48,0,508
0.017134,0.000285566,-0.104599,-0.0660653,3.30354,1,30.54,45,30.54,0,509
0.0171161,0.000285269,-0.10418,-0.0679659,3.30491,1,30.6,45,30.6,0,510
0.0170983,0.000284972,-0.103762,-0.0698665,3.30628,1,30.66,45,30.66,0,511
0.0170805,0.000284674,-0.103343,-0.071767,3.30765,1,30.72,45,30.72,0,512
0.0170626,0.000284377,-0.102924,-0.0736677,3.30902,1,30.78,45,30.78,0,513
0.0170448,0.00028408,-0.102506,-0.0755683,3.31039,1,30.84,45,30.84,0,514
0.017027,0.000283783,-0.102087,-0.0774689,3.31176,1,30.9,45,30.9,0,515
0.0170092,0.000283486,-0.101669,-0.0793695,3.31313,1,30.96,45,30.96,0,516
0.0169907,0.000283179,-0.101198,-0.0813255,3.31482,1,31.02,45,31.02,0,517
0.0169711,0.000282852,-0.100622,-0.0833923,3.31714,1,31.08,45,31.08,0,518
0.0169515,0.000282525,-0.100046,-0.0854591,3.31946,1,31.14,45,31.14,0,519
0.0169319,0.000282198,-0.09947,-0.087526,3.32178,1,31.2,45,31.2,0,520
0.0169123,0.000281872,-0.0988942,-0.0895928,3.3241,1,31.26,45,31.26,0,521
0.0168927,0.000281545,-0.0983184,-0.0916596,3.32642,1,31.32,45,31.32,0,522
0.0168731,0.000281218,-0.0977426,-0.0937264,3.32874,1,31.38,45,31.38,0,523
0.0168535,0.000280891,-0.0971667,-0.0957933,3.33106,1,31.44,45,31.44,0,524
0.0168339,0.000280564,-0.0965909,-0.0978601,3.33339,1,31.5,45,31.5,0,525
0.0168143,0.000280237,-0.0960151,-0.0999269,3.33571,1,31.56,45,31.56,0,526
0.0167946,0.000279911,-0.0954392,-0.101994,3.33803,1,31.62,45,31.62,0,527
0.016775,0.000279584,-0.0948634,-0.104061,3.34035,1,31.68,45,31.68,0,528
0.0167554,0.000279257,-0.0942876,-0.106127,3.34267,1,31.74,45,31.74,0,529
0.0167358,0.00027893,-0.0937118,-0.108194,3.34499,1,31.8,45,31.8,0,530
0.0167162,0.000278603,-0.0931359,-0.110261,3.34731,1,31.86,45,31.86,0,531
0.0166966,0.000278277,-0.0925601,-0.112328,3.34963,1,31.92,45,31.92,0,532
0.016677,0.00027795,-0.0919843,-0.114395,3.35196,1,31.98,45,31.98,0,533
0.0166508,0.000277513,-0.0912663,-0.116612,3.35514,1,32.04,45,32.04,0,534
0.0166212,0.000277021,-0.0904774,-0.118904,3.35875,1,32.1,45,32.1,0,535
0.0165917,0.000276529,-0.0896885,-0.121196,3.36236,1,32.16,45,32.16,0,536
0.0165622,0.000276037,-0.0888995,-0.123488,3.36597,1,32.22,45,32.22,0,537
0.0165327,0.000275544,-0.0881106,-0.12578,3.36958,1,32.28,45,32.28,0,538
0.0165031,0.000275052,-0.0873216,-0.128073,3.37319,1,32.34,45,32.34,0,539
0.0164736,0.00027456,-0.0865326,-0.130365,3.3768,1,32.4,45,32.4,0,540
0.0164441,0.000274068,-0.0857437,-0.132657,3.38041,1,32.46,45,32.46,0,541
0.0164146,0.000273576,-0.0849547,-0.134949,3.38402,1,32.52,45,32.52,0,542
0.016385,0.000273084,-0.0841658,-0.137242,3.38763,1,32.58,45,32.58,0,543
0.0163555,0.000272592,-0.0833768,-0.139534,3.39124,1,32.64,45,32.64,0,544
0.016326,0.0002721,-0.0825879,-0.141826,3.39485,1,32.7,45,32.7,0,545
0.0162965,0.000271608,-0.0817989,-0.144118,3.39846,1,32.76,45,32.76,0,546
0.0162669,0.000271116,-0.08101,-0.14641,3.40207,1,32.82,45,32.82,0,547
0.0162374,0.000270623,-0.080221,-0.148702,3.40568,1,32.88,45,32.88,0,548
0.0162079,0.000270131,-0.0794321,-0.150995,3.40929,1,32.94,45,32.94,0,549
0.0161784,0.000269639,-0.0786431,-0.153287,3.4129,1,33,45,33,0,550
0.0161355,0.000268925,-0.0776422,-0.155489,3.41761,1,33.06,45,33.06,0,551
0.0160927,0.000268211,-0.0766414,-0.157691,3.42231,1,33.12,45,33.12,0,552
0.0160498,0.000267497,-0.0756405,-0.159893,3.42702,1,33.18,45,33.18,0,553
0.016007,0.000266783,-0.0746397,-0.162096,3.43173,1,33.24,45,33.24,0,554
0.0159641,0.000266069,-0.0736388,-0.164298,3.43643,1,33.3,45,33.3,0,555
0.0159213,0.000265355,-0.072638,-0.1665,3.44114,1,33.36,45,33.36,0,556
0.0158785,0.000264641,-0.0716372,-0.168702,3.44585,1,33.42,45,33.42,0,557
0.0158356,0.000263927,-0.0706363,-0.170904,3.45055,1,33.48,45,33.48,0,558
0.0157928,0.000263213,-0.0696354,-0.173107,3.45526,1,33.54,45,33.54,0,559
0.0157499,0.000262499,-0.0686346,-0.175309,3.45997,1,33.6,45,33.6,0,560
0.0157071,0.000261785,-0.0676337,-0.177511,3.46467,1,33.66,45,33.66,0,561
0.0156642,0.000261071,-0.0666328,-0.179713,3.46938,1,33.72,45,33.72,0,562
0.0156214,0.000260357,-0.065632,-0.181915,3.47409,1,33.78,45,33.78,0,563
0.0155786,0.000259643,-0.0646312,-0.184118,3.4788,1,33.84,45,33.84,0,564
0.0155357,0.000258929,-0.0636303,-0.18632,3.4835,1,33.9,45,33.9,0,565
0.0154929,0.000258215,-0.0626295,-0.188522,3.48821,1,33.96,45,33.96,0,566
0.0154523,0.000257538,-0.0615998,-0.190712,3.49306,1,34.02,45,34.02,0,567
0.0154161,0.000256934,-0.0605125,-0.192878,3.49822,1,34.08,45,34.08,0,568
0.0153799,0.000256331,-0.0594252,-0.195043,3.50337,1,34.14,45,34.14,0,569
0.0153437,0.000255728,-0.0583379,-0.197209,3.50853,1,34.2,45,34.2,0,570
0.0153075,0.000255125,-0.0572507,-0.199374,3.51368,1,34.26,45,34.26,0,571
0.0152713,0.000254522,-0.0561634,-0.20154,3.51883,1,34.32,45,34.32,0,572
0.0152351,0.000253918,-0.0550761,-0.203705,3.52399,1,34.38,45,34.38,0,573
0.0151989,0.000253315,-0.0539889,-0.205871,3.52914,1,34.44,45,34.44,0,574
0.0151627,0.000252712,-0.0529016,-0.208036,3.5343,1,34.5,45,34.5,0,575
0.0151265,0.000252109,-0.0518143,-0.210202,3.53945,1,34.56,45,34.56,0,576
0.0150903,0.000251506,-0.050727,-0.212367,3.5446,1,34.62,45,34.62,0,577
0.0150542,0.000250903,-0.0496397,-0.214533,3.54976,1,34.68,45,34.68,0,578
0.015018,0.000250299,-0.0485524,-0.216698,3.55491,1,34.74,45,34.74,0,579
0.0149818,0.000249696,-0.0474652,-0.218864,3.56007,1,34.8,45,34.8,0,580
0.0149456,0.000249093,-0.0463779,-0.221029,3.56522,1,34.86,45,34.86,0,581
0.0149094,0.00024849,-0.0452906,-0.223195,3.57037,1,34.92,45,34.92,0,582
0.0148732,0.000247887,-0.0442033,-0.22536,3.57553,1,34.98,45,34.98,0,583
0.0148209,0.000247015,-0.0430916,-0.227386,3.58148,1,35.04,45,35.04,0,584
0.0147605,0.000246008,-0.0419678,-0.229341,3.58783,1,35.1,45,35.1,0,585
0.0147001,0.000245001,-0.0408439,-0.231296,3.59418,1,35.16,45,35.16,0,586
0.0146397,0.000243995,-0.0397199,-0.233252,3.60053,1,35.22,45,35.22,0,587
0.0145793,0.000242988,-0.0385961,-0.235207,3.60688,1,35.28,45,35.28,0,588
0.0145189,0.000241981,-0.0374722,-0.237162,3.61323,1,35.34,45,35.34,0,589
0.0144585,0.000240975,-0.0363482,-0.239118,3.61958,1,35.4,45,35.4,0,590
0.0143981,0.000239968,-0.0352244,-0.241073,3.62593,1,35.46,45,35.46,0,591
0.0143377,0.000238961,-0.0341005,-0.243028,3.63228,1,35.52,45,35.52,0,592
0.0142773,0.000237955,-0.0329765,-0.244984,3.63863,1,35.58,45,35.58,0,593
0.0142169,0.000236948,-0.0318527,-0.246939,3.64498,1,35.64,45,35.64,0,594
0.0141565,0.000235942,-0.0307288,-0.248894,3.65133,1,35.7,45,35.7,0,595
0.0140961,0.000234935,-0.0296049,-0.25085,3.65768,1,35.76,45,35.76,0,596
0.0140357,0.000233928,-0.028481,-0.252805,3.66403,1,35.82,45,35.82,0,597
0.0139753,0.000232922,-0.0273571,-0.25476,3.67038,1,35.88,45,35.88,0,598
0.0139149,0.000231915,-0.0262332,-0.256716,3.67673,1,35.94,45,35.94,0,599
0.0138545,0.000230908,-0.0251093,-0.258671,3.68308,1,36,45,36,0,600
0.0138032,0.000230054,-0.0240142,-0.260515,3.68967,1,36.06,45,36.06,0,601
0.0137519,0.000229199,-0.0229193,-0.262358,3.69626,1,36.12,45,36.12,0,602
0.0137007,0.000228345,-0.0218242,-0.264202,3.70284,1,36.18,45,36.18,0,603
0.0136494,0.00022749,-0.0207292,-0.266046,3.70943,1,36.24,45,36.24,0,604
0.0135981,0.000226635,-0.0196342,-0.267889,3.71602,1,36.3,45,36.3,0,605
0.0135469,0.000225781,-0.0185391,-0.269733,3.72261,1,36.36,45,36.36,0,606
0.0134956,0.000224926,-0.0174441,-0.271576,3.7292,1,36.42,45,36.42,0,607
0.0134443,0.000224072,-0.0163491,-0.27342,3.73579,1,36.48,45,36.48,0,608
0.013393,0.000223217,-0.015254,-0.275264,3.74237,1,36.54,45,36.54,0,609
0.0133418,0.000222363,-0.0141591,-0.277107,3.74896,1,36.6,45,36.6,0,610
0.0132905,0.000221508,-0.013064,-0.278951,3.75555,1,36.66,45,36.66,0,611
0.0132392,0.000220653,-0.011969,-0.280795,3.76214,1,36.72,45,36.72,0,612
0.0131879,0.000219799,-0.010874,-0.282638,3.76873,1,36.78,45,36.78,0,613
0.0131367,0.000218944,-0.00977892,-0.284482,3.77532,1,36.84,45,36.84,0,614
0.0130854,0.00021809,-0.00868387,-0.286325,3.7819,1,36.9,45,36.9,0,615
0.0130341,0.000217235,-0.00758889,-0.288169,3.78849,1,36.96,45,36.96,0,616
0.0129795,0.000216325,-0.00651847,-0.289918,3.79528,1,37.02,45,37.02,0,617
0.0129183,0.000215305,-0.00549731,-0.29148,3.80246,1,37.08,45,37.08,0,618
0.0128571,0.000214285,-0.00447623,-0.293041,3.80964,1,37.14,45,37.14,0,619
0.0127959,0.000213265,-0.00345508,-0.294602,3.81683,1,37.2,45,37.2,0,620
0.0127347,0.000212245,-0.00243399,-0.296163,3.82401,1,37.26,45,37.26,0,621
0.0126735,0.000211225,-0.00141284,-0.297724,3.83119,1,37.32,45,37.32,0,622
0.0126123,0.000210205,-0.000391684,-0.299285,3.83838,1,37.38,45,37.38,0,623
0.0125511,0.000209185,0.000629404,-0.300846,3.84556,1,37.44,45,37.44,0,624
0.0124899,0.000208165,0.00165056,-0.302408,3.85274,1,37.5,45,37.5,0,625
0.0124287,0.000207145,0.00267171,-0.303969,3.85992,1,37.56,45,37.56,0,626
0.0123675,0.000206125,0.0036928,-0.30553,3.86711,1,37.62,45,37.62,0,627
0.0123063,0.000205105,0.00471395,-0.307091,3.87429,1,37.68,45,37.68,0,628
0.0122451,0.000204085,0.0057351,-0.308652,3.88147,1,37.74,45,37.74,0,629
0.0121839,0.000203065,0.00675619,-0.310213,3.88865,1,37.8,45,37.8,0,630
0.0121227,0.000202045,0.00777734,-0.311774,3.89584,1,37.86,45,37.86,0,631
0.0120615,0.000201025,0.00879843,-0.313335,3.90302,1,37.92,45,37.92,0,632
0.0120003,0.000200005,0.00981958,-0.314897,3.9102,1,37.98,45,37.98,0,633
0.0119386,0.000198976,0.0107682,-0.316362,3.91736,1,38.04,45,38.04,0,634
0.0118766,0.000197943,0.0116805,-0.317779,3.92451,1,38.1,45,38.1,0,635
0.0118146,0.000196911,0.0125929,-0.319197,3.93166,1,38.16,45,38.16,0,636
0.0117527,0.000195878,0.0135052,-0.320614,3.93881,1,38.22,45,38.22,0,637
0.0116907,0.000194845,0.0144175,-0.322032,3.94596,1,38.28,45,38.28,0,638
0.0116288,0.000193813,0.0153299,-0.323449,3.95311,1,38.34,45,38.34,0,639
0.0115668,0.00019278,0.0162423,-0.324867,3.96026,1,38.4,45,38.4,0,640
0.0115048,0.000191747,0.0171546,-0.326284,3.96741,1,38.46,45,38.46,0,641
0.0114429,0.000190714,0.0180669,-0.327702,3.97456,1,38.52,45,38.52,0,642
0.0113809,0.000189682,0.0189793,-0.329119,3.98171,1,38.58,45,38.58,0,643
0.0113189,0.000188649,0.0198916,-0.330537,3.98886,1,38.64,45,38.64,0,644
0.011257,0.000187616,0.020804,-0.331954,3.99601,1,38.7,45,38.7,0,645
0.011195,0.000186584,0.0217163,-0.333372,4.00316,1,38.76,45,38.76,0,646
0.011133,0.000185551,0.0226286,-0.334789,4.01031,1,38.82,45,38.82,0,647
0.0110711,0.000184518,0.023541,-0.336207,4.01746,1,38.88,45,38.88,0,648
0.0110091,0.000183485,0.0244533,-0.337624,4.02461,1,38.94,45,38.94,0,649
0.0109472,0.000182453,0.0253657,-0.339041,4.03176,1,39,45,39,0,650
0.0108874,0.000181456,0.0261952,-0.34035,4.03889,1,39.06,45,39.06,0,651
0.0108276,0.00018046,0.0270247,-0.341658,4.04601,1,39.12,45,39.12,0,652
0.0107678,0.000179463,0.0278542,-0.342966,4.05314,1,39.18,45,39.18,0,653
0.010708,0.000178466,0.0286838,-0.344274,4.06026,1,39.24,45,39.24,0,654
0.0106482,0.00017747,0.0295133,-0.345582,4.06739,1,39.3,45,39.3,0,655
0.0105884,0.000176473,0.0303428,-0.34689,4.07451,1,39.36,45,39.36,0,656
0.0105286,0.000175477,0.0311723,-0.348198,4.08164,1,39.42,45,39.42,0,657
0.0104688,0.00017448,0.0320018,-0.349506,4.08876,1,39.48,45,39.48,0,658
0.010409,0.000173484,0.0328314,-0.350814,4.09589,1,39.54,45,39.54,0,659
0.0103492,0.000172487,0.0336608,-0.352122,4.10301,1,39.6,45,39.6,0,660
0.0102894,0.00017149,0.0344904,-0.35343,4.11014,1,39.66,45,39.66,0,661
0.0102296,0.000170494,0.0353199,-0.354738,4.11726,1,39.72,45,39.72,0,662
0.0101698,0.000169497,0.0361494,-0.356046,4.12438,1,39.78,45,39.78,0,663
0.01011,0.000168501,0.0369789,-0.357355,4.13151,1,39.84,45,39.84,0,664
0.0100503,0.000167504,0.0378085,-0.358663,4.13863,1,39.9,45,39.9,0,665
0.00999046,0.000166508,0.038638,-0.359971,4.14576,1,39.96,45,39.96,0,666
0.00992825,0.000165471,0.0393901,-0.361146,4.15271,1,40.02,45,40.02,0,667
0.00986121,0.000164354,0.0399874,-0.362055,4.15933,1,40.08,45,40.08,0,668
0.00979417,0.000163236,0.0405847,-0.362963,4.16594,1,40.14,45,40.14,0,669
0.00972713,0.000162119,0.0411821,-0.363872,4.17255,1,40.2,45,40.2,0,670
0.00966009,0.000161002,0.0417794,-0.364781,4.17916,1,40.26,45,40.26,0,671
0.00959305,0.000159884,0.0423767,-0.36569,4.18578,1,40.32,45,40.32,0,672
0.00952601,0.000158767,0.042974,-0.366599,4.19239,1,40.38,45,40.38,0,673
0.00945897,0.00015765,0.0435713,-0.367508,4.199,1,40.44,45,40.44,0,674
0.00939193,0.000156532,0.0441686,-0.368416,4.20561,1,40.5,45,40.5,0,675
0.00932489,0.000155415,0.044766,-0.369325,4.21223,1,40.56,45,40.56,0,676
0.00925785,0.000154298,0.0453633,-0.370234,4.21884,1,40.62,45,40.62,0,677
0.00919081,0.00015318,0.0459606,-0.371143,4.22545,1,40.68,45,40.68,0,678
0.00912377,0.000152063,0.0465579,-0.372052,4.23206,1,40.74,45,40.74,0,679
0.00905673,0.000150946,0.0471552,-0.372961,4.23868,1,40.8,45,40.8,0,680
0.00898969,0.000149828,0.0477526,-0.37387,4.24529,1,40.86,45,40.86,0,681
0.00892265,0.000148711,0.0483498,-0.374778,4.2519,1,40.92,45,40.92,0,682
0.00885561,0.000147594,0.0489472,-0.375687,4.25851,1,40.98,45,40.98,0,683
0.00879425,0.000146571,0.0494896,-0.376494,4.26499,1,41.04,45,41.04,0,684
0.00873574,0.000145596,0.0500045,-0.377251,4.27139,1,41.1,45,41.1,0,685
0.00867722,0.00014462,0.0505194,-0.378007,4.2778,1,41.16,45,41.16,0,686
0.0086187,0.000143645,0.0510343,-0.378763,4.2842,1,41.22,45,41.22,0,687
0.00856018,0.00014267,0.0515492,-0.379519,4.2906,1,41.28,45,41.28,0,688
0.00850166,0.000141694,0.0520641,-0.380275,4.29701,1,41.34,45,41.34,0,689
0.00844314,0.000140719,0.0525791,-0.381032,4.30341,1,41.4,45,41.4,0,690
0.00838463,0.000139744,0.053094,-0.381788,4.30981,1,41.46,45,41.46,0,691
0.00832611,0.000138768,0.0536089,-0.382544,4.31622,1,41.52,45,41.52,0,692
0.00826759,0.000137793,0.0541238,-0.3833,4.32262,1,41.58,45,41.58,0,693
0.00820907,0.000136818,0.0546387,-0.384057,4.32902,1,41.64,45,41.64,0,694
0.00815055,0.000135843,0.0551536,-0.384813,4.33543,1,41.7,45,41.7,0,695
0.00809204,0.000134867,0.0556685,-0.385569,4.34183,1,41.76,45,41.76,0,696
0.00803352,0.000133892,0.0561835,-0.386325,4.34824,1,41.82,45,41.82,0,697
0.007975,0.000132917,0.0566984,-0.387082,4.35464,1,41.88,45,41.88,0,698
0.00791648,0.000131941,0.0572133,-0.387838,4.36104,1,41.94,45,41.94,0,699
0.00785796,0.000130966,0.0577282,-0.388594,4.36745,1,42,45,42,0,700
0.00779541,0.000129924,0.0579803,-0.388831,4.3731,1,42.06,45,42.06,0,701
0.00773287,0.000128881,0.0582324,-0.389068,4.37876,1,42.12,45,42.12,0,702
0.00767032,0.000127839,0.0584845,-0.389305,4.38442,1,42.18,45,42.18,0,703
0.00760777,0.000126796,0.0587366,-0.389542,4.39007,1,42.24,45,42.24,0,704
0.00754523,0.000125754,0.0589886,-0.389779,4.39573,1,42.3,45,42.3,0,705
0.00748268,0.000124711,0.0592407,-0.390015,4.40139,1,42.36,45,42.36,0,706
0.00742013,0.000123669,0.0594928,-0.390252,4.40704,1,42.42,45,42.42,0,707
0.00735759,0.000122626,0.0597449,-0.390489,4.4127,1,42.48,45,42.48,0,708
0.00729504,0.000121584,0.059997,-0.390726,4.41835,1,42.54,45,42.54,0,709
0.00723249,0.000120542,0.0602491,-0.390963,4.42401,1,42.6,45,42.6,0,710
0.00716994,0.000119499,0.0605012,-0.3912,4.42967,1,42.66,45,42.66,0,711
0.0071074,0.000118457,0.0607533,-0.391437,4.43532,1,42.72,45,42.72,0,712
0.00704485,0.000117414,0.0610054,-0.391674,4.44098,1,42.78,45,42.78,0,713
0.0069823,0.000116372,0.0612575,-0.391911,4.44664,1,42.84,45,42.84,0,714
0.00691976,0.000115329,0.0615096,-0.392147,4.45229,1,42.9,45,42.9,0,715
0.00685721,0.000114287,0.0617616,-0.392384,4.45795,1,42.96,45,42.96,0,716
0.00679702,0.000113284,0.0619907,-0.392555,4.46348,1,43.02,45,43.02,0,717
0.00674153,0.000112359,0.0621736,-0.392593,4.46876,1,43.08,45,43.08,0,718
0.00668604,0.000111434,0.0623565,-0.392631,4.47404,1,43.14,45,43.14,0,719
0.00663055,0.000110509,0.0625394,-0.392668,4.47932,1,43.2,45,43.2,0,720
0.00657506,0.000109584,0.0627223,-0.392706,4.4846,1,43.26,45,43.26,0,721
0.00651958,0.00010866,0.0629052,-0.392744,4.48988,1,43.32,45,43.32,0,722
0.00646409,0.000107735,0.0630881,-0.392782,4.49516,1,43.38,45,43.38,0,723
0.0064086,0.00010681,0.063271,-0.39282,4.50044,1,43.44,45,43.44,0,724
0.00635311,0.000105885,0.0634539,-0.392858,4.50572,1,43.5,45,43.5,0,725
0.00629762,0.00010496,0.0636368,-0.392896,4.511,1,43.56,45,43.56,0,726
0.00624214,0.000104036,0.0638197,-0.392934,4.51628,1,43.62,45,43.62,0,727
0.00618665,0.000103111,0.0640026,-0.392971,4.52156,1,43.68,45,43.68,0,728
0.00613116,0.000102186,0.0641855,-0.393009,4.52684,1,43.74,45,43.74,0,729
0.00607567,0.000101261,0.0643684,-0.393047,4.53212,1,43.8,45,43.8,0,730
0.00602018,0.000100336,0.0645514,-0.393085,4.5374,1,43.86,45,43.86,0,731
0.0059647,9.94116e-05,0.0647343,-0.393123,4.54268,1,43.92,45,43.92,0,732
0.00590921,9.84868e-05,0.0649172,-0.393161,4.54796,1,43.98,45,43.98,0,733
0.00585608,9.76014e-05,0.0650377,-0.393019,4.5529,1,44.04,45,44.04,0,734
0.00580414,9.67357e-05,0.0651271,-0.392788,4.55767,1,44.1,45,44.1,0,735
0.0057522,9.587e-05,0.0652165,-0.392557,4.56244,1,44.16,45,44.16,0,736
0.00570026,9.50044e-05,0.0653059,-0.392326,4.56721,1,44.22,45,44.22,0,737
0.00564832,9.41387e-05,0.0653953,-0.392094,4.57198,1,44.28,45,44.28,0,738
0.00559638,9.3273e-05,0.0654846,-0.391863,4.57675,1,44.34,45,44.34,0,739
0.00554444,9.24073e-05,0.065574,-0.391632,4.58152,1,44.4,45,44.4,0,740
0.0054925,9.15417e-05,0.0656634,-0.391401,4.58629,1,44.46,45,44.46,0,741
0.00544056,9.0676e-05,0.0657528,-0.391169,4.59106,1,44.52,45,44.52,0,742
0.00538862,8.98103e-05,0.0658422,-0.390938,4.59583,1,44.58,45,44.58,0,743
0.00533668,8.89447e-05,0.0659316,-0.390707,4.6006,1,44.64,45,44.64,0,744
0.00528474,8.8079e-05,0.0660209,-0.390476,4.60537,1,44.7,45,44.7,0,745
0.0052328,8.72134e-05,0.0661103,-0.390245,4.61014,1,44.76,45,44.76,0,746
0.00518086,8.63477e-05,0.0661997,-0.390013,4.61491,1,44.82,45,44.82,0,747
0.00512892,8.5482e-05,0.0662891,-0.389782,4.61968,1,44.88,45,44.88,0,748
0.00507698,8.46163e-05,0.0663785,-0.389551,4.62445,1,44.94,45,44.94,0,749
0.00502504,8.37507e-05,0.0664678,-0.38932,4.62922,1,45,45,45,0,750
0.00497644,8.29406e-05,0.0664279,-0.388993,4.63333,1,45.06,45,45.06,0,751
0.00492783,8.21306e-05,0.0663879,-0.388666,4.63743,1,45.12,45,45.12,0,752
0.00487923,8.13205e-05,0.066348,-0.388339,4.64154,1,45.18,45,45.18,0,753
0.00483063,8.05104e-05,0.066308,-0.388012,4.64564,1,45.24,45,45.24,0,754
0.00478203,7.97004e-05,0.0662681,-0.387685,4.64975,1,45.3,45,45.3,0,755
0.00473342,7.88904e-05,0.0662281,-0.387359,4.65385,1,45.36,45,45.36,0,756
0.00468482,7.80804e-05,0.0661882,-0.387032,4.65796,1,45.42,45,45.42,0,757
0.00463622,7.72703e-05,0.0661482,-0.386705,4.66206,1,45.48,45,45.48,0,758
0.00458761,7.64602e-05,0.0661082,-0.386378,4.66617,1,45.54,45,45.54,0,759
0.00453901,7.56502e-05,0.0660683,-0.386051,4.67027,1,45.6,45,45.6,0,760
0.00449041,7.48401e-05,0.0660283,-0.385724,4.67438,1,45.66,45,45.66,0,761
0.0044418,7.40301e-05,0.0659884,-0.385397,4.67848,1,45.72,45,45.72,0,762
0.0043932,7.32201e-05,0.0659484,-0.38507,4.68259,1,45.78,45,45.78,0,763
0.0043446,7.241e-05,0.0659085,-0.384744,4.68669,1,45.84,45,45.84,0,764
0.004296,7.15999e-05,0.0658685,-0.384417,4.6908,1,45.9,45,45.9,0,765
0.0042474,7.07899e-05,0.0658286,-0.38409,4.6949,1,45.96,45,45.96,0,766
0.00420093,7.00156e-05,0.0657711,-0.38375,4.69892,1,46.02,45,46.02,0,767
0.00415876,6.93127e-05,0.0656786,-0.383384,4.70275,1,46.08,45,46.08,0,768
0.00411659,6.86098e-05,0.065586,-0.383018,4.70658,1,46.14,45,46.14,0,769
0.00407441,6.79069e-05,0.0654935,-0.382653,4.71042,1,46.2,45,46.2,0,770
0.00403224,6.7204e-05,0.065401,-0.382287,4.71425,1,46.26,45,46.26,0,771
0.00399006,6.65011e-05,0.0653085,-0.381921,4.71809,1,46.32,45,46.32,0,772
0.00394789,6.57982e-05,0.065216,-0.381555,4.72192,1,46.38,45,46.38,0,773
0.00390572,6.50953e-05,0.0651234,-0.38119,4.72576,1,46.44,45,46.44,0,774
0.00386354,6.43924e-05,0.0650309,-0.380824,4.72959,1,46.5,45,46.5,0,775
0.00382137,6.36895e-05,0.0649384,-0.380458,4.73342,1,46.56,45,46.56,0,776
0.0037792,6.29866e-05,0.0648459,-0.380092,4.73726,1,46.62,45,46.62,0,777
0.00373702,6.22837e-05,0.0647533,-0.379727,4.74109,1,46.68,45,46.68,0,778
0.00369485,6.15808e-05,0.0646608,-0.379361,4.74493,1,46.74,45,46.74,0,779
0.00365267,6.08779e-05,0.0645683,-0.378995,4.74876,1,46.8,45,46.8,0,780
0.0036105,6.0175e-05,0.0644758,-0.378629,4.7526,1,46.86,45,46.86,0,781
0.00356833,5.94721e-05,0.0643833,-0.378264,4.75643,1,46.92,45,46.92,0,782
0.00352615,5.87692e-05,0.0642907,-0.377898,4.76027,1,46.98,45,46.98,0,783
0.00348601,5.81002e-05,0.0641175,-0.377381,4.76356,1,47.04,45,47.04,0,784
0.0034469,5.74483e-05,0.0639039,-0.37679,4.76659,1,47.1,45,47.1,0,785
0.00340778,5.67964e-05,0.0636902,-0.376198,4.76962,1,47.16,45,47.16,0,786
0.00336866,5.61444e-05,0.0634766,-0.375606,4.77264,1,47.22,45,47.22,0,787
0.00332955,5.54925e-05,0.063263,-0.375014,4.77567,1,47.28,45,47.28,0,788
0.00329043,5.48405e-05,0.0630494,-0.374423,4.7787,1,47.34,45,47.34,0,789
0.00325132,5.41886e-05,0.0628357,-0.373831,4.78173,1,47.4,45,47.4,0,790
0.0032122,5.35367e-05,0.0626221,-0.373239,4.78476,1,47.46,45,47.46,0,791
0.00317308,5.28847e-05,0.0624085,-0.372647,4.78778,1,47.52,45,47.52,0,792
0.00313397,5.22328e-05,0.0621949,-0.372055,4.79081,1,47.58,45,47.58,0,793
0.00309485,5.15809e-05,0.0619813,-0.371464,4.79384,1,47.64,45,47.64,0,794
0.00305573,5.09289e-05,0.0617676,-0.370872,4.79687,1,47.7,45,47.7,0,795
0.00301662,5.0277e-05,0.061554,-0.37028,4.79989,1,47.76,45,47.76,0,796
0.0029775,4.9625e-05,0.0613404,-0.369688,4.80292,1,47.82,45,47.82,0,797
0.00293838,4.89731e-05,0.0611268,-0.369097,4.80595,1,47.88,45,47.88,0,798
0.00289927,4.83212e-05,0.0609132,-0.368505,4.80898,1,47.94,45,47.94,0,799
0.00286015,4.76692e-05,0.0606995,-0.367913,4.81201,1,48,45,48,0,800
0.00282796,4.71327e-05,0.0604948,-0.367281,4.81483,1,48.06,45,48.06,0,801
0.00279577,4.65962e-05,0.06029,-0.366648,4.81766,1,48.12,45,48.12,0,802
0.00276358,4.60597e-05,0.0600852,-0.366016,4.82048,1,48.18,45,48.18,0,803
0.00273139,4.55232e-05,0.0598805,-0.365383,4.82331,1,48.24,45,48.24,0,804
0.00269921,4.49868e-05,0.0596757,-0.364751,4.82613,1,48.3,45,48.3,0,805
0.00266702,4.44503e-05,0.0594709,-0.364119,4.82896,1,48.36,45,48.36,0,806
0.00263483,4.39138e-05,0.0592662,-0.363486,4.83178,1,48.42,45,48.42,0,807
0.00260264,4.33773e-05,0.0590614,-0.362854,4.83461,1,48.48,45,48.48,0,808
0.00257045,4.28408e-05,0.0588566,-0.362221,4.83743,1,48.54,45,48.54,0,809
0.00253826,4.23043e-05,0.0586519,-0.361589,4.84026,1,48.6,45,48.6,0,810
0.00250607,4.17678e-05,0.0584471,-0.360957,4.84308,1,48.66,45,48.66,0,811
0.00247388,4.12313e-05,0.0582423,-0.360324,4.84591,1,48.72,45,48.72,0,812
0.00244169,4.06949e-05,0.0580376,-0.359692,4.84873,1,48.78,45,48.78,0,813
0.0024095,4.01584e-05,0.0578328,-0.359059,4.85156,1,48.84,45,48.84,0,814
0.00237731,3.96219e-05,0.057628,-0.358427,4.85438,1,48.9,45,48.9,0,815
0.00234512,3.90854e-05,0.0574233,-0.357795,4.85721,1,48.96,45,48.96,0,816
0.0023146,3.85766e-05,0.0572263,-0.357128,4.85986,1,49.02,45,49.02,0,817
0.0022874,3.81233e-05,0.057045,-0.356395,4.86218,1,49.08,45,49.08,0,818
0.0022602,3.767e-05,0.0568637,-0.355661,4.8645,1,49.14,45,49.14,0,819
0.002233,3.72166e-05,0.0566824,-0.354927,4.86682,1,49.2,45,49.2,0,820
0.0022058,3.67633e-05,0.0565011,-0.354194,4.86913,1,49.26,45,49.26,0,821
0.0021786,3.63099e-05,0.0563198,-0.35346,4.87145,1,49.32,45,49.32,0,822
0.0021514,3.58566e-05,0.0561384,-0.352726,4.87377,1,49.38,45,49.38,0,823
0.0021242,3.54033e-05,0.0559571,-0.351993,4.87609,1,49.44,45,49.44,0,824
0.002097,3.49499e-05,0.0557758,-0.351259,4.8784,1,49.5,45,49.5,0,825
0.00206979,3.44966e-05,0.0555945,-0.350525,4.88072,1,49.56,45,49.56,0,826
0.0020426,3.40433e-05,0.0554132,-0.349792,4.88304,1,49.62,45,49.62,0,827
0.00201539,3.35899e-05,0.0552319,-0.349058,4.88536,1,49.68,45,49.68,0,828
0.00198819,3.31366e-05,0.0550506,-0.348324,4.88768,1,49.74,45,49.74,0,829
0.00196099,3.26832e-05,0.0548693,-0.347591,4.88999,1,49.8,45,49.8,0,830
0.00193379,3.22299e-05,0.054688,-0.346857,4.89231,1,49.86,45,49.86,0,831
0.00190659,3.17766e-05,0.0545066,-0.346123,4.89463,1,49.92,45,49.92,0,832
0.00187939,3.13232e-05,0.0543253,-0.345389,4.89695,1,49.98,45,49.98,0,833
0.00185563,3.09272e-05,0.0541265,-0.344665,4.89903,1,50.04,45,50.04,0,834
0.00183359,3.05598e-05,0.0539189,-0.343945,4.90099,1,50.1,45,50.1,0,835
0.00181155,3.01924e-05,0.0537113,-0.343225,4.90295,1,50.16,45,50.16,0,836
0.0017895,2.98251e-05,0.0535037,-0.342505,4.90492,1,50.22,45,50.22,0,837
0.00176746,2.94577e-05,0.0532961,-0.341785,4.90688,1,50.28,45,50.28,0,838
0.00174542,2.90903e-05,0.0530885,-0.341065,4.90885,1,50.34,45,50.34,0,839
0.00172337,2.87229e-05,0.0528809,-0.340345,4.91081,1,50.4,45,50.4,0,840
0.00170133,2.83555e-05,0.0526733,-0.339625,4.91277,1,50.46,45,50.46,0,841
0.00167929,2.79882e-05,0.0524657,-0.338905,4.91474,1,50.52,45,50.52,0,842
0.00165725,2.76208e-05,0.0522581,-0.338185,4.9167,1,50.58,45,50.58,0,843
0.0016352,2.72534e-05,0.0520505,-0.337465,4.91866,1,50.64,45,50.64,0,844
0.00161316,2.6886e-05,0.0518428,-0.336745,4.92063,1,50.7,45,50.7,0,845
0.00159112,2.65187e-05,0.0516353,-0.336025,4.92259,1,50.76,45,50.76,0,846
0.00156908,2.61513e-05,0.0514276,-0.335305,4.92456,1,50.82,45,50.82,0,847
0.00154703,2.57839e-05,0.05122,-0.334586,4.92652,1,50.88,45,50.88,0,848
0.00152499,2.54165e-05,0.0510124,-0.333866,4.92848,1,50.94,45,50.94,0,849
0.00150295,2.50491e-05,0.0508048,-0.333146,4.93045,1,51,45,51,0,850
0.00148495,2.47492e-05,0.0505773,-0.332436,4.93214,1,51.06,45,51.06,0,851
0.00146696,2.44494e-05,0.0503497,-0.331727,4.93384,1,51.12,45,51.12,0,852
0.00144897,2.41495e-05,0.0501221,-0.331017,4.93553,1,51.18,45,51.18,0,853
0.00143098,2.38496e-05,0.0498946,-0.330307,4.93723,1,51.24,45,51.24,0,854
0.00141298,2.35497e-05,0.049667,-0.329598,4.93892,1,51.3,45,51.3,0,855
0.00139499,2.32499e-05,0.0494395,-0.328888,4.94062,1,51.36,45,51.36,0,856
0.001377,2.295e-05,0.0492119,-0.328179,4.94231,1,51.42,45,51.42,0,857
0.00135901,2.26501e-05,0.0489843,-0.327469,4.94401,1,51.48,45,51.48,0,858
0.00134101,2.23502e-05,0.0487568,-0.32676,4.9457,1,51.54,45,51.54,0,859
0.00132302,2.20504e-05,0.0485292,-0.32605,4.9474,1,51.6,45,51.6,0,860
0.00130503,2.17505e-05,0.0483017,-0.325341,4.94909,1,51.66,45,51.66,0,861
0.00128704,2.14506e-05,0.0480741,-0.324631,4.95079,1,51.72,45,51.72,0,862
0.00126904,2.11507e-05,0.0478465,-0.323922,4.95248,1,51.78,45,51.78,0,863
0.00125105,2.08508e-05,0.047619,-0.323212,4.95418,1,51.84,45,51.84,0,864
0.00123306,2.0551e-05,0.0473914,-0.322503,4.95587,1,51.9,45,51.9,0,865
0.00121507,2.02511e-05,0.0471639,-0.321793,4.95757,1,51.96,45,51.96,0,866
0.00119833,1.99722e-05,0.0469261,-0.321149,4.95908,1,52.02,45,52.02,0,867
0.00118411,1.97351e-05,0.0466679,-0.320637,4.96023,1,52.08,45,52.08,0,868
0.00116989,1.94981e-05,0.0464098,-0.320125,4.96138,1,52.14,45,52.14,0,869
0.00115567,1.92611e-05,0.0461516,-0.319612,4.96253,1,52.2,45,52.2,0,870
0.00114145,1.90241e-05,0.0458935,-0.3191,4.96368,1,52.26,45,52.26,0,871
0.00112723,1.87871e-05,0.0456353,-0.318588,4.96482,1,52.32,45,52.32,0,872
0.00111301,1.85501e-05,0.0453771,-0.318075,4.96597,1,52.38,45,52.38,0,873
0.00109879,1.83131e-05,0.045119,-0.317563,4.96712,1,52.44,45,52.44,0,874
0.00108457,1.80761e-05,0.0448608,-0.317051,4.96827,1,52.5,45,52.5,0,875
0.00107034,1.78391e-05,0.0446027,-0.316538,4.96942,1,52.56,45,52.56,0,876
0.00105612,1.76021e-05,0.0443445,-0.316026,4.97057,1,52.62,45,52.62,0,877
0.0010419,1.73651e-05,0.0440863,-0.315514,4.97171,1,52.68,45,52.68,0,878
0.00102768,1.7128e-05,0.0438282,-0.315002,4.97286,1,52.74,45,52.74,0,879
0.00101346,1.6891e-05,0.04357,-0.314489,4.97401,1,52.8,45,52.8,0,880
0.000999242,1.6654e-05,0.0433119,-0.313977,4.97516,1,52.86,45,52.86,0,881
0.000985022,1.6417e-05,0.0430537,-0.313465,4.97631,1,52.92,45,52.92,0,882
0.000970801,1.618e-05,0.0427955,-0.312952,4.97746,1,52.98,45,52.98,0,883
0.000958335,1.59722e-05,0.0425387,-0.312473,4.97852,1,53.04,45,53.04,0,884
0.000946747,1.57791e-05,0.0422825,-0.31201,4.97955,1,53.1,45,53.1,0,885
0.000935158,1.5586e-05,0.0420263,-0.311548,4.98057,1,53.16,45,53.16,0,886
0.00092357,1.53928e-05,0.0417701,-0.311085,4.9816,1,53.22,45,53.22,0,887
0.000911982,1.51997e-05,0.0415139,-0.310622,4.98263,1,53.28,45,53.28,0,888
0.000900394,1.50066e-05,0.0412577,-0.310159,4.98365,1,53.34,45,53.34,0,889
0.000888805,1.48134e-05,0.0410015,-0.309697,4.98468,1,53.4,45,53.4,0,890
0.000877217,1.46203e-05,0.0407453,-0.309234,4.9857,1,53.46,45,53.46,0,891
0.000865629,1.44271e-05,0.0404891,-0.308771,4.98673,1,53.52,45,53.52,0,892
0.00085404,1.4234e-05,0.0402328,-0.308308,4.98775,1,53.58,45,53.58,0,893
0.000842453,1.40409e-05,0.0399767,-0.307846,4.98878,1,53.64,45,53.64,0,894
0.000830864,1.38477e-05,0.0397204,-0.307383,4.9898,1,53.7,45,53.7,0,895
0.000819276,1.36546e-05,0.0394643,-0.30692,4.99083,1,53.76,45,53.76,0,896
0.000807688,1.34615e-05,0.039208,-0.306457,4.99186,1,53.82,45,53.82,0,897
0.000796099,1.32683e-05,0.0389518,-0.305995,4.99288,1,53.88,45,53.88,0,898
0.000784512,1.30752e-05,0.0386956,-0.305532,4.99391,1,53.94,45,53.94,0,899
0.000772923,1.28821e-05,0.0384394,-0.305069,4.99493,1,54,45,54,0,900
0.000763932,1.27322e-05,0.0382273,-0.304704,4.99578,1,54.06,45,54.06,0,901
0.00075494,1.25823e-05,0.0380151,-0.304339,4.99662,1,54.12,45,54.12,0,902
0.000745949,1.24325e-05,0.0378029,-0.303974,4.99746,1,54.18,45,54.18,0,903
0.000736957,1.22826e-05,0.0375908,-0.303609,4.99831,1,54.24,45,54.24,0,904
0.000727966,1.21328e-05,0.0373786,-0.303244,4.99915,1,54.3,45,54.3,0,905
0.000718974,1.19829e-05,0.0371664,-0.302879,4.99999,1,54.36,45,54.36,0,906
0.000709983,1.18331e-05,0.0369543,-0.302515,5.00084,1,54.42,45,54.42,0,907
0.000700992,1.16832e-05,0.0367421,-0.30215,5.00168,1,54.48,45,54.48,0,908
0.000692,1.15333e-05,0.0365299,-0.301785,5.00252,1,54.54,45,54.54,0,909
0.000683009,1.13835e-05,0.0363178,-0.30142,5.00337,1,54.6,45,54.6,0,910
0.000674017,1.12336e-05,0.0361056,-0.301055,5.00421,1,54.66,45,54.66,0,911
0.000665026,1.10838e-05,0.0358934,-0.30069,5.00505,1,54.72,45,54.72,0,912
0.000656034,1.09339e-05,0.0356813,-0.300325,5.0059,1,54.78,45,54.78,0,913
0.000647043,1.0784e-05,0.0354691,-0.29996,5.00674,1,54.84,45,54.84,0,914
0.000638051,1.06342e-05,0.035257,-0.299595,5.00759,1,54.9,45,54.9,0,915
0.00062906,1.04843e-05,0.0350448,-0.29923,5.00843,1,54.96,45,54.96,0,916
0.000620642,1.0344e-05,0.0348367,-0.298879,5.00925,1,55.02,45,55.02,0,917
0.000613371,1.02228e-05,0.0346368,-0.298554,5.01003,1,55.08,45,55.08,0,918
0.0006061,1.01017e-05,0.0344368,-0.29823,5.01082,1,55.14,45,55.14,0,919
0.000598829,9.98048e-06,0.0342369,-0.297906,5.0116,1,55.2,45,55.2,0,920
0.000591558,9.8593e-06,0.0340369,-0.297581,5.01238,1,55.26,45,55.26,0,921
0.000584287,9.73811e-06,0.033837,-0.297257,5.01316,1,55.32,45,55.32,0,922
0.000577015,9.61693e-06,0.0336371,-0.296932,5.01394,1,55.38,45,55.38,0,923
0.000569745,9.49574e-06,0.0334371,-0.296608,5.01472,1,55.44,45,55.44,0,924
0.000562474,9.37456e-06,0.0332372,-0.296284,5.0155,1,55.5,45,55.5,0,925
0.000555202,9.25337e-06,0.0330372,-0.295959,5.01629,1,55.56,45,55.56,0,926
0.000547932,9.13219e-06,0.0328373,-0.295635,5.01707,1,55.62,45,55.62,0,927
0.00054066,9.01101e-06,0.0326374,-0.295311,5.01785,1,55.68,45,55.68,0,928
0.000533389,8.88982e-06,0.0324374,-0.294986,5.01863,1,55.74,45,55.74,0,929
0.000526118,8.76864e-06,0.0322375,-0.294662,5.01941,1,55.8,45,55.8,0,930
0.000518847,8.64745e-06,0.0320375,-0.294338,5.02019,1,55.86,45,55.86,0,931
0.000511576,8.52627e-06,0.0318376,-0.294013,5.02097,1,55.92,45,55.92,0,932
0.000504305,8.40509e-06,0.0316377,-0.293689,5.02176,1,55.98,45,55.98,0,933
0.000498057,8.30096e-06,0.0314487,-0.293401,5.02248,1,56.04,45,56.04,0,934
0.000492322,8.20536e-06,0.0312652,-0.293131,5.02318,1,56.1,45,56.1,0,935
0.000486585,8.10976e-06,0.0310818,-0.292862,5.02388,1,56.16,45,56.16,0,936
0.000480849,8.01415e-06,0.0308983,-0.292592,5.02457,1,56.22,45,56.22,0,937
0.000475113,7.91856e-06,0.0307148,-0.292322,5.02527,1,56.28,45,56.28,0,938
0.000469377,7.82295e-06,0.0305314,-0.292053,5.02597,1,56.34,45,56.34,0,939
0.000463641,7.72735e-06,0.0303479,-0.291783,5.02667,1,56.4,45,56.4,0,940
0.000457905,7.63175e-06,0.0301645,-0.291513,5.02737,1,56.46,45,56.46,0,941
0.000452169,7.53615e-06,0.029981,-0.291244,5.02806,1,56.52,45,56.52,0,942
0.000446433,7.44055e-06,0.0297975,-0.290974,5.02876,1,56.58,45,56.58,0,943
0.000440697,7.34495e-06,0.0296141,-0.290704,5.02946,1,56.64,45,56.64,0,944
0.000434961,7.24935e-06,0.0294306,-0.290435,5.03016,1,56.7,45,56.7,0,945
0.000429225,7.15375e-06,0.0292471,-0.290165,5.03085,1,56.76,45,56.76,0,946
0.000423489,7.05815e-06,0.0290637,-0.289895,5.03155,1,56.82,45,56.82,0,947
0.000417753,6.96255e-06,0.0288802,-0.289626,5.03225,1,56.88,45,56.88,0,948
0.000412017,6.86695e-06,0.0286967,-0.289356,5.03295,1,56.94,45,56.94,0,949
0.000406281,6.77135e-06,0.0285133,-0.289086,5.03365,1,57,45,57,0,950
0.000401791,6.69652e-06,0.0283568,-0.288901,5.03427,1,57.06,45,57.06,0,951
0.000397301,6.62169e-06,0.0282003,-0.288716,5.0349,1,57.12,45,57.12,0,952
0.000392811,6.54685e-06,0.0280437,-0.288531,5.03553,1,57.18,45,57.18,0,953
0.000388321,6.47202e-06,0.0278872,-0.288346,5.03615,1,57.24,45,57.24,0,954
0.000383832,6.39719e-06,0.0277307,-0.288161,5.03678,1,57.3,45,57.3,0,955
0.000379342,6.32236e-06,0.0275742,-0.287976,5.03741,1,57.36,45,57.36,0,956
0.000374852,6.24753e-06,0.0274177,-0.287791,5.03804,1,57.42,45,57.42,0,957
0.000370362,6.1727e-06,0.0272612,-0.287606,5.03866,1,57.48,45,57.48,0,958
0.000365872,6.09787e-06,0.0271047,-0.287421,5.03929,1,57.54,45,57.54,0,959
0.000361382,6.02304e-06,0.0269481,-0.287236,5.03992,1,57.6,45,57.6,0,960
0.000356892,5.9482e-06,0.0267916,-0.287051,5.04055,1,57.66,45,57.66,0,961
0.000352402,5.87337e-06,0.0266351,-0.286866,5.04117,1,57.72,45,57.72,0,962
0.000347913,5.79854e-06,0.0264786,-0.286681,5.0418,1,57.78,45,57.78,0,963
0.000343423,5.72371e-06,0.0263221,-0.286496,5.04243,1,57.84,45,57.84,0,964
0.000338933,5.64888e-06,0.0261656,-0.286311,5.04306,1,57.9,45,57.9,0,965
0.000334443,5.57405e-06,0.0260091,-0.286126,5.04368,1,57.96,45,57.96,0,966
0.00033028,5.50466e-06,0.0258562,-0.285952,5.0443,1,58.02,45,58.02,0,967
0.000326771,5.44618e-06,0.0257106,-0.285802,5.0449,1,58.08,45,58.08,0,968
0.000323262,5.3877e-06,0.025565,-0.285651,5.0455,1,58.14,45,58.14,0,969
0.000319753,5.32922e-06,0.0254194,-0.2855,5.0461,1,58.2,45,58.2,0,970
0.000316245,5.27074e-06,0.0252738,-0.285349,5.0467,1,58.26,45,58.26,0,971
0.000312736,5.21226e-06,0.0251282,-0.285199,5.04729,1,58.32,45,58.32,0,972
0.000309227,5.15378e-06,0.0249826,-0.285048,5.04789,1,58.38,45,58.38,0,973
0.000305718,5.0953e-06,0.024837,-0.284897,5.04849,1,58.44,45,58.44,0,974
0.000302209,5.03682e-06,0.0246914,-0.284746,5.04909,1,58.5,45,58.5,0,975
0.0002987,4.97833e-06,0.0245458,-0.284596,5.04969,1,58.56,45,58.56,0,976
0.000295191,4.91985e-06,0.0244002,-0.284445,5.05029,1,58.62,45,58.62,0,977
0.000291682,4.86137e-06,0.0242546,-0.284294,5.05089,1,58.68,45,58.68,0,978
0.000288173,4.80289e-06,0.024109,-0.284143,5.05149,1,58.74,45,58.74,0,979
0.000284665,4.74441e-06,0.0239634,-0.283993,5.05209,1,58.8,45,58.8,0,980
0.000281156,4.68593e-06,0.0238178,-0.283842,5.05268,1,58.86,45,58.86,0,981
0.000277647,4.62745e-06,0.0236722,-0.283691,5.05328,1,58.92,45,58.92,0,982
0.000274138,4.56897e-06,0.0235266,-0.28354,5.05388,1,58.98,45,58.98,0,983
0.000271187,4.51978e-06,0.0234193,-0.283517,5.05445,1,59.04,45,59.04,0,984
0.000268515,4.47525e-06,0.0233311,-0.283558,5.055,1,59.1,45,59.1,0,985
0.000265843,4.43071e-06,0.0232429,-0.283599,5.05554,1,59.16,45,59.16,0,986
0.000263171,4.38618e-06,0.0231547,-0.28364,5.05609,1,59.22,45,59.22,0,987
0.000260499,4.34165e-06,0.0230665,-0.283681,5.05664,1,59.28,45,59.28,0,988
0.000257827,4.29711e-06,0.0229783,-0.283721,5.05719,1,59.34,45,59.34,0,989
0.000255154,4.25257e-06,0.0228901,-0.283762,5.05774,1,59.4,45,59.4,0,990
0.000252482,4.20804e-06,0.0228019,-0.283803,5.05829,1,59.46,45,59.46,0,991
0.00024981,4.1635e-06,0.0227137,-0.283844,5.05884,1,59.52,45,59.52,0,992
0.000247138,4.11897e-06,0.0226255,-0.283884,5.05938,1,59.58,45,59.58,0,993
0.000244466,4.07444e-06,0.0225373,-0.283925,5.05993,1,59.64,45,59.64,0,994
0.000241794,4.0299e-06,0.0224491,-0.283966,5.06048,1,59.7,45,59.7,0,995
0.000239122,3.98537e-06,0.0223609,-0.284007,5.06103,1,59.76,45,59.76,0,996
0.00023645,3.94083e-06,0.0222727,-0.284048,5.06158,1,59.82,45,59.82,0,997
0.000233778,3.8963e-06,0.0221845,-0.284088,5.06213,1,59.88,45,59.88,0,998
0.000231106,3.85176e-06,0.0220963,-0.284129,5.06267,1,59.94,45,59.94,0,999
0.000228434,3.80723e-06,0.0220081,-0.28417,5.06322,1,60,45,60,0,1000
