"Result",U:0,"U:1","U:2","vtkValidPointMask","arc_length",Points:0,"Points:1","Points:2"
nan,nan,nan,nan,0,0,-0.0080956,0,0.125
nan,nan,nan,nan,0,0.00011333,-0.0079823,0,0.125
nan,nan,nan,nan,0,0.00022666,-0.007869,0,0.125
nan,nan,nan,nan,0,0.00033999,-0.0077556,0,0.125
nan,nan,nan,nan,0,0.00045332,-0.0076423,0,0.125
0.0022896,0.011448,-0.00068316,-0.00015595,1,0.00056665,-0.007529,0,0.125
nan,nan,nan,nan,0,0.00067998,-0.0074157,0,0.125
nan,nan,nan,nan,0,0.00079331,-0.0073023,0,0.125
nan,nan,nan,nan,0,0.00090664,-0.007189,0,0.125
nan,nan,nan,nan,0,0.00102,-0.0070757,0,0.125
nan,nan,nan,nan,0,0.0011333,-0.0069623,0,0.125
nan,nan,nan,nan,0,0.0012466,-0.006849,0,0.125
nan,nan,nan,nan,0,0.00136,-0.0067357,0,0.125
nan,nan,nan,nan,0,0.0014733,-0.0066223,0,0.125
nan,nan,nan,nan,0,0.0015866,-0.006509,0,0.125
nan,nan,nan,nan,0,0.0017,-0.0063957,0,0.125
nan,nan,nan,nan,0,0.0018133,-0.0062823,0,0.125
nan,nan,nan,nan,0,0.0019266,-0.006169,0,0.125
nan,nan,nan,nan,0,0.00204,-0.0060557,0,0.125
nan,nan,nan,nan,0,0.0021533,-0.0059424,0,0.125
nan,nan,nan,nan,0,0.0022666,-0.005829,0,0.125
nan,nan,nan,nan,0,0.0023799,-0.0057157,0,0.125
nan,nan,nan,nan,0,0.0024933,-0.0056024,0,0.125
nan,nan,nan,nan,0,0.0026066,-0.005489,0,0.125
nan,nan,nan,nan,0,0.0027199,-0.0053757,0,0.125
nan,nan,nan,nan,0,0.0028333,-0.0052624,0,0.125
nan,nan,nan,nan,0,0.0029466,-0.005149,0,0.125
nan,nan,nan,nan,0,0.0030599,-0.0050357,0,0.125
nan,nan,nan,nan,0,0.0031733,-0.0049224,0,0.125
nan,nan,nan,nan,0,0.0032866,-0.0048091,0,0.125
nan,nan,nan,nan,0,0.0033999,-0.0046957,0,0.125
nan,nan,nan,nan,0,0.0035132,-0.0045824,0,0.125
nan,nan,nan,nan,0,0.0036266,-0.0044691,0,0.125
nan,nan,nan,nan,0,0.0037399,-0.0043557,0,0.125
nan,nan,nan,nan,0,0.0038532,-0.0042424,0,0.125
nan,nan,nan,nan,0,0.0039666,-0.0041291,0,0.125
nan,nan,nan,nan,0,0.0040799,-0.0040157,0,0.125
nan,nan,nan,nan,0,0.0041932,-0.0039024,0,0.125
nan,nan,nan,nan,0,0.0043066,-0.0037891,0,0.125
nan,nan,nan,nan,0,0.0044199,-0.0036757,0,0.125
nan,nan,nan,nan,0,0.0045332,-0.0035624,0,0.125
nan,nan,nan,nan,0,0.0046466,-0.0034491,0,0.125
nan,nan,nan,nan,0,0.0047599,-0.0033358,0,0.125
nan,nan,nan,nan,0,0.0048732,-0.0032224,0,0.125
nan,nan,nan,nan,0,0.0049865,-0.0031091,0,0.125
nan,nan,nan,nan,0,0.0050999,-0.0029958,0,0.125
nan,nan,nan,nan,0,0.0052132,-0.0028824,0,0.125
nan,nan,nan,nan,0,0.0053265,-0.0027691,0,0.125
nan,nan,nan,nan,0,0.0054399,-0.0026558,0,0.125
nan,nan,nan,nan,0,0.0055532,-0.0025424,0,0.125
nan,nan,nan,nan,0,0.0056665,-0.0024291,0,0.125
nan,nan,nan,nan,0,0.0057799,-0.0023158,0,0.125
nan,nan,nan,nan,0,0.0058932,-0.0022024,0,0.125
nan,nan,nan,nan,0,0.0060065,-0.0020891,0,0.125
nan,nan,nan,nan,0,0.0061199,-0.0019758,0,0.125
nan,nan,nan,nan,0,0.0062332,-0.0018625,0,0.125
nan,nan,nan,nan,0,0.0063465,-0.0017491,0,0.125
nan,nan,nan,nan,0,0.0064598,-0.0016358,0,0.125
nan,nan,nan,nan,0,0.0065732,-0.0015225,0,0.125
nan,nan,nan,nan,0,0.0066865,-0.0014091,0,0.125
nan,nan,nan,nan,0,0.0067998,-0.0012958,0,0.125
nan,nan,nan,nan,0,0.0069132,-0.0011825,0,0.125
nan,nan,nan,nan,0,0.0070265,-0.0010691,0,0.125
nan,nan,nan,nan,0,0.0071398,-0.00095581,0,0.125
nan,nan,nan,nan,0,0.0072532,-0.00084248,0,0.125
nan,nan,nan,nan,0,0.0073665,-0.00072915,0,0.125
nan,nan,nan,nan,0,0.0074798,-0.00061582,0,0.125
nan,nan,nan,nan,0,0.0075932,-0.00050249,0,0.125
nan,nan,nan,nan,0,0.0077065,-0.00038916,0,0.125
nan,nan,nan,nan,0,0.0078198,-0.00027583,0,0.125
nan,nan,nan,nan,0,0.0079331,-0.0001625,0,0.125
nan,nan,nan,nan,0,0.0080465,-4.9165e-05,0,0.125
nan,nan,nan,nan,0,0.0081598,6.4166e-05,0,0.125
nan,nan,nan,nan,0,0.0082731,0.0001775,0,0.125
nan,nan,nan,nan,0,0.0083865,0.00029083,0,0.125
nan,nan,nan,nan,0,0.0084998,0.00040416,0,0.125
nan,nan,nan,nan,0,0.0086131,0.00051749,0,0.125
nan,nan,nan,nan,0,0.0087265,0.00063082,0,0.125
nan,nan,nan,nan,0,0.0088398,0.00074415,0,0.125
nan,nan,nan,nan,0,0.0089531,0.00085748,0,0.125
nan,nan,nan,nan,0,0.0090665,0.00097081,0,0.125
nan,nan,nan,nan,0,0.0091798,0.0010841,0,0.125
nan,nan,nan,nan,0,0.0092931,0.0011975,0,0.125
nan,nan,nan,nan,0,0.0094064,0.0013108,0,0.125
nan,nan,nan,nan,0,0.0095198,0.0014241,0,0.125
nan,nan,nan,nan,0,0.0096331,0.0015375,0,0.125
nan,nan,nan,nan,0,0.0097464,0.0016508,0,0.125
nan,nan,nan,nan,0,0.0098598,0.0017641,0,0.125
nan,nan,nan,nan,0,0.0099731,0.0018775,0,0.125
nan,nan,nan,nan,0,0.010086,0.0019908,0,0.125
nan,nan,nan,nan,0,0.0102,0.0021041,0,0.125
nan,nan,nan,nan,0,0.010313,0.0022174,0,0.125
nan,nan,nan,nan,0,0.010426,0.0023308,0,0.125
nan,nan,nan,nan,0,0.01054,0.0024441,0,0.125
nan,nan,nan,nan,0,0.010653,0.0025574,0,0.125
nan,nan,nan,nan,0,0.010766,0.0026708,0,0.125
nan,nan,nan,nan,0,0.01088,0.0027841,0,0.125
nan,nan,nan,nan,0,0.010993,0.0028974,0,0.125
nan,nan,nan,nan,0,0.011106,0.0030108,0,0.125
nan,nan,nan,nan,0,0.01122,0.0031241,0,0.125
nan,nan,nan,nan,0,0.011333,0.0032374,0,0.125
nan,nan,nan,nan,0,0.011446,0.0033508,0,0.125
nan,nan,nan,nan,0,0.01156,0.0034641,0,0.125
nan,nan,nan,nan,0,0.011673,0.0035774,0,0.125
nan,nan,nan,nan,0,0.011786,0.0036907,0,0.125
nan,nan,nan,nan,0,0.0119,0.0038041,0,0.125
nan,nan,nan,nan,0,0.012013,0.0039174,0,0.125
nan,nan,nan,nan,0,0.012126,0.0040307,0,0.125
nan,nan,nan,nan,0,0.01224,0.0041441,0,0.125
nan,nan,nan,nan,0,0.012353,0.0042574,0,0.125
nan,nan,nan,nan,0,0.012466,0.0043707,0,0.125
nan,nan,nan,nan,0,0.01258,0.0044841,0,0.125
nan,nan,nan,nan,0,0.012693,0.0045974,0,0.125
nan,nan,nan,nan,0,0.012806,0.0047107,0,0.125
nan,nan,nan,nan,0,0.01292,0.0048241,0,0.125
nan,nan,nan,nan,0,0.013033,0.0049374,0,0.125
nan,nan,nan,nan,0,0.013146,0.0050507,0,0.125
nan,nan,nan,nan,0,0.01326,0.005164,0,0.125
nan,nan,nan,nan,0,0.013373,0.0052774,0,0.125
nan,nan,nan,nan,0,0.013486,0.0053907,0,0.125
nan,nan,nan,nan,0,0.0136,0.005504,0,0.125
nan,nan,nan,nan,0,0.013713,0.0056174,0,0.125
nan,nan,nan,nan,0,0.013826,0.0057307,0,0.125
nan,nan,nan,nan,0,0.01394,0.005844,0,0.125
nan,nan,nan,nan,0,0.014053,0.0059574,0,0.125
nan,nan,nan,nan,0,0.014166,0.0060707,0,0.125
nan,nan,nan,nan,0,0.01428,0.006184,0,0.125
nan,nan,nan,nan,0,0.014393,0.0062974,0,0.125
nan,nan,nan,nan,0,0.014506,0.0064107,0,0.125
nan,nan,nan,nan,0,0.01462,0.006524,0,0.125
nan,nan,nan,nan,0,0.014733,0.0066373,0,0.125
nan,nan,nan,nan,0,0.014846,0.0067507,0,0.125
nan,nan,nan,nan,0,0.01496,0.006864,0,0.125
nan,nan,nan,nan,0,0.015073,0.0069773,0,0.125
nan,nan,nan,nan,0,0.015186,0.0070907,0,0.125
nan,nan,nan,nan,0,0.0153,0.007204,0,0.125
nan,nan,nan,nan,0,0.015413,0.0073173,0,0.125
nan,nan,nan,nan,0,0.015526,0.0074307,0,0.125
-4.285e-05,-0.00021425,-0.0017045,0.0053854,1,0.01564,0.007544,0,0.125
-0.00042758,-0.0021379,-0.0036534,0.010139,1,0.015753,0.0076573,0,0.125
-0.0012335,-0.0061676,-0.0038319,0.0082867,1,0.015866,0.0077706,0,0.125
-0.0022958,-0.011479,-0.0027837,0.0036715,1,0.01598,0.007884,0,0.125
-0.003476,-0.01738,-0.0013969,-0.0004132,1,0.016093,0.0079973,0,0.125
-0.0047048,-0.023524,-6.6607e-05,-0.0031948,1,0.016206,0.0081106,0,0.125
-0.0059462,-0.029731,0.00097428,-0.004179,1,0.01632,0.008224,0,0.125
-0.0071507,-0.035754,0.0017444,-0.004348,1,0.016433,0.0083373,0,0.125
-0.0083318,-0.041659,0.0023428,-0.0040002,1,0.016546,0.0084506,0,0.125
-0.0094358,-0.047179,0.0028236,-0.0033078,1,0.01666,0.008564,0,0.125
-0.010511,-0.052553,0.0032599,-0.002485,1,0.016773,0.0086773,0,0.125
-0.011516,-0.057582,0.0037902,-0.0017697,1,0.016886,0.0087906,0,0.125
-0.01244,-0.062202,0.0044316,-0.0011811,1,0.017,0.008904,0,0.125
-0.013364,-0.066822,0.005073,-0.00059259,1,0.017113,0.0090173,0,0.125
-0.014209,-0.071046,0.0059333,-0.00041464,1,0.017226,0.0091306,0,0.125
-0.015016,-0.075081,0.0068981,-0.00043171,1,0.01734,0.0092439,0,0.125
-0.015823,-0.079117,0.0078628,-0.00044878,1,0.017453,0.0093573,0,0.125
-0.01663,-0.083152,0.0088275,-0.00046585,1,0.017566,0.0094706,0,0.125
-0.017406,-0.087028,0.0099271,-0.00069541,1,0.01768,0.0095839,0,0.125
-0.018154,-0.09077,0.011141,-0.0010996,1,0.017793,0.0096973,0,0.125
-0.018902,-0.094512,0.012356,-0.0015038,1,0.017906,0.0098106,0,0.125
-0.019651,-0.098254,0.01357,-0.001908,1,0.01802,0.0099239,0,0.125
-0.020399,-0.102,0.014784,-0.0023122,1,0.018133,0.010037,0,0.125
-0.021188,-0.10594,0.015813,-0.0030477,1,0.018246,0.010151,0,0.125
-0.021993,-0.10997,0.016764,-0.0039217,1,0.01836,0.010264,0,0.125
-0.022799,-0.11399,0.017715,-0.0047957,1,0.018473,0.010377,0,0.125
-0.023604,-0.11802,0.018666,-0.0056697,1,0.018586,0.010491,0,0.125
-0.024461,-0.1223,0.019287,-0.0065334,1,0.0187,0.010604,0,0.125
-0.025354,-0.12677,0.019671,-0.0073898,1,0.018813,0.010717,0,0.125
-0.026246,-0.13123,0.020055,-0.0082462,1,0.018926,0.010831,0,0.125
-0.027139,-0.1357,0.020438,-0.0091026,1,0.01904,0.010944,0,0.125
-0.028041,-0.1402,0.020667,-0.0098119,1,0.019153,0.011057,0,0.125
-0.02895,-0.14475,0.020751,-0.010383,1,0.019266,0.011171,0,0.125
-0.02986,-0.1493,0.020835,-0.010955,1,0.01938,0.011284,0,0.125
-0.030769,-0.15385,0.020919,-0.011526,1,0.019493,0.011397,0,0.125
-0.031668,-0.15834,0.021133,-0.011959,1,0.019606,0.011511,0,0.125
-0.032554,-0.16277,0.021504,-0.012227,1,0.01972,0.011624,0,0.125
-0.03344,-0.1672,0.021875,-0.012496,1,0.019833,0.011737,0,0.125
-0.034326,-0.17163,0.022245,-0.012764,1,0.019946,0.011851,0,0.125
-0.035207,-0.17603,0.02263,-0.012943,1,0.02006,0.011964,0,0.125
-0.036081,-0.18041,0.023037,-0.012985,1,0.020173,0.012077,0,0.125
-0.036955,-0.18478,0.023444,-0.013027,1,0.020286,0.012191,0,0.125
-0.03783,-0.18915,0.023851,-0.013069,1,0.0204,0.012304,0,0.125
-0.038691,-0.19345,0.024111,-0.013073,1,0.020513,0.012417,0,0.125
-0.039527,-0.19763,0.024081,-0.013002,1,0.020626,0.012531,0,0.125
-0.040362,-0.20181,0.024052,-0.012931,1,0.02074,0.012644,0,0.125
-0.041198,-0.20599,0.024022,-0.01286,1,0.020853,0.012757,0,0.125
-0.042035,-0.21017,0.024013,-0.01275,1,0.020966,0.012871,0,0.125
-0.042872,-0.21436,0.024058,-0.012535,1,0.021079,0.012984,0,0.125
-0.04371,-0.21855,0.024103,-0.01232,1,0.021193,0.013097,0,0.125
-0.044548,-0.22274,0.024148,-0.012105,1,0.021306,0.013211,0,0.125
-0.045401,-0.227,0.024356,-0.011828,1,0.021419,0.013324,0,0.125
-0.046305,-0.23152,0.025148,-0.01133,1,0.021533,0.013437,0,0.125
-0.047209,-0.23604,0.025941,-0.010833,1,0.021646,0.013551,0,0.125
-0.048113,-0.24056,0.026734,-0.010335,1,0.021759,0.013664,0,0.125
-0.049032,-0.24516,0.027679,-0.0097487,1,0.021873,0.013777,0,0.125
-0.05003,-0.25015,0.029428,-0.0086937,1,0.021986,0.013891,0,0.125
-0.051029,-0.25514,0.031176,-0.0076388,1,0.022099,0.014004,0,0.125
-0.052028,-0.26014,0.032924,-0.0065838,1,0.022213,0.014117,0,0.125
-0.053034,-0.26517,0.034721,-0.00549,1,0.022326,0.01423,0,0.125
-0.054105,-0.27052,0.036911,-0.004081,1,0.022439,0.014344,0,0.125
-0.055175,-0.27588,0.039102,-0.0026719,1,0.022553,0.014457,0,0.125
-0.056246,-0.28123,0.041292,-0.0012629,1,0.022666,0.01457,0,0.125
-0.057323,-0.28661,0.043467,0.00013009,1,0.022779,0.014684,0,0.125
-0.058496,-0.29248,0.045379,0.0012636,1,0.022893,0.014797,0,0.125
-0.059669,-0.29835,0.047291,0.0023972,1,0.023006,0.01491,0,0.125
-0.060842,-0.30421,0.049203,0.0035307,1,0.023119,0.015024,0,0.125
-0.062018,-0.31009,0.051109,0.0046573,1,0.023233,0.015137,0,0.125
-0.063352,-0.31676,0.052587,0.0053356,1,0.023346,0.01525,0,0.125
-0.064687,-0.32343,0.054066,0.006014,1,0.023459,0.015364,0,0.125
-0.066022,-0.33011,0.055544,0.0066923,1,0.023573,0.015477,0,0.125
-0.067356,-0.33678,0.057022,0.0073707,1,0.023686,0.01559,0,0.125
-0.068822,-0.34411,0.058035,0.0075059,1,0.023799,0.015704,0,0.125
-0.070291,-0.35146,0.059035,0.0076264,1,0.023913,0.015817,0,0.125
-0.07176,-0.3588,0.060035,0.0077469,1,0.024026,0.01593,0,0.125
-0.073229,-0.36615,0.061035,0.0078674,1,0.024139,0.016044,0,0.125
-0.074757,-0.37379,0.061612,0.0071099,1,0.024253,0.016157,0,0.125
-0.076289,-0.38145,0.062161,0.0062958,1,0.024366,0.01627,0,0.125
-0.077821,-0.3891,0.06271,0.0054818,1,0.024479,0.016384,0,0.125
-0.079353,-0.39676,0.06326,0.0046677,1,0.024593,0.016497,0,0.125
-0.080916,-0.40458,0.063564,0.0032123,1,0.024706,0.01661,0,0.125
-0.082482,-0.41241,0.063844,0.0016934,1,0.024819,0.016724,0,0.125
-0.084049,-0.42024,0.064124,0.0001745,1,0.024933,0.016837,0,0.125
-0.085615,-0.42808,0.064403,-0.0013444,1,0.025046,0.01695,0,0.125
-0.087281,-0.43641,0.064419,-0.0026893,1,0.025159,0.017064,0,0.125
-0.08896,-0.4448,0.0644,-0.0040117,1,0.025273,0.017177,0,0.125
-0.090639,-0.4532,0.064381,-0.0053341,1,0.025386,0.01729,0,0.125
-0.092318,-0.46159,0.064363,-0.0066566,1,0.025499,0.017404,0,0.125
-0.094165,-0.47082,0.064059,-0.0077078,1,0.025613,0.017517,0,0.125
-0.096037,-0.48019,0.063712,-0.0087163,1,0.025726,0.01763,0,0.125
-0.09791,-0.48955,0.063364,-0.0097248,1,0.025839,0.017744,0,0.125
-0.099783,-0.49891,0.063016,-0.010733,1,0.025953,0.017857,0,0.125
-0.10188,-0.50938,0.062229,-0.011795,1,0.026066,0.01797,0,0.125
-0.10401,-0.52006,0.061362,-0.012866,1,0.026179,0.018084,0,0.125
-0.10615,-0.53073,0.060495,-0.013938,1,0.026293,0.018197,0,0.125
-0.10828,-0.5414,0.059629,-0.015009,1,0.026406,0.01831,0,0.125
-0.11062,-0.5531,0.058514,-0.016156,1,0.026519,0.018424,0,0.125
-0.113,-0.565,0.05735,-0.017318,1,0.026633,0.018537,0,0.125
-0.11538,-0.57691,0.056186,-0.018479,1,0.026746,0.01865,0,0.125
-0.11776,-0.58881,0.055023,-0.019641,1,0.026859,0.018764,0,0.125
-0.1203,-0.60152,0.053567,-0.020281,1,0.026973,0.018877,0,0.125
-0.12288,-0.6144,0.05205,-0.020814,1,0.027086,0.01899,0,0.125
-0.12545,-0.62727,0.050534,-0.021347,1,0.027199,0.019104,0,0.125
-0.12803,-0.64015,0.049017,-0.02188,1,0.027313,0.019217,0,0.125
-0.13076,-0.65382,0.047021,-0.021778,1,0.027426,0.01933,0,0.125
-0.13353,-0.66766,0.044922,-0.021538,1,0.027539,0.019444,0,0.125
-0.1363,-0.6815,0.042823,-0.021299,1,0.027653,0.019557,0,0.125
-0.13907,-0.69534,0.040723,-0.02106,1,0.027766,0.01967,0,0.125
-0.14199,-0.70997,0.038605,-0.020629,1,0.027879,0.019784,0,0.125
-0.14495,-0.72476,0.036482,-0.020156,1,0.027993,0.019897,0,0.125
-0.14791,-0.73956,0.03436,-0.019683,1,0.028106,0.02001,0,0.125
-0.15087,-0.75435,0.032237,-0.01921,1,0.028219,0.020124,0,0.125
-0.154,-0.76999,0.030679,-0.018799,1,0.028333,0.020237,0,0.125
-0.15716,-0.78582,0.029244,-0.018402,1,0.028446,0.02035,0,0.125
-0.16033,-0.80164,0.027808,-0.018004,1,0.028559,0.020464,0,0.125
-0.16349,-0.81746,0.026372,-0.017607,1,0.028673,0.020577,0,0.125
-0.16687,-0.83436,0.02552,-0.017334,1,0.028786,0.02069,0,0.125
-0.1703,-0.8515,0.024792,-0.017087,1,0.028899,0.020804,0,0.125
-0.17373,-0.86863,0.024064,-0.016841,1,0.029013,0.020917,0,0.125
-0.17715,-0.88577,0.023336,-0.016594,1,0.029126,0.02103,0,0.125
-0.1808,-0.90402,0.023019,-0.016837,1,0.029239,0.021144,0,0.125
-0.1845,-0.9225,0.022785,-0.017181,1,0.029353,0.021257,0,0.125
-0.1882,-0.94098,0.022552,-0.017525,1,0.029466,0.02137,0,0.125
-0.19189,-0.95946,0.022319,-0.017869,1,0.029579,0.021484,0,0.125
-0.19573,-0.97863,0.02273,-0.018542,1,0.029693,0.021597,0,0.125
-0.19959,-0.99793,0.023267,-0.019279,1,0.029806,0.02171,0,0.125
-0.20345,-1.0172,0.023804,-0.020016,1,0.029919,0.021824,0,0.125
-0.20731,-1.0365,0.024341,-0.020753,1,0.030033,0.021937,0,0.125
-0.21111,-1.0556,0.025195,-0.021093,1,0.030146,0.02205,0,0.125
-0.21491,-1.0746,0.026107,-0.02136,1,0.030259,0.022164,0,0.125
-0.21871,-1.0936,0.02702,-0.021627,1,0.030373,0.022277,0,0.125
-0.22251,-1.1126,0.027932,-0.021894,1,0.030486,0.02239,0,0.125
-0.22607,-1.1303,0.028807,-0.021843,1,0.030599,0.022504,0,0.125
-0.22958,-1.1479,0.029676,-0.021738,1,0.030713,0.022617,0,0.125
-0.2331,-1.1655,0.030545,-0.021633,1,0.030826,0.02273,0,0.125
-0.23662,-1.1831,0.031414,-0.021528,1,0.030939,0.022844,0,0.125
-0.23987,-1.1994,0.032577,-0.021756,1,0.031053,0.022957,0,0.125
-0.24308,-1.2154,0.033786,-0.022035,1,0.031166,0.02307,0,0.125
-0.24629,-1.2315,0.034995,-0.022314,1,0.031279,0.023184,0,0.125
-0.2495,-1.2475,0.036204,-0.022594,1,0.031393,0.023297,0,0.125
-0.25248,-1.2624,0.037459,-0.022897,1,0.031506,0.02341,0,0.125
-0.25542,-1.2771,0.038722,-0.023205,1,0.031619,0.023524,0,0.125
-0.25836,-1.2918,0.039984,-0.023512,1,0.031733,0.023637,0,0.125
-0.2613,-1.3065,0.041246,-0.023819,1,0.031846,0.02375,0,0.125
-0.26405,-1.3202,0.041796,-0.023407,1,0.031959,0.023864,0,0.125
-0.26677,-1.3339,0.042256,-0.022904,1,0.032073,0.023977,0,0.125
-0.2695,-1.3475,0.042717,-0.022401,1,0.032186,0.02409,0,0.125
-0.27223,-1.3611,0.043177,-0.021899,1,0.032299,0.024204,0,0.125
-0.27473,-1.3737,0.043192,-0.020325,1,0.032413,0.024317,0,0.125
-0.27721,-1.3861,0.043158,-0.018632,1,0.032526,0.02443,0,0.125
-0.27969,-1.3985,0.043123,-0.016938,1,0.032639,0.024544,0,0.125
-0.28217,-1.4108,0.043089,-0.015245,1,0.032753,0.024657,0,0.125
-0.28432,-1.4216,0.043534,-0.012334,1,0.032866,0.02477,0,0.125
-0.28645,-1.4322,0.044026,-0.0093045,1,0.032979,0.024884,0,0.125
-0.28857,-1.4429,0.044518,-0.0062746,1,0.033093,0.024997,0,0.125
-0.29069,-1.4535,0.04501,-0.0032448,1,0.033206,0.02511,0,0.125
-0.29243,-1.4621,0.046352,0.00082409,1,0.033319,0.025224,0,0.125
-0.29413,-1.4707,0.047762,0.0049767,1,0.033433,0.025337,0,0.125
-0.29583,-1.4792,0.049173,0.0091294,1,0.033546,0.02545,0,0.125
-0.29754,-1.4877,0.050583,0.013282,1,0.033659,0.025564,0,0.125
-0.29884,-1.4942,0.052659,0.017752,1,0.033773,0.025677,0,0.125
-0.30012,-1.5006,0.054781,0.022243,1,0.033886,0.02579,0,0.125
-0.3014,-1.507,0.056903,0.026734,1,0.033999,0.025904,0,0.125
-0.30268,-1.5134,0.059024,0.031226,1,0.034113,0.026017,0,0.125
-0.30361,-1.518,0.060885,0.035591,1,0.034226,0.02613,0,0.125
-0.30452,-1.5226,0.062732,0.03995,1,0.034339,0.026244,0,0.125
-0.30544,-1.5272,0.064579,0.044309,1,0.034453,0.026357,0,0.125
-0.30635,-1.5318,0.066426,0.048669,1,0.034566,0.02647,0,0.125
-0.30689,-1.5344,0.067295,0.052683,1,0.034679,0.026584,0,0.125
-0.30741,-1.537,0.068124,0.056684,1,0.034793,0.026697,0,0.125
-0.30792,-1.5396,0.068953,0.060685,1,0.034906,0.02681,0,0.125
-0.30844,-1.5422,0.069782,0.064685,1,0.035019,0.026924,0,0.125
-0.30848,-1.5424,0.06975,0.068302,1,0.035132,0.027037,0,0.125
-0.30851,-1.5426,0.069695,0.071909,1,0.035246,0.02715,0,0.125
-0.30855,-1.5427,0.069641,0.075516,1,0.035359,0.027264,0,0.125
-0.30858,-1.5429,0.069587,0.079123,1,0.035472,0.027377,0,0.125
-0.30806,-1.5403,0.069175,0.082191,1,0.035586,0.02749,0,0.125
-0.30753,-1.5377,0.068758,0.085251,1,0.035699,0.027604,0,0.125
-0.30701,-1.535,0.068341,0.088312,1,0.035812,0.027717,0,0.125
-0.30648,-1.5324,0.067923,0.091372,1,0.035926,0.02783,0,0.125
-0.30534,-1.5267,0.067666,0.093478,1,0.036039,0.027944,0,0.125
-0.3042,-1.521,0.067409,0.095584,1,0.036152,0.028057,0,0.125
-0.30305,-1.5153,0.067151,0.09769,1,0.036266,0.02817,0,0.125
-0.3019,-1.5095,0.066894,0.099787,1,0.036379,0.028283,0,0.125
-0.30015,-1.5007,0.066647,0.10098,1,0.036492,0.028397,0,0.125
-0.29839,-1.4919,0.0664,0.10218,1,0.036606,0.02851,0,0.125
-0.29663,-1.4831,0.066153,0.10337,1,0.036719,0.028623,0,0.125
-0.29486,-1.4743,0.065897,0.10455,1,0.036832,0.028737,0,0.125
-0.29254,-1.4627,0.065293,0.10513,1,0.036946,0.02885,0,0.125
-0.29022,-1.4511,0.06469,0.1057,1,0.037059,0.028963,0,0.125
-0.2879,-1.4395,0.064087,0.10627,1,0.037172,0.029077,0,0.125
-0.28557,-1.4278,0.063474,0.10684,1,0.037286,0.02919,0,0.125
-0.28274,-1.4137,0.062606,0.10706,1,0.037399,0.029303,0,0.125
-0.27991,-1.3995,0.061738,0.10728,1,0.037512,0.029417,0,0.125
-0.27707,-1.3854,0.06087,0.1075,1,0.037626,0.02953,0,0.125
-0.27422,-1.3711,0.060015,0.10771,1,0.037739,0.029643,0,0.125
-0.27093,-1.3546,0.059431,0.10778,1,0.037852,0.029757,0,0.125
-0.26764,-1.3382,0.058847,0.10786,1,0.037966,0.02987,0,0.125
-0.26434,-1.3217,0.058264,0.10793,1,0.038079,0.029983,0,0.125
-0.26102,-1.3051,0.057702,0.10798,1,0.038192,0.030097,0,0.125
-0.25729,-1.2865,0.057499,0.10769,1,0.038306,0.03021,0,0.125
-0.25356,-1.2678,0.057296,0.1074,1,0.038419,0.030323,0,0.125
-0.24982,-1.2491,0.057092,0.10711,1,0.038532,0.030437,0,0.125
-0.24606,-1.2303,0.056908,0.10679,1,0.038646,0.03055,0,0.125
-0.24192,-1.2096,0.056975,0.10601,1,0.038759,0.030663,0,0.125
-0.23779,-1.1889,0.057041,0.10523,1,0.038872,0.030777,0,0.125
-0.23365,-1.1683,0.057107,0.10445,1,0.038986,0.03089,0,0.125
-0.22949,-1.1474,0.057183,0.10364,1,0.039099,0.031003,0,0.125
-0.22499,-1.1249,0.057377,0.10248,1,0.039212,0.031117,0,0.125
-0.22049,-1.1024,0.057572,0.10133,1,0.039326,0.03123,0,0.125
-0.21599,-1.08,0.057766,0.10017,1,0.039439,0.031343,0,0.125
-0.21146,-1.0573,0.05797,0.099011,1,0.039552,0.031457,0,0.125
-0.20666,-1.0333,0.058266,0.097772,1,0.039666,0.03157,0,0.125
-0.20186,-1.0093,0.058562,0.096532,1,0.039779,0.031683,0,0.125
-0.19706,-0.98528,0.058858,0.095293,1,0.039892,0.031797,0,0.125
-0.19223,-0.96113,0.059172,0.094067,1,0.040006,0.03191,0,0.125
-0.18715,-0.93577,0.05965,0.092963,1,0.040119,0.032023,0,0.125
-0.18208,-0.91042,0.060127,0.091859,1,0.040232,0.032137,0,0.125
-0.17701,-0.88506,0.060605,0.090756,1,0.040346,0.03225,0,0.125
-0.17191,-0.85957,0.061113,0.089687,1,0.040459,0.032363,0,0.125
-0.16659,-0.83297,0.061863,0.088896,1,0.040572,0.032477,0,0.125
-0.16127,-0.80636,0.062613,0.088105,1,0.040686,0.03259,0,0.125
-0.15595,-0.77976,0.063363,0.087314,1,0.040799,0.032703,0,0.125
-0.1506,-0.75301,0.064142,0.086552,1,0.040912,0.032817,0,0.125
-0.14505,-0.72525,0.065127,0.086006,1,0.041026,0.03293,0,0.125
-0.1395,-0.69748,0.066111,0.08546,1,0.041139,0.033043,0,0.125
-0.13394,-0.66971,0.067096,0.084913,1,0.041252,0.033157,0,0.125
-0.12836,-0.6418,0.068077,0.08439,1,0.041366,0.03327,0,0.125
-0.1226,-0.61301,0.069037,0.084022,1,0.041479,0.033383,0,0.125
-0.11684,-0.58422,0.069996,0.083654,1,0.041592,0.033497,0,0.125
-0.11109,-0.55543,0.070956,0.083286,1,0.041706,0.03361,0,0.125
-0.1053,-0.5265,0.071879,0.082958,1,0.041819,0.033723,0,0.125
-0.09935,-0.49675,0.072582,0.082881,1,0.041932,0.033837,0,0.125
-0.093399,-0.467,0.073284,0.082804,1,0.042046,0.03395,0,0.125
-0.087448,-0.43724,0.073987,0.082726,1,0.042159,0.034063,0,0.125
-0.08148,-0.4074,0.074642,0.082722,1,0.042272,0.034177,0,0.125
-0.075411,-0.37706,0.075032,0.083122,1,0.042386,0.03429,0,0.125
-0.069343,-0.34671,0.075422,0.083523,1,0.042499,0.034403,0,0.125
-0.063274,-0.31637,0.075812,0.083923,1,0.042612,0.034517,0,0.125
-0.057201,-0.286,0.076173,0.084366,1,0.042726,0.03463,0,0.125
-0.051098,-0.25549,0.076386,0.085036,1,0.042839,0.034743,0,0.125
-0.044996,-0.22498,0.076598,0.085706,1,0.042952,0.034857,0,0.125
-0.038893,-0.19447,0.07681,0.086376,1,0.043066,0.03497,0,0.125
-0.032802,-0.16401,0.077005,0.087044,1,0.043179,0.035083,0,0.125
-0.026766,-0.13383,0.077119,0.087702,1,0.043292,0.035197,0,0.125
-0.02073,-0.10365,0.077232,0.088359,1,0.043406,0.03531,0,0.125
-0.014694,-0.073472,0.077346,0.089017,1,0.043519,0.035423,0,0.125
-0.0086748,-0.043374,0.077439,0.089662,1,0.043632,0.035537,0,0.125
-0.0027306,-0.013653,0.077441,0.090248,1,0.043746,0.03565,0,0.125
0.0032134,0.016067,0.077442,0.090834,1,0.043859,0.035763,0,0.125
0.0091576,0.045788,0.077443,0.091419,1,0.043972,0.035877,0,0.125
0.015081,0.075406,0.077425,0.092013,1,0.044086,0.03599,0,0.125
0.020916,0.10458,0.077322,0.092641,1,0.044199,0.036103,0,0.125
0.026751,0.13375,0.077218,0.093269,1,0.044312,0.036217,0,0.125
0.032586,0.16293,0.077115,0.093897,1,0.044426,0.03633,0,0.125
0.0384,0.192,0.077006,0.094545,1,0.044539,0.036443,0,0.125
0.044128,0.22064,0.076874,0.095275,1,0.044652,0.036557,0,0.125
0.049857,0.24928,0.076742,0.096004,1,0.044766,0.03667,0,0.125
0.055586,0.27793,0.07661,0.096734,1,0.044879,0.036783,0,0.125
0.061289,0.30645,0.076499,0.097467,1,0.044992,0.036897,0,0.125
0.066896,0.33448,0.076465,0.098215,1,0.045106,0.03701,0,0.125
0.072503,0.36252,0.076431,0.098962,1,0.045219,0.037123,0,0.125
0.07811,0.39055,0.076398,0.099709,1,0.045332,0.037237,0,0.125
0.083697,0.41849,0.076421,0.10042,1,0.045446,0.03735,0,0.125
0.089209,0.44605,0.076654,0.10099,1,0.045559,0.037463,0,0.125
0.094721,0.4736,0.076888,0.10156,1,0.045672,0.037577,0,0.125
0.10023,0.50116,0.077122,0.10213,1,0.045786,0.03769,0,0.125
0.10572,0.52861,0.077417,0.10264,1,0.045899,0.037803,0,0.125
0.11113,0.55566,0.077925,0.10292,1,0.046012,0.037917,0,0.125
0.11654,0.58272,0.078434,0.1032,1,0.046126,0.03803,0,0.125
0.12195,0.60977,0.078942,0.10347,1,0.046239,0.038143,0,0.125
0.12734,0.63672,0.079499,0.10369,1,0.046352,0.038257,0,0.125
0.13266,0.66331,0.080219,0.10372,1,0.046466,0.03837,0,0.125
0.13798,0.6899,0.08094,0.10374,1,0.046579,0.038483,0,0.125
0.1433,0.71648,0.08166,0.10377,1,0.046692,0.038597,0,0.125
0.14859,0.74295,0.082398,0.10375,1,0.046806,0.03871,0,0.125
0.15381,0.76904,0.083193,0.10362,1,0.046919,0.038823,0,0.125
0.15903,0.79513,0.083987,0.10349,1,0.047032,0.038937,0,0.125
0.16424,0.82121,0.084782,0.10336,1,0.047146,0.03905,0,0.125
0.16944,0.8472,0.085554,0.10321,1,0.047259,0.039163,0,0.125
0.17457,0.87284,0.086253,0.10302,1,0.047372,0.039277,0,0.125
0.1797,0.89849,0.086953,0.10282,1,0.047486,0.03939,0,0.125
0.18483,0.92414,0.087652,0.10263,1,0.047599,0.039503,0,0.125
0.18993,0.94965,0.0883,0.10244,1,0.047712,0.039617,0,0.125
0.19496,0.97478,0.088791,0.1023,1,0.047826,0.03973,0,0.125
0.19998,0.99991,0.089282,0.10216,1,0.047939,0.039843,0,0.125
0.20501,1.025,0.089774,0.10203,1,0.048052,0.039957,0,0.125
0.21,1.05,0.090198,0.10189,1,0.048166,0.04007,0,0.125
0.21492,1.0746,0.090427,0.10178,1,0.048279,0.040183,0,0.125
0.21983,1.0992,0.090656,0.10167,1,0.048392,0.040297,0,0.125
0.22475,1.1237,0.090885,0.10156,1,0.048506,0.04041,0,0.125
0.22963,1.1481,0.091059,0.10143,1,0.048619,0.040523,0,0.125
0.23442,1.1721,0.09108,0.10128,1,0.048732,0.040637,0,0.125
0.2392,1.196,0.091101,0.10113,1,0.048846,0.04075,0,0.125
0.24399,1.22,0.091122,0.10097,1,0.048959,0.040863,0,0.125
0.24875,1.2438,0.091119,0.1008,1,0.049072,0.040977,0,0.125
0.25342,1.2671,0.091051,0.10057,1,0.049185,0.04109,0,0.125
0.25809,1.2904,0.090982,0.10035,1,0.049299,0.041203,0,0.125
0.26276,1.3138,0.090914,0.10013,1,0.049412,0.041317,0,0.125
0.26738,1.3369,0.090831,0.099852,1,0.049525,0.04143,0,0.125
0.2719,1.3595,0.090711,0.099443,1,0.049639,0.041543,0,0.125
0.27642,1.3821,0.090591,0.099035,1,0.049752,0.041657,0,0.125
0.28094,1.4047,0.090471,0.098627,1,0.049865,0.04177,0,0.125
0.28541,1.4271,0.090318,0.09815,1,0.049979,0.041883,0,0.125
0.28978,1.4489,0.09008,0.097495,1,0.050092,0.041997,0,0.125
0.29415,1.4708,0.089842,0.096839,1,0.050205,0.04211,0,0.125
0.29852,1.4926,0.089604,0.096184,1,0.050319,0.042223,0,0.125
0.30285,1.5142,0.089327,0.095468,1,0.050432,0.042336,0,0.125
0.30706,1.5353,0.088955,0.0946,1,0.050545,0.04245,0,0.125
0.31128,1.5564,0.088584,0.093732,1,0.050659,0.042563,0,0.125
0.31549,1.5775,0.088212,0.092865,1,0.050772,0.042676,0,0.125
0.31967,1.5984,0.087853,0.091961,1,0.050885,0.04279,0,0.125
0.32376,1.6188,0.087527,0.090972,1,0.050999,0.042903,0,0.125
0.32784,1.6392,0.0872,0.089983,1,0.051112,0.043016,0,0.125
0.33193,1.6596,0.086873,0.088993,1,0.051225,0.04313,0,0.125
0.33597,1.6799,0.086574,0.087989,1,0.051339,0.043243,0,0.125
0.33992,1.6996,0.08634,0.086947,1,0.051452,0.043356,0,0.125
0.34388,1.7194,0.086106,0.085906,1,0.051565,0.04347,0,0.125
0.34783,1.7391,0.085871,0.084865,1,0.051679,0.043583,0,0.125
0.35175,1.7587,0.085643,0.083818,1,0.051792,0.043696,0,0.125
0.35558,1.7779,0.085428,0.082758,1,0.051905,0.04381,0,0.125
0.35941,1.7971,0.085213,0.081698,1,0.052019,0.043923,0,0.125
0.36325,1.8162,0.084998,0.080638,1,0.052132,0.044036,0,0.125
0.36704,1.8352,0.084796,0.079583,1,0.052245,0.04415,0,0.125
0.37074,1.8537,0.084623,0.078538,1,0.052359,0.044263,0,0.125
0.37444,1.8722,0.08445,0.077494,1,0.052472,0.044376,0,0.125
0.37814,1.8907,0.084278,0.07645,1,0.052585,0.04449,0,0.125
0.38179,1.909,0.084126,0.075423,1,0.052699,0.044603,0,0.125
0.38536,1.9268,0.08402,0.074432,1,0.052812,0.044716,0,0.125
0.38893,1.9447,0.083914,0.07344,1,0.052925,0.04483,0,0.125
0.39251,1.9625,0.083808,0.072449,1,0.053039,0.044943,0,0.125
0.39603,1.9802,0.083695,0.07146,1,0.053152,0.045056,0,0.125
0.39946,1.9973,0.083569,0.070474,1,0.053265,0.04517,0,0.125
0.40289,2.0144,0.083442,0.069489,1,0.053379,0.045283,0,0.125
0.40632,2.0316,0.083316,0.068503,1,0.053492,0.045396,0,0.125
0.4097,2.0485,0.083152,0.067528,1,0.053605,0.04551,0,0.125
0.41299,2.0649,0.082908,0.066575,1,0.053719,0.045623,0,0.125
0.41628,2.0814,0.082665,0.065622,1,0.053832,0.045736,0,0.125
0.41957,2.0978,0.082421,0.064668,1,0.053945,0.04585,0,0.125
0.4228,2.114,0.082117,0.063738,1,0.054059,0.045963,0,0.125
0.42594,2.1297,0.081689,0.062856,1,0.054172,0.046076,0,0.125
0.42907,2.1454,0.081262,0.061974,1,0.054285,0.04619,0,0.125
0.4322,2.161,0.080834,0.061091,1,0.054399,0.046303,0,0.125
0.43529,2.1765,0.080348,0.060212,1,0.054512,0.046416,0,0.125
0.43829,2.1914,0.079742,0.05934,1,0.054625,0.04653,0,0.125
0.44128,2.2064,0.079137,0.058468,1,0.054739,0.046643,0,0.125
0.44428,2.2214,0.078532,0.057596,1,0.054852,0.046756,0,0.125
0.44722,2.2361,0.077868,0.056723,1,0.054965,0.04687,0,0.125
0.45008,2.2504,0.077088,0.055848,1,0.055079,0.046983,0,0.125
0.45293,2.2646,0.076309,0.054973,1,0.055192,0.047096,0,0.125
0.45578,2.2789,0.075529,0.054097,1,0.055305,0.04721,0,0.125
0.45859,2.293,0.074698,0.053215,1,0.055419,0.047323,0,0.125
0.46132,2.3066,0.073763,0.052317,1,0.055532,0.047436,0,0.125
0.46404,2.3202,0.072828,0.051419,1,0.055645,0.04755,0,0.125
0.46677,2.3338,0.071894,0.050521,1,0.055759,0.047663,0,0.125
0.46945,2.3473,0.070932,0.049649,1,0.055872,0.047776,0,0.125
0.47205,2.3603,0.069919,0.048827,1,0.055985,0.04789,0,0.125
0.47465,2.3733,0.068906,0.048005,1,0.056099,0.048003,0,0.125
0.47725,2.3863,0.067893,0.047183,1,0.056212,0.048116,0,0.125
0.47982,2.3991,0.066897,0.046402,1,0.056325,0.04823,0,0.125
0.4823,2.4115,0.065935,0.045699,1,0.056439,0.048343,0,0.125
0.48479,2.424,0.064973,0.044996,1,0.056552,0.048456,0,0.125
0.48728,2.4364,0.06401,0.044293,1,0.056665,0.04857,0,0.125
0.48973,2.4487,0.063065,0.043603,1,0.056779,0.048683,0,0.125
0.49212,2.4606,0.062153,0.042935,1,0.056892,0.048796,0,0.125
0.49451,2.4725,0.06124,0.042266,1,0.057005,0.04891,0,0.125
0.4969,2.4845,0.060328,0.041598,1,0.057119,0.049023,0,0.125
0.49925,2.4963,0.059415,0.040966,1,0.057232,0.049136,0,0.125
0.50155,2.5078,0.058501,0.040401,1,0.057345,0.04925,0,0.125
0.50385,2.5192,0.057587,0.039835,1,0.057459,0.049363,0,0.125
0.50615,2.5307,0.056673,0.03927,1,0.057572,0.049476,0,0.125
0.50841,2.542,0.0558,0.038749,1,0.057685,0.04959,0,0.125
0.51061,2.553,0.055,0.038308,1,0.057799,0.049703,0,0.125
0.5128,2.564,0.054201,0.037868,1,0.057912,0.049816,0,0.125
0.515,2.575,0.053401,0.037427,1,0.058025,0.04993,0,0.125
0.51717,2.5859,0.052638,0.03701,1,0.058139,0.050043,0,0.125
0.5193,2.5965,0.051939,0.036634,1,0.058252,0.050156,0,0.125
0.52142,2.6071,0.051241,0.036257,1,0.058365,0.05027,0,0.125
0.52355,2.6177,0.050543,0.035881,1,0.058479,0.050383,0,0.125
0.52564,2.6282,0.049853,0.035532,1,0.058592,0.050496,0,0.125
0.5277,2.6385,0.049177,0.035231,1,0.058705,0.05061,0,0.125
0.52975,2.6488,0.048502,0.034929,1,0.058819,0.050723,0,0.125
0.5318,2.659,0.047826,0.034628,1,0.058932,0.050836,0,0.125
0.53383,2.6691,0.047184,0.034329,1,0.059045,0.05095,0,0.125
0.53579,2.6789,0.046599,0.034033,1,0.059159,0.051063,0,0.125
0.53775,2.6888,0.046014,0.033738,1,0.059272,0.051176,0,0.125
0.53972,2.6986,0.045429,0.033443,1,0.059385,0.05129,0,0.125
0.54164,2.7082,0.044901,0.033097,1,0.059499,0.051403,0,0.125
0.5435,2.7175,0.044472,0.032666,1,0.059612,0.051516,0,0.125
0.54536,2.7268,0.044042,0.032235,1,0.059725,0.05163,0,0.125
0.54722,2.7361,0.043612,0.031803,1,0.059839,0.051743,0,0.125
0.54905,2.7453,0.043223,0.031343,1,0.059952,0.051856,0,0.125
0.55083,2.7541,0.042903,0.030833,1,0.060065,0.05197,0,0.125
0.55261,2.763,0.042583,0.030324,1,0.060179,0.052083,0,0.125
0.55439,2.7719,0.042263,0.029814,1,0.060292,0.052196,0,0.125
0.55614,2.7807,0.041947,0.029297,1,0.060405,0.05231,0,0.125
0.55784,2.7892,0.041639,0.028767,1,0.060519,0.052423,0,0.125
0.55954,2.7977,0.04133,0.028237,1,0.060632,0.052536,0,0.125
0.56125,2.8062,0.041021,0.027707,1,0.060745,0.05265,0,0.125
0.56293,2.8146,0.040718,0.027177,1,0.060859,0.052763,0,0.125
0.56456,2.8228,0.040422,0.026649,1,0.060972,0.052876,0,0.125
0.5662,2.831,0.040127,0.02612,1,0.061085,0.05299,0,0.125
0.56783,2.8392,0.039832,0.025592,1,0.061199,0.053103,0,0.125
0.56944,2.8472,0.039572,0.025087,1,0.061312,0.053216,0,0.125
0.57101,2.8551,0.03937,0.024622,1,0.061425,0.05333,0,0.125
0.57259,2.8629,0.039167,0.024156,1,0.061539,0.053443,0,0.125
0.57416,2.8708,0.038965,0.023691,1,0.061652,0.053556,0,0.125
0.57571,2.8785,0.038798,0.023246,1,0.061765,0.05367,0,0.125
0.57722,2.8861,0.038688,0.022834,1,0.061879,0.053783,0,0.125
0.57874,2.8937,0.038578,0.022423,1,0.061992,0.053896,0,0.125
0.58025,2.9013,0.038468,0.022011,1,0.062105,0.05401,0,0.125
0.58175,2.9087,0.038363,0.021584,1,0.062219,0.054123,0,0.125
0.58321,2.9161,0.038268,0.02113,1,0.062332,0.054236,0,0.125
0.58468,2.9234,0.038173,0.020676,1,0.062445,0.05435,0,0.125
0.58614,2.9307,0.038078,0.020222,1,0.062559,0.054463,0,0.125
0.58758,2.9379,0.037963,0.019764,1,0.062672,0.054576,0,0.125
0.58899,2.945,0.037815,0.019301,1,0.062785,0.05469,0,0.125
0.5904,2.952,0.037668,0.018838,1,0.062899,0.054803,0,0.125
0.5918,2.959,0.03752,0.018375,1,0.063012,0.054916,0,0.125
0.59319,2.9659,0.03735,0.017945,1,0.063125,0.05503,0,0.125
0.59455,2.9727,0.037143,0.01757,1,0.063238,0.055143,0,0.125
0.59591,2.9795,0.036936,0.017194,1,0.063352,0.055256,0,0.125
0.59726,2.9863,0.036729,0.016819,1,0.063465,0.05537,0,0.125
0.59861,2.993,0.036543,0.01648,1,0.063578,0.055483,0,0.125
0.59992,2.9996,0.036391,0.016201,1,0.063692,0.055596,0,0.125
0.60124,3.0062,0.036239,0.015922,1,0.063805,0.05571,0,0.125
0.60255,3.0128,0.036087,0.015643,1,0.063918,0.055823,0,0.125
0.60385,3.0192,0.035949,0.015365,1,0.064032,0.055936,0,0.125
0.60511,3.0255,0.035834,0.015088,1,0.064145,0.05605,0,0.125
0.60637,3.0318,0.035718,0.014812,1,0.064258,0.056163,0,0.125
0.60763,3.0381,0.035603,0.014535,1,0.064372,0.056276,0,0.125
0.60887,3.0443,0.035448,0.014235,1,0.064485,0.056389,0,0.125
0.61008,3.0504,0.035232,0.013898,1,0.064598,0.056503,0,0.125
0.6113,3.0565,0.035015,0.01356,1,0.064712,0.056616,0,0.125
0.61251,3.0626,0.034799,0.013222,1,0.064825,0.056729,0,0.125
0.61371,3.0686,0.034546,0.012893,1,0.064938,0.056843,0,0.125
0.6149,3.0745,0.034235,0.01258,1,0.065052,0.056956,0,0.125
0.61608,3.0804,0.033924,0.012267,1,0.065165,0.057069,0,0.125
0.61726,3.0863,0.033613,0.011954,1,0.065278,0.057183,0,0.125
0.61843,3.0922,0.033315,0.01169,1,0.065392,0.057296,0,0.125
0.61958,3.0979,0.033038,0.011503,1,0.065505,0.057409,0,0.125
0.62073,3.1036,0.032762,0.011317,1,0.065618,0.057523,0,0.125
0.62187,3.1094,0.032486,0.01113,1,0.065732,0.057636,0,0.125
0.623,3.115,0.03221,0.010966,1,0.065845,0.057749,0,0.125
0.6241,3.1205,0.031937,0.010836,1,0.065958,0.057863,0,0.125
0.6252,3.126,0.031664,0.010706,1,0.066072,0.057976,0,0.125
0.6263,3.1315,0.031391,0.010576,1,0.066185,0.058089,0,0.125
0.62739,3.1369,0.031083,0.010418,1,0.066298,0.058203,0,0.125
0.62845,3.1423,0.030719,0.010216,1,0.066412,0.058316,0,0.125
0.62951,3.1476,0.030354,0.010014,1,0.066525,0.058429,0,0.125
0.63058,3.1529,0.02999,0.0098115,1,0.066638,0.058543,0,0.125
0.63162,3.1581,0.029592,0.0095796,1,0.066752,0.058656,0,0.125
0.63265,3.1632,0.029142,0.0093002,1,0.066865,0.058769,0,0.125
0.63367,3.1684,0.028692,0.0090209,1,0.066978,0.058883,0,0.125
0.6347,3.1735,0.028241,0.0087415,1,0.067092,0.058996,0,0.125
0.6357,3.1785,0.027806,0.0084683,1,0.067205,0.059109,0,0.125
0.63668,3.1834,0.027396,0.008205,1,0.067318,0.059223,0,0.125
0.63765,3.1882,0.026985,0.0079417,1,0.067432,0.059336,0,0.125
0.63862,3.1931,0.026574,0.0076784,1,0.067545,0.059449,0,0.125
0.63957,3.1978,0.026219,0.0074435,1,0.067658,0.059563,0,0.125
0.64048,3.2024,0.025953,0.0072541,1,0.067772,0.059676,0,0.125
0.64139,3.207,0.025688,0.0070647,1,0.067885,0.059789,0,0.125
0.6423,3.2115,0.025422,0.0068753,1,0.067998,0.059903,0,0.125
0.64319,3.216,0.025185,0.0066843,1,0.068112,0.060016,0,0.125
0.64406,3.2203,0.024995,0.0064908,1,0.068225,0.060129,0,0.125
0.64492,3.2246,0.024805,0.0062973,1,0.068338,0.060243,0,0.125
0.64579,3.2289,0.024615,0.0061037,1,0.068452,0.060356,0,0.125
0.64664,3.2332,0.024389,0.0058963,1,0.068565,0.060469,0,0.125
0.64747,3.2374,0.024104,0.0056665,1,0.068678,0.060583,0,0.125
0.6483,3.2415,0.023819,0.0054367,1,0.068792,0.060696,0,0.125
0.64913,3.2457,0.023534,0.0052069,1,0.068905,0.060809,0,0.125
0.64995,3.2497,0.023267,0.0050155,1,0.069018,0.060923,0,0.125
0.65074,3.2537,0.02303,0.0048861,1,0.069132,0.061036,0,0.125
0.65153,3.2576,0.022793,0.0047567,1,0.069245,0.061149,0,0.125
0.65232,3.2616,0.022556,0.0046273,1,0.069358,0.061263,0,0.125
0.65309,3.2654,0.022376,0.0045287,1,0.069472,0.061376,0,0.125
0.65383,3.2691,0.022291,0.0044799,1,0.069585,0.061489,0,0.125
0.65456,3.2728,0.022206,0.0044311,1,0.069698,0.061603,0,0.125
0.6553,3.2765,0.02212,0.0043822,1,0.069812,0.061716,0,0.125
0.65602,3.2801,0.022046,0.0043107,1,0.069925,0.061829,0,0.125
0.65671,3.2835,0.021991,0.0042022,1,0.070038,0.061943,0,0.125
0.6574,3.287,0.021935,0.0040938,1,0.070152,0.062056,0,0.125
0.65809,3.2904,0.021879,0.0039853,1,0.070265,0.062169,0,0.125
0.65877,3.2938,0.021795,0.0038574,1,0.070378,0.062283,0,0.125
0.65943,3.2972,0.021662,0.0036974,1,0.070492,0.062396,0,0.125
0.6601,3.3005,0.02153,0.0035374,1,0.070605,0.062509,0,0.125
0.66076,3.3038,0.021398,0.0033774,1,0.070718,0.062623,0,0.125
0.66142,3.3071,0.021267,0.0032226,1,0.070832,0.062736,0,0.125
0.66207,3.3103,0.021141,0.0030765,1,0.070945,0.062849,0,0.125
0.66271,3.3136,0.021014,0.0029305,1,0.071058,0.062963,0,0.125
0.66336,3.3168,0.020888,0.0027844,1,0.071172,0.063076,0,0.125
0.66399,3.3199,0.020789,0.0026656,1,0.071285,0.063189,0,0.125
0.6646,3.323,0.020737,0.0025919,1,0.071398,0.063303,0,0.125
0.66521,3.326,0.020684,0.0025183,1,0.071512,0.063416,0,0.125
0.66582,3.3291,0.020631,0.0024446,1,0.071625,0.063529,0,0.125
0.66641,3.3321,0.020591,0.0023819,1,0.071738,0.063643,0,0.125
0.66699,3.335,0.02057,0.0023373,1,0.071852,0.063756,0,0.125
0.66757,3.3379,0.020549,0.0022927,1,0.071965,0.063869,0,0.125
0.66815,3.3408,0.020528,0.0022481,1,0.072078,0.063983,0,0.125
0.66873,3.3437,0.020499,0.002172,1,0.072192,0.064096,0,0.125
0.6693,3.3465,0.020455,0.0020433,1,0.072305,0.064209,0,0.125
0.66987,3.3493,0.020411,0.0019147,1,0.072418,0.064323,0,0.125
0.67044,3.3522,0.020368,0.001786,1,0.072532,0.064436,0,0.125
0.671,3.355,0.020348,0.0016333,1,0.072645,0.064549,0,0.125
0.67157,3.3579,0.020368,0.0014399,1,0.072758,0.064663,0,0.125
0.67214,3.3607,0.020389,0.0012466,1,0.072872,0.064776,0,0.125
0.67271,3.3635,0.020409,0.0010532,1,0.072985,0.064889,0,0.125
0.67327,3.3664,0.020474,0.00086683,1,0.073098,0.065003,0,0.125
0.67384,3.3692,0.020614,0.0006924,1,0.073212,0.065116,0,0.125
0.6744,3.372,0.020754,0.00051797,1,0.073325,0.065229,0,0.125
0.67496,3.3748,0.020895,0.00034354,1,0.073438,0.065343,0,0.125
0.67553,3.3776,0.02105,0.00018655,1,0.073552,0.065456,0,0.125
0.67608,3.3804,0.021232,5.9607e-05,1,0.073665,0.065569,0,0.125
0.67664,3.3832,0.021414,-6.734e-05,1,0.073778,0.065683,0,0.125
0.6772,3.386,0.021596,-0.00019429,1,0.073892,0.065796,0,0.125
0.67776,3.3888,0.021759,-0.00031988,1,0.074005,0.065909,0,0.125
0.67832,3.3916,0.02189,-0.00044315,1,0.074118,0.066023,0,0.125
0.67888,3.3944,0.022021,-0.00056642,1,0.074232,0.066136,0,0.125
0.67943,3.3972,0.022152,-0.00068969,1,0.074345,0.066249,0,0.125
0.67999,3.3999,0.022263,-0.00082937,1,0.074458,0.066363,0,0.125
0.68054,3.4027,0.02234,-0.00099779,1,0.074572,0.066476,0,0.125
0.68109,3.4055,0.022417,-0.0011662,1,0.074685,0.066589,0,0.125
0.68164,3.4082,0.022494,-0.0013346,1,0.074798,0.066703,0,0.125
0.6822,3.411,0.022572,-0.0015115,1,0.074912,0.066816,0,0.125
0.68275,3.4137,0.022652,-0.0017032,1,0.075025,0.066929,0,0.125
0.6833,3.4165,0.022732,-0.0018949,1,0.075138,0.067043,0,0.125
0.68385,3.4193,0.022812,-0.0020866,1,0.075252,0.067156,0,0.125
0.6844,3.422,0.022915,-0.0022616,1,0.075365,0.067269,0,0.125
0.68495,3.4248,0.02306,-0.0024065,1,0.075478,0.067383,0,0.125
0.68551,3.4275,0.023205,-0.0025515,1,0.075592,0.067496,0,0.125
0.68606,3.4303,0.02335,-0.0026964,1,0.075705,0.067609,0,0.125
0.68661,3.433,0.023479,-0.0028274,1,0.075818,0.067723,0,0.125
0.68715,3.4357,0.023579,-0.0029333,1,0.075932,0.067836,0,0.125
0.68768,3.4384,0.02368,-0.0030392,1,0.076045,0.067949,0,0.125
0.68822,3.4411,0.02378,-0.0031451,1,0.076158,0.068063,0,0.125
0.68875,3.4438,0.023835,-0.0032623,1,0.076272,0.068176,0,0.125
0.68927,3.4463,0.023807,-0.0034,1,0.076385,0.068289,0,0.125
0.68978,3.4489,0.02378,-0.0035378,1,0.076498,0.068403,0,0.125
0.6903,3.4515,0.023752,-0.0036755,1,0.076612,0.068516,0,0.125
0.69081,3.454,0.02371,-0.0038201,1,0.076725,0.068629,0,0.125
0.69131,3.4565,0.023641,-0.0039771,1,0.076838,0.068743,0,0.125
0.69181,3.459,0.023572,-0.0041342,1,0.076952,0.068856,0,0.125
0.69231,3.4615,0.023503,-0.0042913,1,0.077065,0.068969,0,0.125
0.6928,3.464,0.023432,-0.0044506,1,0.077178,0.069083,0,0.125
0.6933,3.4665,0.023357,-0.004614,1,0.077291,0.069196,0,0.125
0.6938,3.469,0.023282,-0.0047774,1,0.077405,0.069309,0,0.125
0.69429,3.4715,0.023207,-0.0049407,1,0.077518,0.069423,0,0.125
0.69479,3.4739,0.023123,-0.005108,1,0.077631,0.069536,0,0.125
0.69527,3.4764,0.023023,-0.0052826,1,0.077745,0.069649,0,0.125
0.69576,3.4788,0.022923,-0.0054572,1,0.077858,0.069763,0,0.125
0.69625,3.4813,0.022823,-0.0056318,1,0.077971,0.069876,0,0.125
0.69673,3.4837,0.022709,-0.0057938,1,0.078085,0.069989,0,0.125
0.6972,3.486,0.022571,-0.0059313,1,0.078198,0.070102,0,0.125
0.69767,3.4883,0.022433,-0.0060688,1,0.078311,0.070216,0,0.125
0.69814,3.4907,0.022294,-0.0062063,1,0.078425,0.070329,0,0.125
0.6986,3.493,0.022156,-0.0063145,1,0.078538,0.070442,0,0.125
0.69904,3.4952,0.022018,-0.0063659,1,0.078651,0.070556,0,0.125
0.69948,3.4974,0.021879,-0.0064172,1,0.078765,0.070669,0,0.125
0.69993,3.4996,0.021741,-0.0064686,1,0.078878,0.070782,0,0.125
0.70036,3.5018,0.02162,-0.006535,1,0.078991,0.070896,0,0.125
0.70079,3.5039,0.021532,-0.0066314,1,0.079105,0.071009,0,0.125
0.70121,3.5061,0.021445,-0.0067278,1,0.079218,0.071122,0,0.125
0.70164,3.5082,0.021357,-0.0068242,1,0.079331,0.071236,0,0.125
0.70206,3.5103,0.021262,-0.0069899,1,0.079445,0.071349,0,0.125
0.70246,3.5123,0.02115,-0.0072938,1,0.079558,0.071462,0,0.125
0.70287,3.5144,0.021039,-0.0075978,1,0.079671,0.071576,0,0.125
0.70328,3.5164,0.020927,-0.0079018,1,0.079785,0.071689,0,0.125
0.70368,3.5184,0.020797,-0.008224,1,0.079898,0.071802,0,0.125
0.70407,3.5203,0.020628,-0.0085834,1,0.080011,0.071916,0,0.125
0.70445,3.5223,0.020459,-0.0089429,1,0.080125,0.072029,0,0.125
0.70484,3.5242,0.02029,-0.0093023,1,0.080238,0.072142,0,0.125
0.70521,3.5261,0.020129,-0.0095947,1,0.080351,0.072256,0,0.125
0.70558,3.5279,0.019986,-0.0097475,1,0.080465,0.072369,0,0.125
0.70594,3.5297,0.019843,-0.0099004,1,0.080578,0.072482,0,0.125
0.70631,3.5315,0.0197,-0.010053,1,0.080691,0.072596,0,0.125
0.70666,3.5333,0.01958,-0.010159,1,0.080805,0.072709,0,0.125
0.70701,3.535,0.019508,-0.010167,1,0.080918,0.072822,0,0.125
0.70735,3.5367,0.019435,-0.010175,1,0.081031,0.072936,0,0.125
0.70769,3.5385,0.019363,-0.010183,1,0.081145,0.073049,0,0.125
0.70802,3.5401,0.019291,-0.010233,1,0.081258,0.073162,0,0.125
0.70834,3.5417,0.019222,-0.010372,1,0.081371,0.073276,0,0.125
0.70866,3.5433,0.019153,-0.010511,1,0.081485,0.073389,0,0.125
0.70897,3.5449,0.019084,-0.010651,1,0.081598,0.073502,0,0.125
0.70928,3.5464,0.018986,-0.010826,1,0.081711,0.073616,0,0.125
0.70956,3.5478,0.018828,-0.011081,1,0.081825,0.073729,0,0.125
0.70985,3.5492,0.018669,-0.011336,1,0.081938,0.073842,0,0.125
0.71013,3.5507,0.01851,-0.011591,1,0.082051,0.073956,0,0.125
0.71041,3.552,0.018333,-0.01181,1,0.082165,0.074069,0,0.125
0.71067,3.5533,0.018116,-0.011949,1,0.082278,0.074182,0,0.125
0.71092,3.5546,0.017899,-0.012088,1,0.082391,0.074296,0,0.125
0.71118,3.5559,0.017682,-0.012227,1,0.082505,0.074409,0,0.125
0.71144,3.5572,0.017485,-0.01235,1,0.082618,0.074522,0,0.125
0.71169,3.5584,0.017335,-0.012437,1,0.082731,0.074636,0,0.125
0.71193,3.5597,0.017184,-0.012525,1,0.082845,0.074749,0,0.125
0.71218,3.5609,0.017034,-0.012612,1,0.082958,0.074862,0,0.125
0.71243,3.5621,0.016896,-0.012741,1,0.083071,0.074976,0,0.125
0.71266,3.5633,0.016787,-0.012966,1,0.083185,0.075089,0,0.125
0.7129,3.5645,0.016677,-0.013191,1,0.083298,0.075202,0,0.125
0.71314,3.5657,0.016568,-0.013416,1,0.083411,0.075316,0,0.125
0.71337,3.5669,0.016442,-0.013651,1,0.083525,0.075429,0,0.125
0.7136,3.568,0.016275,-0.013908,1,0.083638,0.075542,0,0.125
0.71382,3.5691,0.016109,-0.014165,1,0.083751,0.075656,0,0.125
0.71405,3.5702,0.015942,-0.014422,1,0.083865,0.075769,0,0.125
0.71427,3.5713,0.015755,-0.014636,1,0.083978,0.075882,0,0.125
0.71448,3.5724,0.015517,-0.014749,1,0.084091,0.075996,0,0.125
0.7147,3.5735,0.01528,-0.014862,1,0.084205,0.076109,0,0.125
0.71491,3.5745,0.015042,-0.014975,1,0.084318,0.076222,0,0.125
0.71512,3.5756,0.014814,-0.015072,1,0.084431,0.076336,0,0.125
0.71533,3.5766,0.014609,-0.015132,1,0.084545,0.076449,0,0.125
0.71553,3.5777,0.014404,-0.015191,1,0.084658,0.076562,0,0.125
0.71574,3.5787,0.014198,-0.015251,1,0.084771,0.076676,0,0.125
0.71594,3.5797,0.014006,-0.015338,1,0.084885,0.076789,0,0.125
0.71615,3.5807,0.013847,-0.015498,1,0.084998,0.076902,0,0.125
0.71635,3.5817,0.013688,-0.015658,1,0.085111,0.077016,0,0.125
0.71655,3.5827,0.013528,-0.015817,1,0.085225,0.077129,0,0.125
0.71675,3.5837,0.013373,-0.015996,1,0.085338,0.077242,0,0.125
0.71695,3.5847,0.013229,-0.016223,1,0.085451,0.077356,0,0.125
0.71715,3.5857,0.013085,-0.01645,1,0.085565,0.077469,0,0.125
0.71735,3.5867,0.012941,-0.016677,1,0.085678,0.077582,0,0.125
0.71755,3.5877,0.012798,-0.016899,1,0.085791,0.077696,0,0.125
0.71774,3.5887,0.012659,-0.017111,1,0.085905,0.077809,0,0.125
0.71794,3.5897,0.012519,-0.017322,1,0.086018,0.077922,0,0.125
0.71814,3.5907,0.01238,-0.017534,1,0.086131,0.078036,0,0.125
0.71833,3.5917,0.012229,-0.017728,1,0.086245,0.078149,0,0.125
0.71853,3.5927,0.012044,-0.017877,1,0.086358,0.078262,0,0.125
0.71873,3.5936,0.011859,-0.018026,1,0.086471,0.078376,0,0.125
0.71892,3.5946,0.011674,-0.018175,1,0.086585,0.078489,0,0.125
0.71912,3.5956,0.011477,-0.018309,1,0.086698,0.078602,0,0.125
0.71931,3.5965,0.011246,-0.018402,1,0.086811,0.078716,0,0.125
0.71949,3.5975,0.011014,-0.018495,1,0.086925,0.078829,0,0.125
0.71968,3.5984,0.010783,-0.018588,1,0.087038,0.078942,0,0.125
0.71986,3.5993,0.010556,-0.018667,1,0.087151,0.079056,0,0.125
0.72004,3.6002,0.010339,-0.018711,1,0.087265,0.079169,0,0.125
0.72022,3.6011,0.010123,-0.018755,1,0.087378,0.079282,0,0.125
0.7204,3.602,0.0099059,-0.018798,1,0.087491,0.079396,0,0.125
0.72058,3.6029,0.0096967,-0.018848,1,0.087605,0.079509,0,0.125
0.72076,3.6038,0.0095092,-0.018916,1,0.087718,0.079622,0,0.125
0.72094,3.6047,0.0093216,-0.018985,1,0.087831,0.079736,0,0.125
0.72112,3.6056,0.009134,-0.019053,1,0.087945,0.079849,0,0.125
0.7213,3.6065,0.008937,-0.019139,1,0.088058,0.079962,0,0.125
0.72149,3.6074,0.0087113,-0.019279,1,0.088171,0.080076,0,0.125
0.72167,3.6084,0.0084855,-0.019419,1,0.088285,0.080189,0,0.125
0.72185,3.6093,0.0082598,-0.019559,1,0.088398,0.080302,0,0.125
0.72204,3.6102,0.0080168,-0.019705,1,0.088511,0.080416,0,0.125
0.72222,3.6111,0.0077203,-0.019866,1,0.088625,0.080529,0,0.125
0.7224,3.612,0.0074237,-0.020028,1,0.088738,0.080642,0,0.125
0.72258,3.6129,0.0071272,-0.020189,1,0.088851,0.080756,0,0.125
0.72275,3.6138,0.0068332,-0.020343,1,0.088965,0.080869,0,0.125
0.72292,3.6146,0.0065472,-0.020471,1,0.089078,0.080982,0,0.125
0.72308,3.6154,0.0062612,-0.020599,1,0.089191,0.081096,0,0.125
0.72325,3.6162,0.0059752,-0.020728,1,0.089305,0.081209,0,0.125
0.72341,3.6171,0.0056934,-0.020849,1,0.089418,0.081322,0,0.125
0.72358,3.6179,0.0054254,-0.020948,1,0.089531,0.081436,0,0.125
0.72374,3.6187,0.0051574,-0.021047,1,0.089645,0.081549,0,0.125
0.72391,3.6195,0.0048895,-0.021145,1,0.089758,0.081662,0,0.125
0.72407,3.6204,0.0046221,-0.021243,1,0.089871,0.081776,0,0.125
0.72424,3.6212,0.0043569,-0.021335,1,0.089985,0.081889,0,0.125
0.72441,3.6221,0.0040916,-0.021428,1,0.090098,0.082002,0,0.125
0.72458,3.6229,0.0038264,-0.021521,1,0.090211,0.082116,0,0.125
0.72475,3.6238,0.0035754,-0.021613,1,0.090325,0.082229,0,0.125
0.72492,3.6246,0.0033754,-0.0217,1,0.090438,0.082342,0,0.125
0.72509,3.6254,0.0031754,-0.021787,1,0.090551,0.082456,0,0.125
0.72525,3.6263,0.0029753,-0.021874,1,0.090665,0.082569,0,0.125
0.72542,3.6271,0.0027941,-0.021969,1,0.090778,0.082682,0,0.125
0.7256,3.628,0.0026829,-0.022092,1,0.090891,0.082796,0,0.125
0.72578,3.6289,0.0025718,-0.022215,1,0.091004,0.082909,0,0.125
0.72595,3.6298,0.0024606,-0.022338,1,0.091118,0.083022,0,0.125
0.72613,3.6306,0.0023476,-0.022464,1,0.091231,0.083136,0,0.125
0.72632,3.6316,0.0022277,-0.022598,1,0.091344,0.083249,0,0.125
0.72651,3.6326,0.0021079,-0.022732,1,0.091458,0.083362,0,0.125
0.7267,3.6335,0.001988,-0.022866,1,0.091571,0.083476,0,0.125
0.7269,3.6345,0.0018559,-0.022986,1,0.091684,0.083589,0,0.125
0.7271,3.6355,0.0016748,-0.023046,1,0.091798,0.083702,0,0.125
0.7273,3.6365,0.0014938,-0.023106,1,0.091911,0.083816,0,0.125
0.7275,3.6375,0.0013127,-0.023166,1,0.092024,0.083929,0,0.125
0.7277,3.6385,0.0011343,-0.023215,1,0.092138,0.084042,0,0.125
0.7279,3.6395,0.00096654,-0.023222,1,0.092251,0.084155,0,0.125
0.7281,3.6405,0.00079883,-0.023228,1,0.092364,0.084269,0,0.125
0.7283,3.6415,0.00063112,-0.023234,1,0.092478,0.084382,0,0.125
0.7285,3.6425,0.00048065,-0.023263,1,0.092591,0.084495,0,0.125
0.72871,3.6435,0.00040426,-0.023387,1,0.092704,0.084609,0,0.125
0.72891,3.6446,0.00032788,-0.02351,1,0.092818,0.084722,0,0.125
0.72912,3.6456,0.00025149,-0.023634,1,0.092931,0.084835,0,0.125
0.72933,3.6467,0.00018907,-0.023775,1,0.093044,0.084949,0,0.125
0.72956,3.6478,0.00019014,-0.023998,1,0.093158,0.085062,0,0.125
0.72978,3.6489,0.00019122,-0.02422,1,0.093271,0.085175,0,0.125
0.73,3.65,0.00019229,-0.024442,1,0.093384,0.085289,0,0.125
0.73023,3.6512,0.00019674,-0.024661,1,0.093498,0.085402,0,0.125
0.73047,3.6524,0.00021713,-0.024861,1,0.093611,0.085515,0,0.125
0.73071,3.6536,0.00023752,-0.025062,1,0.093724,0.085629,0,0.125
0.73095,3.6548,0.00025791,-0.025262,1,0.093838,0.085742,0,0.125
0.73119,3.656,0.00027657,-0.025456,1,0.093951,0.085855,0,0.125
0.73144,3.6572,0.00028668,-0.025618,1,0.094064,0.085969,0,0.125
0.73168,3.6584,0.0002968,-0.02578,1,0.094178,0.086082,0,0.125
0.73192,3.6596,0.00030691,-0.025942,1,0.094291,0.086195,0,0.125
0.73216,3.6608,0.00031385,-0.026106,1,0.094404,0.086309,0,0.125
0.73238,3.6619,0.00030428,-0.026281,1,0.094518,0.086422,0,0.125
0.73261,3.663,0.00029471,-0.026456,1,0.094631,0.086535,0,0.125
0.73284,3.6642,0.00028514,-0.026631,1,0.094744,0.086649,0,0.125
0.73306,3.6653,0.00027345,-0.02681,1,0.094858,0.086762,0,0.125
0.73329,3.6665,0.00025006,-0.027016,1,0.094971,0.086875,0,0.125
0.73352,3.6676,0.00022666,-0.027221,1,0.095084,0.086989,0,0.125
0.73375,3.6688,0.00020327,-0.027427,1,0.095198,0.087102,0,0.125
0.73398,3.6699,0.00018152,-0.027636,1,0.095311,0.087215,0,0.125
0.73422,3.6711,0.00016928,-0.027872,1,0.095424,0.087329,0,0.125
0.73446,3.6723,0.00015704,-0.028107,1,0.095538,0.087442,0,0.125
0.73471,3.6735,0.0001448,-0.028342,1,0.095651,0.087555,0,0.125
0.73495,3.6747,0.00014024,-0.028584,1,0.095764,0.087669,0,0.125
0.7352,3.676,0.00018219,-0.028868,1,0.095878,0.087782,0,0.125
0.73544,3.6772,0.00022415,-0.029153,1,0.095991,0.087895,0,0.125
0.73569,3.6785,0.0002661,-0.029437,1,0.096104,0.088009,0,0.125
0.73594,3.6797,0.00031201,-0.029723,1,0.096218,0.088122,0,0.125
0.73618,3.6809,0.00038379,-0.030023,1,0.096331,0.088235,0,0.125
0.73642,3.6821,0.00045558,-0.030323,1,0.096444,0.088349,0,0.125
0.73666,3.6833,0.00052736,-0.030623,1,0.096558,0.088462,0,0.125
0.7369,3.6845,0.00059076,-0.030917,1,0.096671,0.088575,0,0.125
0.73714,3.6857,0.00059611,-0.03117,1,0.096784,0.088689,0,0.125
0.73737,3.6869,0.00060147,-0.031423,1,0.096898,0.088802,0,0.125
0.73761,3.688,0.00060683,-0.031676,1,0.097011,0.088915,0,0.125
0.73785,3.6892,0.00059697,-0.031922,1,0.097124,0.089029,0,0.125
0.73808,3.6904,0.00047452,-0.032118,1,0.097238,0.089142,0,0.125
0.73832,3.6916,0.00035207,-0.032314,1,0.097351,0.089255,0,0.125
0.73856,3.6928,0.00022961,-0.03251,1,0.097464,0.089369,0,0.125
0.7388,3.694,0.00010283,-0.032699,1,0.097578,0.089482,0,0.125
0.73904,3.6952,-5.807e-05,-0.032836,1,0.097691,0.089595,0,0.125
0.73928,3.6964,-0.00021897,-0.032973,1,0.097804,0.089709,0,0.125
0.73952,3.6976,-0.00037987,-0.033111,1,0.097918,0.089822,0,0.125
0.73976,3.6988,-0.00053057,-0.033248,1,0.098031,0.089935,0,0.125
0.74,3.7,-0.00059271,-0.033382,1,0.098144,0.090049,0,0.125
0.74024,3.7012,-0.00065485,-0.033516,1,0.098258,0.090162,0,0.125
0.74048,3.7024,-0.00071699,-0.03365,1,0.098371,0.090275,0,0.125
0.74072,3.7036,-0.00077133,-0.033788,1,0.098484,0.090389,0,0.125
0.74096,3.7048,-0.00075257,-0.033964,1,0.098598,0.090502,0,0.125
0.74119,3.706,-0.00073381,-0.03414,1,0.098711,0.090615,0,0.125
0.74143,3.7071,-0.00071505,-0.034316,1,0.098824,0.090729,0,0.125
0.74166,3.7083,-0.00069989,-0.034495,1,0.098938,0.090842,0,0.125
0.74189,3.7095,-0.00072146,-0.034702,1,0.099051,0.090955,0,0.125
0.74212,3.7106,-0.00074304,-0.03491,1,0.099164,0.091069,0,0.125
0.74235,3.7118,-0.00076462,-0.035118,1,0.099278,0.091182,0,0.125
0.74258,3.7129,-0.00079381,-0.035322,1,0.099391,0.091295,0,0.125
0.74282,3.7141,-0.00090749,-0.035494,1,0.099504,0.091409,0,0.125
0.74305,3.7152,-0.0010212,-0.035666,1,0.099618,0.091522,0,0.125
0.74328,3.7164,-0.0011349,-0.035838,1,0.099731,0.091635,0,0.125
0.74351,3.7176,-0.0012545,-0.036002,1,0.099844,0.091749,0,0.125
0.74375,3.7188,-0.0014499,-0.036074,1,0.099958,0.091862,0,0.125
0.74399,3.7199,-0.0016453,-0.036145,1,0.10007,0.091975,0,0.125
0.74422,3.7211,-0.0018407,-0.036216,1,0.10018,0.092089,0,0.125
0.74446,3.7223,-0.0020343,-0.036284,1,0.1003,0.092202,0,0.125
0.74469,3.7234,-0.0022034,-0.036301,1,0.10041,0.092315,0,0.125
0.74492,3.7246,-0.0023724,-0.036318,1,0.10052,0.092429,0,0.125
0.74514,3.7257,-0.0025414,-0.036335,1,0.10064,0.092542,0,0.125
0.74537,3.7269,-0.0027054,-0.036353,1,0.10075,0.092655,0,0.125
0.74559,3.7279,-0.0027855,-0.036392,1,0.10086,0.092769,0,0.125
0.7458,3.729,-0.0028655,-0.036432,1,0.10098,0.092882,0,0.125
0.74602,3.7301,-0.0029456,-0.036472,1,0.10109,0.092995,0,0.125
0.74624,3.7312,-0.0030239,-0.036514,1,0.1012,0.093109,0,0.125
0.74645,3.7322,-0.0030705,-0.036596,1,0.10132,0.093222,0,0.125
0.74666,3.7333,-0.003117,-0.036678,1,0.10143,0.093335,0,0.125
0.74687,3.7343,-0.0031635,-0.03676,1,0.10154,0.093449,0,0.125
0.74708,3.7354,-0.0032109,-0.036843,1,0.10166,0.093562,0,0.125
0.74729,3.7365,-0.0032771,-0.036927,1,0.10177,0.093675,0,0.125
0.74751,3.7375,-0.0033434,-0.037011,1,0.10188,0.093789,0,0.125
0.74772,3.7386,-0.0034096,-0.037096,1,0.102,0.093902,0,0.125
0.74794,3.7397,-0.0034769,-0.037178,1,0.10211,0.094015,0,0.125
0.74816,3.7408,-0.0035738,-0.03719,1,0.10222,0.094129,0,0.125
0.74838,3.7419,-0.0036708,-0.037203,1,0.10234,0.094242,0,0.125
0.74861,3.743,-0.0037677,-0.037215,1,0.10245,0.094355,0,0.125
0.74883,3.7442,-0.0038645,-0.037227,1,0.10256,0.094469,0,0.125
0.74905,3.7453,-0.0039553,-0.037219,1,0.10268,0.094582,0,0.125
0.74927,3.7463,-0.004046,-0.037212,1,0.10279,0.094695,0,0.125
0.74949,3.7474,-0.0041368,-0.037205,1,0.1029,0.094809,0,0.125
0.74971,3.7485,-0.0042269,-0.037199,1,0.10302,0.094922,0,0.125
0.74991,3.7496,-0.0042806,-0.037275,1,0.10313,0.095035,0,0.125
0.75012,3.7506,-0.0043343,-0.037352,1,0.10324,0.095149,0,0.125
0.75032,3.7516,-0.0043879,-0.037428,1,0.10336,0.095262,0,0.125
0.75052,3.7526,-0.004441,-0.037505,1,0.10347,0.095375,0,0.125
0.75072,3.7536,-0.0044219,-0.03763,1,0.10358,0.095489,0,0.125
0.75092,3.7546,-0.0044028,-0.037756,1,0.1037,0.095602,0,0.125
0.75111,3.7556,-0.0043836,-0.037881,1,0.10381,0.095715,0,0.125
0.75131,3.7566,-0.0043645,-0.038006,1,0.10392,0.095829,0,0.125
0.75151,3.7576,-0.0043015,-0.038097,1,0.10404,0.095942,0,0.125
0.75171,3.7586,-0.0042385,-0.038188,1,0.10415,0.096055,0,0.125
0.75191,3.7596,-0.0041755,-0.038279,1,0.10426,0.096169,0,0.125
0.75211,3.7606,-0.0041125,-0.03837,1,0.10438,0.096282,0,0.125
0.75233,3.7616,-0.0040673,-0.038427,1,0.10449,0.096395,0,0.125
0.75254,3.7627,-0.0040223,-0.038483,1,0.1046,0.096509,0,0.125
0.75275,3.7637,-0.0039774,-0.038539,1,0.10472,0.096622,0,0.125
0.75296,3.7648,-0.0039324,-0.038595,1,0.10483,0.096735,0,0.125
0.75317,3.7659,-0.0038827,-0.038704,1,0.10494,0.096849,0,0.125
0.75338,3.7669,-0.0038329,-0.038813,1,0.10506,0.096962,0,0.125
0.75359,3.768,-0.0037831,-0.038923,1,0.10517,0.097075,0,0.125
0.7538,3.769,-0.0037334,-0.039033,1,0.10528,0.097189,0,0.125
0.75401,3.77,-0.0036192,-0.039203,1,0.1054,0.097302,0,0.125
0.75421,3.7711,-0.0035032,-0.039375,1,0.10551,0.097415,0,0.125
0.75441,3.7721,-0.0033872,-0.039546,1,0.10562,0.097529,0,0.125
0.75462,3.7731,-0.0032712,-0.039718,1,0.10574,0.097642,0,0.125
0.75482,3.7741,-0.0031204,-0.039868,1,0.10585,0.097755,0,0.125
0.75502,3.7751,-0.0029683,-0.040017,1,0.10596,0.097869,0,0.125
0.75522,3.7761,-0.0028163,-0.040166,1,0.10608,0.097982,0,0.125
0.75543,3.7771,-0.0026642,-0.040315,1,0.10619,0.098095,0,0.125
0.75564,3.7782,-0.0025508,-0.040411,1,0.1063,0.098209,0,0.125
0.75584,3.7792,-0.0024392,-0.040506,1,0.10642,0.098322,0,0.125
0.75605,3.7803,-0.0023276,-0.0406,1,0.10653,0.098435,0,0.125
0.75626,3.7813,-0.002216,-0.040694,1,0.10664,0.098548,0,0.125
0.75647,3.7824,-0.0021154,-0.040804,1,0.10676,0.098662,0,0.125
0.75668,3.7834,-0.0020154,-0.040915,1,0.10687,0.098775,0,0.125
0.7569,3.7845,-0.0019155,-0.041026,1,0.10698,0.098888,0,0.125
0.75711,3.7856,-0.0018155,-0.041137,1,0.1071,0.099002,0,0.125
0.75732,3.7866,-0.001682,-0.041306,1,0.10721,0.099115,0,0.125
0.75753,3.7876,-0.0015464,-0.041477,1,0.10732,0.099228,0,0.125
0.75774,3.7887,-0.0014107,-0.041649,1,0.10744,0.099342,0,0.125
0.75795,3.7897,-0.0012751,-0.041821,1,0.10755,0.099455,0,0.125
0.75816,3.7908,-0.0011233,-0.041989,1,0.10766,0.099568,0,0.125
0.75836,3.7918,-0.00097025,-0.042156,1,0.10778,0.099682,0,0.125
0.75857,3.7928,-0.00081722,-0.042323,1,0.10789,0.099795,0,0.125
0.75878,3.7939,-0.0006642,-0.04249,1,0.108,0.099908,0,0.125
0.75899,3.7949,-0.00052485,-0.042619,1,0.10812,0.10002,0,0.125
0.7592,3.796,-0.00038668,-0.042746,1,0.10823,0.10014,0,0.125
0.75941,3.7971,-0.00024852,-0.042872,1,0.10834,0.10025,0,0.125
0.75962,3.7981,-0.00011035,-0.042998,1,0.10846,0.10036,0,0.125
0.75984,3.7992,-8.1682e-06,-0.04311,1,0.10857,0.10048,0,0.125
0.76006,3.8003,9.0589e-05,-0.04322,1,0.10868,0.10059,0,0.125
0.76028,3.8014,0.00018935,-0.043331,1,0.1088,0.1007,0,0.125
0.7605,3.8025,0.0002881,-0.043441,1,0.10891,0.10082,0,0.125
0.76072,3.8036,0.00037088,-0.043565,1,0.10902,0.10093,0,0.125
0.76094,3.8047,0.00045189,-0.043689,1,0.10914,0.10104,0,0.125
0.76116,3.8058,0.0005329,-0.043814,1,0.10925,0.10116,0,0.125
0.76138,3.8069,0.00061391,-0.043939,1,0.10936,0.10127,0,0.125
0.76159,3.808,0.00069799,-0.044075,1,0.10948,0.10138,0,0.125
0.76181,3.809,0.00078244,-0.044213,1,0.10959,0.1015,0,0.125
0.76202,3.8101,0.00086689,-0.044352,1,0.1097,0.10161,0,0.125
0.76224,3.8112,0.00095134,-0.04449,1,0.10982,0.10172,0,0.125
0.76245,3.8123,0.0010646,-0.044618,1,0.10993,0.10184,0,0.125
0.76266,3.8133,0.0011816,-0.044744,1,0.11004,0.10195,0,0.125
0.76288,3.8144,0.0012987,-0.04487,1,0.11016,0.10206,0,0.125
0.76309,3.8154,0.0014158,-0.044997,1,0.11027,0.10218,0,0.125
0.7633,3.8165,0.001522,-0.045106,1,0.11038,0.10229,0,0.125
0.76351,3.8175,0.0016267,-0.045214,1,0.1105,0.1024,0,0.125
0.76371,3.8186,0.0017313,-0.045321,1,0.11061,0.10252,0,0.125
0.76392,3.8196,0.0018359,-0.045428,1,0.11072,0.10263,0,0.125
0.76413,3.8206,0.0018718,-0.045527,1,0.11084,0.10274,0,0.125
0.76433,3.8217,0.001896,-0.045625,1,0.11095,0.10286,0,0.125
0.76454,3.8227,0.0019202,-0.045722,1,0.11106,0.10297,0,0.125
0.76475,3.8237,0.0019444,-0.04582,1,0.11118,0.10308,0,0.125
0.76495,3.8247,0.0019413,-0.045911,1,0.11129,0.1032,0,0.125
0.76515,3.8258,0.0019332,-0.046002,1,0.1114,0.10331,0,0.125
0.76535,3.8268,0.001925,-0.046093,1,0.11152,0.10342,0,0.125
0.76556,3.8278,0.0019169,-0.046183,1,0.11163,0.10354,0,0.125
0.76575,3.8288,0.0019579,-0.046257,1,0.11174,0.10365,0,0.125
0.76595,3.8297,0.0020085,-0.046327,1,0.11186,0.10376,0,0.125
0.76614,3.8307,0.0020591,-0.046397,1,0.11197,0.10388,0,0.125
0.76633,3.8317,0.0021098,-0.046467,1,0.11208,0.10399,0,0.125
0.76653,3.8326,0.0022172,-0.046538,1,0.1122,0.1041,0,0.125
0.76672,3.8336,0.0023358,-0.046608,1,0.11231,0.10422,0,0.125
0.76691,3.8345,0.0024544,-0.046679,1,0.11242,0.10433,0,0.125
0.7671,3.8355,0.002573,-0.04675,1,0.11254,0.10444,0,0.125
0.76719,3.836,0.0026375,-0.046785,1,0.11265,0.10456,0,0.125
0.76727,3.8364,0.0026961,-0.046817,1,0.11276,0.10467,0,0.125
0.76736,3.8368,0.0027547,-0.04685,1,0.11288,0.10478,0,0.125
nan,nan,nan,nan,0,0.11299,0.1049,0,0.125
nan,nan,nan,nan,0,0.1131,0.10501,0,0.125
nan,nan,nan,nan,0,0.11322,0.10512,0,0.125
nan,nan,nan,nan,0,0.11333,0.10524,0,0.125
