"k","vtkValidPointMask","arc_length","Points:0","Points:1","Points:2"
nan,0,0,-0.0080956,0,0.125
nan,0,0.00011333,-0.0079823,0,0.125
nan,0,0.00022666,-0.007869,0,0.125
nan,0,0.00033999,-0.0077556,0,0.125
nan,0,0.00045332,-0.0076423,0,0.125
2.8989e-06,1,0.00056665,-0.007529,0,0.125
nan,0,0.00067998,-0.0074157,0,0.125
nan,0,0.00079331,-0.0073023,0,0.125
nan,0,0.00090664,-0.007189,0,0.125
nan,0,0.00102,-0.0070757,0,0.125
nan,0,0.0011333,-0.0069623,0,0.125
nan,0,0.0012466,-0.006849,0,0.125
nan,0,0.00136,-0.0067357,0,0.125
nan,0,0.0014733,-0.0066223,0,0.125
nan,0,0.0015866,-0.006509,0,0.125
nan,0,0.0017,-0.0063957,0,0.125
nan,0,0.0018133,-0.0062823,0,0.125
nan,0,0.0019266,-0.006169,0,0.125
nan,0,0.00204,-0.0060557,0,0.125
nan,0,0.0021533,-0.0059424,0,0.125
nan,0,0.0022666,-0.005829,0,0.125
nan,0,0.0023799,-0.0057157,0,0.125
nan,0,0.0024933,-0.0056024,0,0.125
nan,0,0.0026066,-0.005489,0,0.125
nan,0,0.0027199,-0.0053757,0,0.125
nan,0,0.0028333,-0.0052624,0,0.125
nan,0,0.0029466,-0.005149,0,0.125
nan,0,0.0030599,-0.0050357,0,0.125
nan,0,0.0031733,-0.0049224,0,0.125
nan,0,0.0032866,-0.0048091,0,0.125
nan,0,0.0033999,-0.0046957,0,0.125
nan,0,0.0035132,-0.0045824,0,0.125
nan,0,0.0036266,-0.0044691,0,0.125
nan,0,0.0037399,-0.0043557,0,0.125
nan,0,0.0038532,-0.0042424,0,0.125
nan,0,0.0039666,-0.0041291,0,0.125
nan,0,0.0040799,-0.0040157,0,0.125
nan,0,0.0041932,-0.0039024,0,0.125
nan,0,0.0043066,-0.0037891,0,0.125
nan,0,0.0044199,-0.0036757,0,0.125
nan,0,0.0045332,-0.0035624,0,0.125
nan,0,0.0046466,-0.0034491,0,0.125
nan,0,0.0047599,-0.0033358,0,0.125
nan,0,0.0048732,-0.0032224,0,0.125
nan,0,0.0049865,-0.0031091,0,0.125
nan,0,0.0050999,-0.0029958,0,0.125
nan,0,0.0052132,-0.0028824,0,0.125
nan,0,0.0053265,-0.0027691,0,0.125
nan,0,0.0054399,-0.0026558,0,0.125
nan,0,0.0055532,-0.0025424,0,0.125
nan,0,0.0056665,-0.0024291,0,0.125
nan,0,0.0057799,-0.0023158,0,0.125
nan,0,0.0058932,-0.0022024,0,0.125
nan,0,0.0060065,-0.0020891,0,0.125
nan,0,0.0061199,-0.0019758,0,0.125
nan,0,0.0062332,-0.0018625,0,0.125
nan,0,0.0063465,-0.0017491,0,0.125
nan,0,0.0064598,-0.0016358,0,0.125
nan,0,0.0065732,-0.0015225,0,0.125
nan,0,0.0066865,-0.0014091,0,0.125
nan,0,0.0067998,-0.0012958,0,0.125
nan,0,0.0069132,-0.0011825,0,0.125
nan,0,0.0070265,-0.0010691,0,0.125
nan,0,0.0071398,-0.00095581,0,0.125
nan,0,0.0072532,-0.00084248,0,0.125
nan,0,0.0073665,-0.00072915,0,0.125
nan,0,0.0074798,-0.00061582,0,0.125
nan,0,0.0075932,-0.00050249,0,0.125
nan,0,0.0077065,-0.00038916,0,0.125
nan,0,0.0078198,-0.00027583,0,0.125
nan,0,0.0079331,-0.0001625,0,0.125
nan,0,0.0080465,-4.9165e-05,0,0.125
nan,0,0.0081598,6.4166e-05,0,0.125
nan,0,0.0082731,0.0001775,0,0.125
nan,0,0.0083865,0.00029083,0,0.125
nan,0,0.0084998,0.00040416,0,0.125
nan,0,0.0086131,0.00051749,0,0.125
nan,0,0.0087265,0.00063082,0,0.125
nan,0,0.0088398,0.00074415,0,0.125
nan,0,0.0089531,0.00085748,0,0.125
nan,0,0.0090665,0.00097081,0,0.125
nan,0,0.0091798,0.0010841,0,0.125
nan,0,0.0092931,0.0011975,0,0.125
nan,0,0.0094064,0.0013108,0,0.125
nan,0,0.0095198,0.0014241,0,0.125
nan,0,0.0096331,0.0015375,0,0.125
nan,0,0.0097464,0.0016508,0,0.125
nan,0,0.0098598,0.0017641,0,0.125
nan,0,0.0099731,0.0018775,0,0.125
nan,0,0.010086,0.0019908,0,0.125
nan,0,0.0102,0.0021041,0,0.125
nan,0,0.010313,0.0022174,0,0.125
nan,0,0.010426,0.0023308,0,0.125
nan,0,0.01054,0.0024441,0,0.125
nan,0,0.010653,0.0025574,0,0.125
nan,0,0.010766,0.0026708,0,0.125
nan,0,0.01088,0.0027841,0,0.125
nan,0,0.010993,0.0028974,0,0.125
nan,0,0.011106,0.0030108,0,0.125
nan,0,0.01122,0.0031241,0,0.125
nan,0,0.011333,0.0032374,0,0.125
nan,0,0.011446,0.0033508,0,0.125
nan,0,0.01156,0.0034641,0,0.125
nan,0,0.011673,0.0035774,0,0.125
nan,0,0.011786,0.0036907,0,0.125
nan,0,0.0119,0.0038041,0,0.125
nan,0,0.012013,0.0039174,0,0.125
nan,0,0.012126,0.0040307,0,0.125
nan,0,0.01224,0.0041441,0,0.125
nan,0,0.012353,0.0042574,0,0.125
nan,0,0.012466,0.0043707,0,0.125
nan,0,0.01258,0.0044841,0,0.125
nan,0,0.012693,0.0045974,0,0.125
nan,0,0.012806,0.0047107,0,0.125
nan,0,0.01292,0.0048241,0,0.125
nan,0,0.013033,0.0049374,0,0.125
nan,0,0.013146,0.0050507,0,0.125
nan,0,0.01326,0.005164,0,0.125
nan,0,0.013373,0.0052774,0,0.125
nan,0,0.013486,0.0053907,0,0.125
nan,0,0.0136,0.005504,0,0.125
nan,0,0.013713,0.0056174,0,0.125
nan,0,0.013826,0.0057307,0,0.125
nan,0,0.01394,0.005844,0,0.125
nan,0,0.014053,0.0059574,0,0.125
nan,0,0.014166,0.0060707,0,0.125
nan,0,0.01428,0.006184,0,0.125
nan,0,0.014393,0.0062974,0,0.125
nan,0,0.014506,0.0064107,0,0.125
nan,0,0.01462,0.006524,0,0.125
nan,0,0.014733,0.0066373,0,0.125
nan,0,0.014846,0.0067507,0,0.125
nan,0,0.01496,0.006864,0,0.125
nan,0,0.015073,0.0069773,0,0.125
nan,0,0.015186,0.0070907,0,0.125
nan,0,0.0153,0.007204,0,0.125
nan,0,0.015413,0.0073173,0,0.125
nan,0,0.015526,0.0074307,0,0.125
0.00053681,1,0.01564,0.007544,0,0.125
0.0033379,1,0.015753,0.0076573,0,0.125
0.0072254,1,0.015866,0.0077706,0,0.125
0.010064,1,0.01598,0.007884,0,0.125
0.011884,1,0.016093,0.0079973,0,0.125
0.012875,1,0.016206,0.0081106,0,0.125
0.013458,1,0.01632,0.008224,0,0.125
0.013874,1,0.016433,0.0083373,0,0.125
0.014069,1,0.016546,0.0084506,0,0.125
0.014255,1,0.01666,0.008564,0,0.125
0.014389,1,0.016773,0.0086773,0,0.125
0.014523,1,0.016886,0.0087906,0,0.125
0.014672,1,0.017,0.008904,0,0.125
0.014824,1,0.017113,0.0090173,0,0.125
0.014976,1,0.017226,0.0091306,0,0.125
0.015193,1,0.01734,0.0092439,0,0.125
0.015411,1,0.017453,0.0093573,0,0.125
0.015629,1,0.017566,0.0094706,0,0.125
0.015864,1,0.01768,0.0095839,0,0.125
0.016106,1,0.017793,0.0096973,0,0.125
0.016349,1,0.017906,0.0098106,0,0.125
0.016591,1,0.01802,0.0099239,0,0.125
0.016834,1,0.018133,0.010037,0,0.125
0.017078,1,0.018246,0.010151,0,0.125
0.017322,1,0.01836,0.010264,0,0.125
0.017566,1,0.018473,0.010377,0,0.125
0.01783,1,0.018586,0.010491,0,0.125
0.018109,1,0.0187,0.010604,0,0.125
0.018389,1,0.018813,0.010717,0,0.125
0.018668,1,0.018926,0.010831,0,0.125
0.018971,1,0.01904,0.010944,0,0.125
0.019297,1,0.019153,0.011057,0,0.125
0.019623,1,0.019266,0.011171,0,0.125
0.019949,1,0.01938,0.011284,0,0.125
0.020301,1,0.019493,0.011397,0,0.125
0.020685,1,0.019606,0.011511,0,0.125
0.021069,1,0.01972,0.011624,0,0.125
0.021453,1,0.019833,0.011737,0,0.125
0.021857,1,0.019946,0.011851,0,0.125
0.022293,1,0.02006,0.011964,0,0.125
0.022728,1,0.020173,0.012077,0,0.125
0.023164,1,0.020286,0.012191,0,0.125
0.023613,1,0.0204,0.012304,0,0.125
0.02409,1,0.020513,0.012417,0,0.125
0.024566,1,0.020626,0.012531,0,0.125
0.025043,1,0.02074,0.012644,0,0.125
0.025524,1,0.020853,0.012757,0,0.125
0.026016,1,0.020966,0.012871,0,0.125
0.026508,1,0.021079,0.012984,0,0.125
0.027,1,0.021193,0.013097,0,0.125
0.027488,1,0.021306,0.013211,0,0.125
0.027959,1,0.021419,0.013324,0,0.125
0.02843,1,0.021533,0.013437,0,0.125
0.028901,1,0.021646,0.013551,0,0.125
0.029368,1,0.021759,0.013664,0,0.125
0.029817,1,0.021873,0.013777,0,0.125
0.030266,1,0.021986,0.013891,0,0.125
0.030714,1,0.022099,0.014004,0,0.125
0.031164,1,0.022213,0.014117,0,0.125
0.031621,1,0.022326,0.01423,0,0.125
0.032078,1,0.022439,0.014344,0,0.125
0.032536,1,0.022553,0.014457,0,0.125
0.032995,1,0.022666,0.01457,0,0.125
0.033491,1,0.022779,0.014684,0,0.125
0.033988,1,0.022893,0.014797,0,0.125
0.034484,1,0.023006,0.01491,0,0.125
0.034981,1,0.023119,0.015024,0,0.125
0.035525,1,0.023233,0.015137,0,0.125
0.036068,1,0.023346,0.01525,0,0.125
0.036612,1,0.023459,0.015364,0,0.125
0.037156,1,0.023573,0.015477,0,0.125
0.037756,1,0.023686,0.01559,0,0.125
0.038359,1,0.023799,0.015704,0,0.125
0.038962,1,0.023913,0.015817,0,0.125
0.039565,1,0.024026,0.01593,0,0.125
0.040242,1,0.024139,0.016044,0,0.125
0.040925,1,0.024253,0.016157,0,0.125
0.041607,1,0.024366,0.01627,0,0.125
0.04229,1,0.024479,0.016384,0,0.125
0.043055,1,0.024593,0.016497,0,0.125
0.043831,1,0.024706,0.01661,0,0.125
0.044606,1,0.024819,0.016724,0,0.125
0.045382,1,0.024933,0.016837,0,0.125
0.046228,1,0.025046,0.01695,0,0.125
0.047084,1,0.025159,0.017064,0,0.125
0.047941,1,0.025273,0.017177,0,0.125
0.048797,1,0.025386,0.01729,0,0.125
0.049717,1,0.025499,0.017404,0,0.125
0.050649,1,0.025613,0.017517,0,0.125
0.05158,1,0.025726,0.01763,0,0.125
0.052512,1,0.025839,0.017744,0,0.125
0.053496,1,0.025953,0.017857,0,0.125
0.054492,1,0.026066,0.01797,0,0.125
0.055488,1,0.026179,0.018084,0,0.125
0.056484,1,0.026293,0.018197,0,0.125
0.057516,1,0.026406,0.01831,0,0.125
0.058557,1,0.026519,0.018424,0,0.125
0.059597,1,0.026633,0.018537,0,0.125
0.060638,1,0.026746,0.01865,0,0.125
0.061709,1,0.026859,0.018764,0,0.125
0.062788,1,0.026973,0.018877,0,0.125
0.063867,1,0.027086,0.01899,0,0.125
0.064946,1,0.027199,0.019104,0,0.125
0.066034,1,0.027313,0.019217,0,0.125
0.067124,1,0.027426,0.01933,0,0.125
0.068214,1,0.027539,0.019444,0,0.125
0.069304,1,0.027653,0.019557,0,0.125
0.070413,1,0.027766,0.01967,0,0.125
0.071526,1,0.027879,0.019784,0,0.125
0.072639,1,0.027993,0.019897,0,0.125
0.073752,1,0.028106,0.02001,0,0.125
0.074925,1,0.028219,0.020124,0,0.125
0.076112,1,0.028333,0.020237,0,0.125
0.077299,1,0.028446,0.02035,0,0.125
0.078487,1,0.028559,0.020464,0,0.125
0.079717,1,0.028673,0.020577,0,0.125
0.080957,1,0.028786,0.02069,0,0.125
0.082197,1,0.028899,0.020804,0,0.125
0.083437,1,0.029013,0.020917,0,0.125
0.08466,1,0.029126,0.02103,0,0.125
0.085878,1,0.029239,0.021144,0,0.125
0.087096,1,0.029353,0.021257,0,0.125
0.088314,1,0.029466,0.02137,0,0.125
0.089525,1,0.029579,0.021484,0,0.125
0.090735,1,0.029693,0.021597,0,0.125
0.091944,1,0.029806,0.02171,0,0.125
0.093154,1,0.029919,0.021824,0,0.125
0.094396,1,0.030033,0.021937,0,0.125
0.095644,1,0.030146,0.02205,0,0.125
0.096892,1,0.030259,0.022164,0,0.125
0.098141,1,0.030373,0.022277,0,0.125
0.099401,1,0.030486,0.02239,0,0.125
0.10066,1,0.030599,0.022504,0,0.125
0.10193,1,0.030713,0.022617,0,0.125
0.10319,1,0.030826,0.02273,0,0.125
0.10443,1,0.030939,0.022844,0,0.125
0.10567,1,0.031053,0.022957,0,0.125
0.10691,1,0.031166,0.02307,0,0.125
0.10815,1,0.031279,0.023184,0,0.125
0.10937,1,0.031393,0.023297,0,0.125
0.11058,1,0.031506,0.02341,0,0.125
0.1118,1,0.031619,0.023524,0,0.125
0.11301,1,0.031733,0.023637,0,0.125
0.11423,1,0.031846,0.02375,0,0.125
0.11544,1,0.031959,0.023864,0,0.125
0.11666,1,0.032073,0.023977,0,0.125
0.11788,1,0.032186,0.02409,0,0.125
0.11911,1,0.032299,0.024204,0,0.125
0.12035,1,0.032413,0.024317,0,0.125
0.12159,1,0.032526,0.02443,0,0.125
0.12283,1,0.032639,0.024544,0,0.125
0.12409,1,0.032753,0.024657,0,0.125
0.12536,1,0.032866,0.02477,0,0.125
0.12663,1,0.032979,0.024884,0,0.125
0.1279,1,0.033093,0.024997,0,0.125
0.12921,1,0.033206,0.02511,0,0.125
0.13052,1,0.033319,0.025224,0,0.125
0.13184,1,0.033433,0.025337,0,0.125
0.13315,1,0.033546,0.02545,0,0.125
0.13459,1,0.033659,0.025564,0,0.125
0.13603,1,0.033773,0.025677,0,0.125
0.13748,1,0.033886,0.02579,0,0.125
0.13893,1,0.033999,0.025904,0,0.125
0.14056,1,0.034113,0.026017,0,0.125
0.14221,1,0.034226,0.02613,0,0.125
0.14386,1,0.034339,0.026244,0,0.125
0.1455,1,0.034453,0.026357,0,0.125
0.1473,1,0.034566,0.02647,0,0.125
0.1491,1,0.034679,0.026584,0,0.125
0.15091,1,0.034793,0.026697,0,0.125
0.15271,1,0.034906,0.02681,0,0.125
0.15458,1,0.035019,0.026924,0,0.125
0.15646,1,0.035132,0.027037,0,0.125
0.15833,1,0.035246,0.02715,0,0.125
0.16021,1,0.035359,0.027264,0,0.125
0.1621,1,0.035472,0.027377,0,0.125
0.164,1,0.035586,0.02749,0,0.125
0.1659,1,0.035699,0.027604,0,0.125
0.1678,1,0.035812,0.027717,0,0.125
0.16967,1,0.035926,0.02783,0,0.125
0.17154,1,0.036039,0.027944,0,0.125
0.1734,1,0.036152,0.028057,0,0.125
0.17527,1,0.036266,0.02817,0,0.125
0.17708,1,0.036379,0.028283,0,0.125
0.17889,1,0.036492,0.028397,0,0.125
0.1807,1,0.036606,0.02851,0,0.125
0.18251,1,0.036719,0.028623,0,0.125
0.1843,1,0.036832,0.028737,0,0.125
0.18609,1,0.036946,0.02885,0,0.125
0.18787,1,0.037059,0.028963,0,0.125
0.18966,1,0.037172,0.029077,0,0.125
0.19144,1,0.037286,0.02919,0,0.125
0.19323,1,0.037399,0.029303,0,0.125
0.19501,1,0.037512,0.029417,0,0.125
0.1968,1,0.037626,0.02953,0,0.125
0.19854,1,0.037739,0.029643,0,0.125
0.20028,1,0.037852,0.029757,0,0.125
0.20202,1,0.037966,0.02987,0,0.125
0.20376,1,0.038079,0.029983,0,0.125
0.2054,1,0.038192,0.030097,0,0.125
0.20705,1,0.038306,0.03021,0,0.125
0.20869,1,0.038419,0.030323,0,0.125
0.21034,1,0.038532,0.030437,0,0.125
0.21187,1,0.038646,0.03055,0,0.125
0.21341,1,0.038759,0.030663,0,0.125
0.21495,1,0.038872,0.030777,0,0.125
0.21648,1,0.038986,0.03089,0,0.125
0.21789,1,0.039099,0.031003,0,0.125
0.2193,1,0.039212,0.031117,0,0.125
0.22072,1,0.039326,0.03123,0,0.125
0.22212,1,0.039439,0.031343,0,0.125
0.22338,1,0.039552,0.031457,0,0.125
0.22463,1,0.039666,0.03157,0,0.125
0.22589,1,0.039779,0.031683,0,0.125
0.22714,1,0.039892,0.031797,0,0.125
0.22822,1,0.040006,0.03191,0,0.125
0.2293,1,0.040119,0.032023,0,0.125
0.23039,1,0.040232,0.032137,0,0.125
0.23146,1,0.040346,0.03225,0,0.125
0.23238,1,0.040459,0.032363,0,0.125
0.2333,1,0.040572,0.032477,0,0.125
0.23423,1,0.040686,0.03259,0,0.125
0.23514,1,0.040799,0.032703,0,0.125
0.23593,1,0.040912,0.032817,0,0.125
0.23672,1,0.041026,0.03293,0,0.125
0.23752,1,0.041139,0.033043,0,0.125
0.23829,1,0.041252,0.033157,0,0.125
0.23898,1,0.041366,0.03327,0,0.125
0.23966,1,0.041479,0.033383,0,0.125
0.24034,1,0.041592,0.033497,0,0.125
0.241,1,0.041706,0.03361,0,0.125
0.24157,1,0.041819,0.033723,0,0.125
0.24214,1,0.041932,0.033837,0,0.125
0.24271,1,0.042046,0.03395,0,0.125
0.24326,1,0.042159,0.034063,0,0.125
0.24371,1,0.042272,0.034177,0,0.125
0.24416,1,0.042386,0.03429,0,0.125
0.24461,1,0.042499,0.034403,0,0.125
0.24505,1,0.042612,0.034517,0,0.125
0.2454,1,0.042726,0.03463,0,0.125
0.24575,1,0.042839,0.034743,0,0.125
0.2461,1,0.042952,0.034857,0,0.125
0.24644,1,0.043066,0.03497,0,0.125
0.2467,1,0.043179,0.035083,0,0.125
0.24696,1,0.043292,0.035197,0,0.125
0.24722,1,0.043406,0.03531,0,0.125
0.24746,1,0.043519,0.035423,0,0.125
0.24761,1,0.043632,0.035537,0,0.125
0.24775,1,0.043746,0.03565,0,0.125
0.2479,1,0.043859,0.035763,0,0.125
0.24803,1,0.043972,0.035877,0,0.125
0.24805,1,0.044086,0.03599,0,0.125
0.24807,1,0.044199,0.036103,0,0.125
0.24809,1,0.044312,0.036217,0,0.125
0.24809,1,0.044426,0.03633,0,0.125
0.248,1,0.044539,0.036443,0,0.125
0.2479,1,0.044652,0.036557,0,0.125
0.2478,1,0.044766,0.03667,0,0.125
0.24769,1,0.044879,0.036783,0,0.125
0.24749,1,0.044992,0.036897,0,0.125
0.24729,1,0.045106,0.03701,0,0.125
0.24709,1,0.045219,0.037123,0,0.125
0.24687,1,0.045332,0.037237,0,0.125
0.24656,1,0.045446,0.03735,0,0.125
0.24625,1,0.045559,0.037463,0,0.125
0.24594,1,0.045672,0.037577,0,0.125
0.24561,1,0.045786,0.03769,0,0.125
0.24519,1,0.045899,0.037803,0,0.125
0.24478,1,0.046012,0.037917,0,0.125
0.24436,1,0.046126,0.03803,0,0.125
0.24393,1,0.046239,0.038143,0,0.125
0.24343,1,0.046352,0.038257,0,0.125
0.24293,1,0.046466,0.03837,0,0.125
0.24243,1,0.046579,0.038483,0,0.125
0.24191,1,0.046692,0.038597,0,0.125
0.24134,1,0.046806,0.03871,0,0.125
0.24077,1,0.046919,0.038823,0,0.125
0.24019,1,0.047032,0.038937,0,0.125
0.2396,1,0.047146,0.03905,0,0.125
0.23895,1,0.047259,0.039163,0,0.125
0.23831,1,0.047372,0.039277,0,0.125
0.23766,1,0.047486,0.03939,0,0.125
0.237,1,0.047599,0.039503,0,0.125
0.23628,1,0.047712,0.039617,0,0.125
0.23556,1,0.047826,0.03973,0,0.125
0.23485,1,0.047939,0.039843,0,0.125
0.23412,1,0.048052,0.039957,0,0.125
0.23334,1,0.048166,0.04007,0,0.125
0.23257,1,0.048279,0.040183,0,0.125
0.2318,1,0.048392,0.040297,0,0.125
0.23102,1,0.048506,0.04041,0,0.125
0.23021,1,0.048619,0.040523,0,0.125
0.2294,1,0.048732,0.040637,0,0.125
0.2286,1,0.048846,0.04075,0,0.125
0.22778,1,0.048959,0.040863,0,0.125
0.22695,1,0.049072,0.040977,0,0.125
0.22612,1,0.049185,0.04109,0,0.125
0.22529,1,0.049299,0.041203,0,0.125
0.22446,1,0.049412,0.041317,0,0.125
0.22362,1,0.049525,0.04143,0,0.125
0.22278,1,0.049639,0.041543,0,0.125
0.22194,1,0.049752,0.041657,0,0.125
0.2211,1,0.049865,0.04177,0,0.125
0.22028,1,0.049979,0.041883,0,0.125
0.21945,1,0.050092,0.041997,0,0.125
0.21863,1,0.050205,0.04211,0,0.125
0.21781,1,0.050319,0.042223,0,0.125
0.21701,1,0.050432,0.042336,0,0.125
0.2162,1,0.050545,0.04245,0,0.125
0.2154,1,0.050659,0.042563,0,0.125
0.2146,1,0.050772,0.042676,0,0.125
0.21382,1,0.050885,0.04279,0,0.125
0.21303,1,0.050999,0.042903,0,0.125
0.21224,1,0.051112,0.043016,0,0.125
0.21146,1,0.051225,0.04313,0,0.125
0.21068,1,0.051339,0.043243,0,0.125
0.2099,1,0.051452,0.043356,0,0.125
0.20912,1,0.051565,0.04347,0,0.125
0.20834,1,0.051679,0.043583,0,0.125
0.20757,1,0.051792,0.043696,0,0.125
0.2068,1,0.051905,0.04381,0,0.125
0.20603,1,0.052019,0.043923,0,0.125
0.20527,1,0.052132,0.044036,0,0.125
0.20451,1,0.052245,0.04415,0,0.125
0.20376,1,0.052359,0.044263,0,0.125
0.20301,1,0.052472,0.044376,0,0.125
0.20227,1,0.052585,0.04449,0,0.125
0.20155,1,0.052699,0.044603,0,0.125
0.20082,1,0.052812,0.044716,0,0.125
0.2001,1,0.052925,0.04483,0,0.125
0.19939,1,0.053039,0.044943,0,0.125
0.19869,1,0.053152,0.045056,0,0.125
0.198,1,0.053265,0.04517,0,0.125
0.1973,1,0.053379,0.045283,0,0.125
0.19661,1,0.053492,0.045396,0,0.125
0.19593,1,0.053605,0.04551,0,0.125
0.19524,1,0.053719,0.045623,0,0.125
0.19456,1,0.053832,0.045736,0,0.125
0.19388,1,0.053945,0.04585,0,0.125
0.19321,1,0.054059,0.045963,0,0.125
0.19254,1,0.054172,0.046076,0,0.125
0.19187,1,0.054285,0.04619,0,0.125
0.1912,1,0.054399,0.046303,0,0.125
0.19055,1,0.054512,0.046416,0,0.125
0.1899,1,0.054625,0.04653,0,0.125
0.18925,1,0.054739,0.046643,0,0.125
0.18861,1,0.054852,0.046756,0,0.125
0.18797,1,0.054965,0.04687,0,0.125
0.18734,1,0.055079,0.046983,0,0.125
0.18671,1,0.055192,0.047096,0,0.125
0.18607,1,0.055305,0.04721,0,0.125
0.18544,1,0.055419,0.047323,0,0.125
0.1848,1,0.055532,0.047436,0,0.125
0.18417,1,0.055645,0.04755,0,0.125
0.18354,1,0.055759,0.047663,0,0.125
0.18291,1,0.055872,0.047776,0,0.125
0.18229,1,0.055985,0.04789,0,0.125
0.18167,1,0.056099,0.048003,0,0.125
0.18105,1,0.056212,0.048116,0,0.125
0.18044,1,0.056325,0.04823,0,0.125
0.17983,1,0.056439,0.048343,0,0.125
0.17922,1,0.056552,0.048456,0,0.125
0.17862,1,0.056665,0.04857,0,0.125
0.17801,1,0.056779,0.048683,0,0.125
0.1774,1,0.056892,0.048796,0,0.125
0.17679,1,0.057005,0.04891,0,0.125
0.1762,1,0.057119,0.049023,0,0.125
0.17563,1,0.057232,0.049136,0,0.125
0.17506,1,0.057345,0.04925,0,0.125
0.17449,1,0.057459,0.049363,0,0.125
0.17393,1,0.057572,0.049476,0,0.125
0.1734,1,0.057685,0.04959,0,0.125
0.17287,1,0.057799,0.049703,0,0.125
0.17235,1,0.057912,0.049816,0,0.125
0.17182,1,0.058025,0.04993,0,0.125
0.1713,1,0.058139,0.050043,0,0.125
0.17078,1,0.058252,0.050156,0,0.125
0.17025,1,0.058365,0.05027,0,0.125
0.16974,1,0.058479,0.050383,0,0.125
0.16924,1,0.058592,0.050496,0,0.125
0.16874,1,0.058705,0.05061,0,0.125
0.16824,1,0.058819,0.050723,0,0.125
0.16775,1,0.058932,0.050836,0,0.125
0.16727,1,0.059045,0.05095,0,0.125
0.16679,1,0.059159,0.051063,0,0.125
0.16631,1,0.059272,0.051176,0,0.125
0.16583,1,0.059385,0.05129,0,0.125
0.16535,1,0.059499,0.051403,0,0.125
0.16487,1,0.059612,0.051516,0,0.125
0.16439,1,0.059725,0.05163,0,0.125
0.1639,1,0.059839,0.051743,0,0.125
0.16342,1,0.059952,0.051856,0,0.125
0.16295,1,0.060065,0.05197,0,0.125
0.16247,1,0.060179,0.052083,0,0.125
0.162,1,0.060292,0.052196,0,0.125
0.16154,1,0.060405,0.05231,0,0.125
0.16109,1,0.060519,0.052423,0,0.125
0.16064,1,0.060632,0.052536,0,0.125
0.16019,1,0.060745,0.05265,0,0.125
0.15976,1,0.060859,0.052763,0,0.125
0.15932,1,0.060972,0.052876,0,0.125
0.15889,1,0.061085,0.05299,0,0.125
0.15845,1,0.061199,0.053103,0,0.125
0.15801,1,0.061312,0.053216,0,0.125
0.15757,1,0.061425,0.05333,0,0.125
0.15714,1,0.061539,0.053443,0,0.125
0.1567,1,0.061652,0.053556,0,0.125
0.15626,1,0.061765,0.05367,0,0.125
0.15583,1,0.061879,0.053783,0,0.125
0.15539,1,0.061992,0.053896,0,0.125
0.15496,1,0.062105,0.05401,0,0.125
0.15455,1,0.062219,0.054123,0,0.125
0.15413,1,0.062332,0.054236,0,0.125
0.15371,1,0.062445,0.05435,0,0.125
0.15329,1,0.062559,0.054463,0,0.125
0.1529,1,0.062672,0.054576,0,0.125
0.1525,1,0.062785,0.05469,0,0.125
0.1521,1,0.062899,0.054803,0,0.125
0.15171,1,0.063012,0.054916,0,0.125
0.15134,1,0.063125,0.05503,0,0.125
0.15096,1,0.063238,0.055143,0,0.125
0.15059,1,0.063352,0.055256,0,0.125
0.15022,1,0.063465,0.05537,0,0.125
0.14985,1,0.063578,0.055483,0,0.125
0.14949,1,0.063692,0.055596,0,0.125
0.14912,1,0.063805,0.05571,0,0.125
0.14876,1,0.063918,0.055823,0,0.125
0.14839,1,0.064032,0.055936,0,0.125
0.14803,1,0.064145,0.05605,0,0.125
0.14767,1,0.064258,0.056163,0,0.125
0.14731,1,0.064372,0.056276,0,0.125
0.14695,1,0.064485,0.056389,0,0.125
0.14658,1,0.064598,0.056503,0,0.125
0.14622,1,0.064712,0.056616,0,0.125
0.14586,1,0.064825,0.056729,0,0.125
0.1455,1,0.064938,0.056843,0,0.125
0.14514,1,0.065052,0.056956,0,0.125
0.14479,1,0.065165,0.057069,0,0.125
0.14444,1,0.065278,0.057183,0,0.125
0.1441,1,0.065392,0.057296,0,0.125
0.14376,1,0.065505,0.057409,0,0.125
0.14342,1,0.065618,0.057523,0,0.125
0.14309,1,0.065732,0.057636,0,0.125
0.14277,1,0.065845,0.057749,0,0.125
0.14244,1,0.065958,0.057863,0,0.125
0.14212,1,0.066072,0.057976,0,0.125
0.14179,1,0.066185,0.058089,0,0.125
0.14147,1,0.066298,0.058203,0,0.125
0.14114,1,0.066412,0.058316,0,0.125
0.14081,1,0.066525,0.058429,0,0.125
0.14048,1,0.066638,0.058543,0,0.125
0.14014,1,0.066752,0.058656,0,0.125
0.1398,1,0.066865,0.058769,0,0.125
0.13946,1,0.066978,0.058883,0,0.125
0.13913,1,0.067092,0.058996,0,0.125
0.1388,1,0.067205,0.059109,0,0.125
0.13847,1,0.067318,0.059223,0,0.125
0.13815,1,0.067432,0.059336,0,0.125
0.13783,1,0.067545,0.059449,0,0.125
0.13752,1,0.067658,0.059563,0,0.125
0.13721,1,0.067772,0.059676,0,0.125
0.1369,1,0.067885,0.059789,0,0.125
0.13659,1,0.067998,0.059903,0,0.125
0.13628,1,0.068112,0.060016,0,0.125
0.13598,1,0.068225,0.060129,0,0.125
0.13567,1,0.068338,0.060243,0,0.125
0.13536,1,0.068452,0.060356,0,0.125
0.13505,1,0.068565,0.060469,0,0.125
0.13474,1,0.068678,0.060583,0,0.125
0.13442,1,0.068792,0.060696,0,0.125
0.13411,1,0.068905,0.060809,0,0.125
0.1338,1,0.069018,0.060923,0,0.125
0.13349,1,0.069132,0.061036,0,0.125
0.13319,1,0.069245,0.061149,0,0.125
0.13288,1,0.069358,0.061263,0,0.125
0.13259,1,0.069472,0.061376,0,0.125
0.1323,1,0.069585,0.061489,0,0.125
0.13201,1,0.069698,0.061603,0,0.125
0.13172,1,0.069812,0.061716,0,0.125
0.13144,1,0.069925,0.061829,0,0.125
0.13115,1,0.070038,0.061943,0,0.125
0.13087,1,0.070152,0.062056,0,0.125
0.13059,1,0.070265,0.062169,0,0.125
0.13031,1,0.070378,0.062283,0,0.125
0.13003,1,0.070492,0.062396,0,0.125
0.12975,1,0.070605,0.062509,0,0.125
0.12947,1,0.070718,0.062623,0,0.125
0.12919,1,0.070832,0.062736,0,0.125
0.12892,1,0.070945,0.062849,0,0.125
0.12864,1,0.071058,0.062963,0,0.125
0.12837,1,0.071172,0.063076,0,0.125
0.12811,1,0.071285,0.063189,0,0.125
0.12784,1,0.071398,0.063303,0,0.125
0.12758,1,0.071512,0.063416,0,0.125
0.12732,1,0.071625,0.063529,0,0.125
0.12707,1,0.071738,0.063643,0,0.125
0.12683,1,0.071852,0.063756,0,0.125
0.12658,1,0.071965,0.063869,0,0.125
0.12633,1,0.072078,0.063983,0,0.125
0.12609,1,0.072192,0.064096,0,0.125
0.12585,1,0.072305,0.064209,0,0.125
0.12561,1,0.072418,0.064323,0,0.125
0.12536,1,0.072532,0.064436,0,0.125
0.12511,1,0.072645,0.064549,0,0.125
0.12485,1,0.072758,0.064663,0,0.125
0.1246,1,0.072872,0.064776,0,0.125
0.12434,1,0.072985,0.064889,0,0.125
0.12407,1,0.073098,0.065003,0,0.125
0.12381,1,0.073212,0.065116,0,0.125
0.12354,1,0.073325,0.065229,0,0.125
0.12329,1,0.073438,0.065343,0,0.125
0.12304,1,0.073552,0.065456,0,0.125
0.12279,1,0.073665,0.065569,0,0.125
0.12255,1,0.073778,0.065683,0,0.125
0.12231,1,0.073892,0.065796,0,0.125
0.12209,1,0.074005,0.065909,0,0.125
0.12188,1,0.074118,0.066023,0,0.125
0.12166,1,0.074232,0.066136,0,0.125
0.12144,1,0.074345,0.066249,0,0.125
0.12121,1,0.074458,0.066363,0,0.125
0.12099,1,0.074572,0.066476,0,0.125
0.12076,1,0.074685,0.066589,0,0.125
0.12053,1,0.074798,0.066703,0,0.125
0.12028,1,0.074912,0.066816,0,0.125
0.12002,1,0.075025,0.066929,0,0.125
0.11977,1,0.075138,0.067043,0,0.125
0.11951,1,0.075252,0.067156,0,0.125
0.11926,1,0.075365,0.067269,0,0.125
0.119,1,0.075478,0.067383,0,0.125
0.11875,1,0.075592,0.067496,0,0.125
0.1185,1,0.075705,0.067609,0,0.125
0.11828,1,0.075818,0.067723,0,0.125
0.11806,1,0.075932,0.067836,0,0.125
0.11783,1,0.076045,0.067949,0,0.125
0.11762,1,0.076158,0.068063,0,0.125
0.11742,1,0.076272,0.068176,0,0.125
0.11722,1,0.076385,0.068289,0,0.125
0.11702,1,0.076498,0.068403,0,0.125
0.11682,1,0.076612,0.068516,0,0.125
0.11661,1,0.076725,0.068629,0,0.125
0.11641,1,0.076838,0.068743,0,0.125
0.1162,1,0.076952,0.068856,0,0.125
0.11599,1,0.077065,0.068969,0,0.125
0.11578,1,0.077178,0.069083,0,0.125
0.11556,1,0.077291,0.069196,0,0.125
0.11534,1,0.077405,0.069309,0,0.125
0.11512,1,0.077518,0.069423,0,0.125
0.1149,1,0.077631,0.069536,0,0.125
0.11469,1,0.077745,0.069649,0,0.125
0.11448,1,0.077858,0.069763,0,0.125
0.11427,1,0.077971,0.069876,0,0.125
0.11407,1,0.078085,0.069989,0,0.125
0.11388,1,0.078198,0.070102,0,0.125
0.11369,1,0.078311,0.070216,0,0.125
0.1135,1,0.078425,0.070329,0,0.125
0.11331,1,0.078538,0.070442,0,0.125
0.11312,1,0.078651,0.070556,0,0.125
0.11294,1,0.078765,0.070669,0,0.125
0.11275,1,0.078878,0.070782,0,0.125
0.11255,1,0.078991,0.070896,0,0.125
0.11235,1,0.079105,0.071009,0,0.125
0.11215,1,0.079218,0.071122,0,0.125
0.11195,1,0.079331,0.071236,0,0.125
0.11175,1,0.079445,0.071349,0,0.125
0.11155,1,0.079558,0.071462,0,0.125
0.11135,1,0.079671,0.071576,0,0.125
0.11116,1,0.079785,0.071689,0,0.125
0.11098,1,0.079898,0.071802,0,0.125
0.1108,1,0.080011,0.071916,0,0.125
0.11062,1,0.080125,0.072029,0,0.125
0.11044,1,0.080238,0.072142,0,0.125
0.11027,1,0.080351,0.072256,0,0.125
0.11009,1,0.080465,0.072369,0,0.125
0.10991,1,0.080578,0.072482,0,0.125
0.10973,1,0.080691,0.072596,0,0.125
0.10954,1,0.080805,0.072709,0,0.125
0.10934,1,0.080918,0.072822,0,0.125
0.10915,1,0.081031,0.072936,0,0.125
0.10895,1,0.081145,0.073049,0,0.125
0.10876,1,0.081258,0.073162,0,0.125
0.10856,1,0.081371,0.073276,0,0.125
0.10836,1,0.081485,0.073389,0,0.125
0.10817,1,0.081598,0.073502,0,0.125
0.108,1,0.081711,0.073616,0,0.125
0.10782,1,0.081825,0.073729,0,0.125
0.10764,1,0.081938,0.073842,0,0.125
0.10747,1,0.082051,0.073956,0,0.125
0.1073,1,0.082165,0.074069,0,0.125
0.10713,1,0.082278,0.074182,0,0.125
0.10696,1,0.082391,0.074296,0,0.125
0.10679,1,0.082505,0.074409,0,0.125
0.10661,1,0.082618,0.074522,0,0.125
0.10643,1,0.082731,0.074636,0,0.125
0.10625,1,0.082845,0.074749,0,0.125
0.10607,1,0.082958,0.074862,0,0.125
0.10588,1,0.083071,0.074976,0,0.125
0.1057,1,0.083185,0.075089,0,0.125
0.10552,1,0.083298,0.075202,0,0.125
0.10534,1,0.083411,0.075316,0,0.125
0.10517,1,0.083525,0.075429,0,0.125
0.105,1,0.083638,0.075542,0,0.125
0.10483,1,0.083751,0.075656,0,0.125
0.10466,1,0.083865,0.075769,0,0.125
0.10449,1,0.083978,0.075882,0,0.125
0.10432,1,0.084091,0.075996,0,0.125
0.10415,1,0.084205,0.076109,0,0.125
0.10399,1,0.084318,0.076222,0,0.125
0.10382,1,0.084431,0.076336,0,0.125
0.10366,1,0.084545,0.076449,0,0.125
0.10349,1,0.084658,0.076562,0,0.125
0.10333,1,0.084771,0.076676,0,0.125
0.10316,1,0.084885,0.076789,0,0.125
0.103,1,0.084998,0.076902,0,0.125
0.10283,1,0.085111,0.077016,0,0.125
0.10267,1,0.085225,0.077129,0,0.125
0.10252,1,0.085338,0.077242,0,0.125
0.10236,1,0.085451,0.077356,0,0.125
0.10221,1,0.085565,0.077469,0,0.125
0.10206,1,0.085678,0.077582,0,0.125
0.10191,1,0.085791,0.077696,0,0.125
0.10177,1,0.085905,0.077809,0,0.125
0.10163,1,0.086018,0.077922,0,0.125
0.10148,1,0.086131,0.078036,0,0.125
0.10134,1,0.086245,0.078149,0,0.125
0.1012,1,0.086358,0.078262,0,0.125
0.10105,1,0.086471,0.078376,0,0.125
0.1009,1,0.086585,0.078489,0,0.125
0.10075,1,0.086698,0.078602,0,0.125
0.10059,1,0.086811,0.078716,0,0.125
0.10044,1,0.086925,0.078829,0,0.125
0.10028,1,0.087038,0.078942,0,0.125
0.10013,1,0.087151,0.079056,0,0.125
0.099974,1,0.087265,0.079169,0,0.125
0.099821,1,0.087378,0.079282,0,0.125
0.09967,1,0.087491,0.079396,0,0.125
0.099532,1,0.087605,0.079509,0,0.125
0.099394,1,0.087718,0.079622,0,0.125
0.099256,1,0.087831,0.079736,0,0.125
0.09912,1,0.087945,0.079849,0,0.125
0.098989,1,0.088058,0.079962,0,0.125
0.098858,1,0.088171,0.080076,0,0.125
0.098728,1,0.088285,0.080189,0,0.125
0.098595,1,0.088398,0.080302,0,0.125
0.098457,1,0.088511,0.080416,0,0.125
0.098319,1,0.088625,0.080529,0,0.125
0.09818,1,0.088738,0.080642,0,0.125
0.098039,1,0.088851,0.080756,0,0.125
0.097887,1,0.088965,0.080869,0,0.125
0.097734,1,0.089078,0.080982,0,0.125
0.097582,1,0.089191,0.081096,0,0.125
0.09743,1,0.089305,0.081209,0,0.125
0.097277,1,0.089418,0.081322,0,0.125
0.097125,1,0.089531,0.081436,0,0.125
0.096973,1,0.089645,0.081549,0,0.125
0.096823,1,0.089758,0.081662,0,0.125
0.096684,1,0.089871,0.081776,0,0.125
0.096544,1,0.089985,0.081889,0,0.125
0.096405,1,0.090098,0.082002,0,0.125
0.096267,1,0.090211,0.082116,0,0.125
0.096133,1,0.090325,0.082229,0,0.125
0.096,1,0.090438,0.082342,0,0.125
0.095866,1,0.090551,0.082456,0,0.125
0.095731,1,0.090665,0.082569,0,0.125
0.09559,1,0.090778,0.082682,0,0.125
0.095448,1,0.090891,0.082796,0,0.125
0.095306,1,0.091004,0.082909,0,0.125
0.095163,1,0.091118,0.083022,0,0.125
0.095013,1,0.091231,0.083136,0,0.125
0.094863,1,0.091344,0.083249,0,0.125
0.094713,1,0.091458,0.083362,0,0.125
0.094564,1,0.091571,0.083476,0,0.125
0.094415,1,0.091684,0.083589,0,0.125
0.094265,1,0.091798,0.083702,0,0.125
0.094116,1,0.091911,0.083816,0,0.125
0.093968,1,0.092024,0.083929,0,0.125
0.093827,1,0.092138,0.084042,0,0.125
0.093685,1,0.092251,0.084155,0,0.125
0.093544,1,0.092364,0.084269,0,0.125
0.093403,1,0.092478,0.084382,0,0.125
0.093264,1,0.092591,0.084495,0,0.125
0.093126,1,0.092704,0.084609,0,0.125
0.092987,1,0.092818,0.084722,0,0.125
0.092848,1,0.092931,0.084835,0,0.125
0.092703,1,0.093044,0.084949,0,0.125
0.092558,1,0.093158,0.085062,0,0.125
0.092413,1,0.093271,0.085175,0,0.125
0.092267,1,0.093384,0.085289,0,0.125
0.092118,1,0.093498,0.085402,0,0.125
0.091969,1,0.093611,0.085515,0,0.125
0.09182,1,0.093724,0.085629,0,0.125
0.091672,1,0.093838,0.085742,0,0.125
0.091532,1,0.093951,0.085855,0,0.125
0.091392,1,0.094064,0.085969,0,0.125
0.091253,1,0.094178,0.086082,0,0.125
0.091114,1,0.094291,0.086195,0,0.125
0.090983,1,0.094404,0.086309,0,0.125
0.090851,1,0.094518,0.086422,0,0.125
0.09072,1,0.094631,0.086535,0,0.125
0.090588,1,0.094744,0.086649,0,0.125
0.090453,1,0.094858,0.086762,0,0.125
0.090318,1,0.094971,0.086875,0,0.125
0.090183,1,0.095084,0.086989,0,0.125
0.090048,1,0.095198,0.087102,0,0.125
0.089914,1,0.095311,0.087215,0,0.125
0.089781,1,0.095424,0.087329,0,0.125
0.089647,1,0.095538,0.087442,0,0.125
0.089515,1,0.095651,0.087555,0,0.125
0.089401,1,0.095764,0.087669,0,0.125
0.089287,1,0.095878,0.087782,0,0.125
0.089172,1,0.095991,0.087895,0,0.125
nan,0,0.096104,0.088009,0,0.125
nan,0,0.096218,0.088122,0,0.125
0.08886,1,0.096331,0.088235,0,0.125
0.088761,1,0.096444,0.088349,0,0.125
0.088661,1,0.096558,0.088462,0,0.125
0.088555,1,0.096671,0.088575,0,0.125
0.088449,1,0.096784,0.088689,0,0.125
0.088343,1,0.096898,0.088802,0,0.125
0.088236,1,0.097011,0.088915,0,0.125
0.088121,1,0.097124,0.089029,0,0.125
0.088006,1,0.097238,0.089142,0,0.125
0.08789,1,0.097351,0.089255,0,0.125
0.087776,1,0.097464,0.089369,0,0.125
0.08767,1,0.097578,0.089482,0,0.125
0.087563,1,0.097691,0.089595,0,0.125
0.087457,1,0.097804,0.089709,0,0.125
0.087351,1,0.097918,0.089822,0,0.125
0.087262,1,0.098031,0.089935,0,0.125
0.087173,1,0.098144,0.090049,0,0.125
0.087083,1,0.098258,0.090162,0,0.125
0.086994,1,0.098371,0.090275,0,0.125
0.086906,1,0.098484,0.090389,0,0.125
0.086819,1,0.098598,0.090502,0,0.125
0.086732,1,0.098711,0.090615,0,0.125
0.086643,1,0.098824,0.090729,0,0.125
0.086541,1,0.098938,0.090842,0,0.125
0.086439,1,0.099051,0.090955,0,0.125
0.086336,1,0.099164,0.091069,0,0.125
0.086233,1,0.099278,0.091182,0,0.125
0.086122,1,0.099391,0.091295,0,0.125
0.086011,1,0.099504,0.091409,0,0.125
0.0859,1,0.099618,0.091522,0,0.125
0.085789,1,0.099731,0.091635,0,0.125
0.085687,1,0.099844,0.091749,0,0.125
0.085584,1,0.099958,0.091862,0,0.125
0.085481,1,0.10007,0.091975,0,0.125
0.085379,1,0.10018,0.092089,0,0.125
0.085288,1,0.1003,0.092202,0,0.125
0.085198,1,0.10041,0.092315,0,0.125
0.085107,1,0.10052,0.092429,0,0.125
0.085016,1,0.10064,0.092542,0,0.125
0.084925,1,0.10075,0.092655,0,0.125
0.084834,1,0.10086,0.092769,0,0.125
0.084743,1,0.10098,0.092882,0,0.125
0.084652,1,0.10109,0.092995,0,0.125
0.084556,1,0.1012,0.093109,0,0.125
0.084459,1,0.10132,0.093222,0,0.125
0.084363,1,0.10143,0.093335,0,0.125
0.084267,1,0.10154,0.093449,0,0.125
0.084172,1,0.10166,0.093562,0,0.125
0.084076,1,0.10177,0.093675,0,0.125
0.083981,1,0.10188,0.093789,0,0.125
0.083886,1,0.102,0.093902,0,0.125
0.083796,1,0.10211,0.094015,0,0.125
0.083707,1,0.10222,0.094129,0,0.125
0.083618,1,0.10234,0.094242,0,0.125
0.083529,1,0.10245,0.094355,0,0.125
0.083442,1,0.10256,0.094469,0,0.125
0.083354,1,0.10268,0.094582,0,0.125
0.083267,1,0.10279,0.094695,0,0.125
0.08318,1,0.1029,0.094809,0,0.125
0.083087,1,0.10302,0.094922,0,0.125
0.082994,1,0.10313,0.095035,0,0.125
0.082901,1,0.10324,0.095149,0,0.125
0.082809,1,0.10336,0.095262,0,0.125
0.082709,1,0.10347,0.095375,0,0.125
0.082609,1,0.10358,0.095489,0,0.125
0.082509,1,0.1037,0.095602,0,0.125
0.082409,1,0.10381,0.095715,0,0.125
0.08231,1,0.10392,0.095829,0,0.125
0.082212,1,0.10404,0.095942,0,0.125
0.082114,1,0.10415,0.096055,0,0.125
0.082015,1,0.10426,0.096169,0,0.125
0.081927,1,0.10438,0.096282,0,0.125
0.081839,1,0.10449,0.096395,0,0.125
0.08175,1,0.1046,0.096509,0,0.125
0.081662,1,0.10472,0.096622,0,0.125
0.081579,1,0.10483,0.096735,0,0.125
0.081496,1,0.10494,0.096849,0,0.125
0.081413,1,0.10506,0.096962,0,0.125
0.08133,1,0.10517,0.097075,0,0.125
0.081239,1,0.10528,0.097189,0,0.125
0.081148,1,0.1054,0.097302,0,0.125
0.081056,1,0.10551,0.097415,0,0.125
0.080965,1,0.10562,0.097529,0,0.125
0.080864,1,0.10574,0.097642,0,0.125
0.080762,1,0.10585,0.097755,0,0.125
0.08066,1,0.10596,0.097869,0,0.125
0.080558,1,0.10608,0.097982,0,0.125
0.080459,1,0.10619,0.098095,0,0.125
0.080359,1,0.1063,0.098209,0,0.125
nan,0,0.10642,0.098322,0,0.125
nan,0,0.10653,0.098435,0,0.125
0.080072,1,0.10664,0.098548,0,0.125
0.079984,1,0.10676,0.098662,0,0.125
0.079896,1,0.10687,0.098775,0,0.125
0.079809,1,0.10698,0.098888,0,0.125
0.079723,1,0.1071,0.099002,0,0.125
0.079637,1,0.10721,0.099115,0,0.125
0.079552,1,0.10732,0.099228,0,0.125
0.079466,1,0.10744,0.099342,0,0.125
0.079372,1,0.10755,0.099455,0,0.125
0.079277,1,0.10766,0.099568,0,0.125
0.079182,1,0.10778,0.099682,0,0.125
0.079088,1,0.10789,0.099795,0,0.125
0.07899,1,0.108,0.099908,0,0.125
0.078892,1,0.10812,0.10002,0,0.125
0.078794,1,0.10823,0.10014,0,0.125
0.078696,1,0.10834,0.10025,0,0.125
0.078606,1,0.10846,0.10036,0,0.125
0.078517,1,0.10857,0.10048,0,0.125
0.078428,1,0.10868,0.10059,0,0.125
0.078339,1,0.1088,0.1007,0,0.125
0.078255,1,0.10891,0.10082,0,0.125
0.078171,1,0.10902,0.10093,0,0.125
0.078087,1,0.10914,0.10104,0,0.125
0.078003,1,0.10925,0.10116,0,0.125
0.077914,1,0.10936,0.10127,0,0.125
0.077825,1,0.10948,0.10138,0,0.125
0.077737,1,0.10959,0.1015,0,0.125
0.077648,1,0.1097,0.10161,0,0.125
0.077554,1,0.10982,0.10172,0,0.125
0.077459,1,0.10993,0.10184,0,0.125
0.077365,1,0.11004,0.10195,0,0.125
0.07727,1,0.11016,0.10206,0,0.125
0.077179,1,0.11027,0.10218,0,0.125
0.077089,1,0.11038,0.10229,0,0.125
0.076998,1,0.1105,0.1024,0,0.125
0.076908,1,0.11061,0.10252,0,0.125
0.07682,1,0.11072,0.10263,0,0.125
0.076733,1,0.11084,0.10274,0,0.125
0.076645,1,0.11095,0.10286,0,0.125
0.076558,1,0.11106,0.10297,0,0.125
0.076472,1,0.11118,0.10308,0,0.125
0.076385,1,0.11129,0.1032,0,0.125
0.076299,1,0.1114,0.10331,0,0.125
0.076212,1,0.11152,0.10342,0,0.125
0.076126,1,0.11163,0.10354,0,0.125
0.076041,1,0.11174,0.10365,0,0.125
0.075955,1,0.11186,0.10376,0,0.125
0.075869,1,0.11197,0.10388,0,0.125
0.075781,1,0.11208,0.10399,0,0.125
0.075692,1,0.1122,0.1041,0,0.125
0.075603,1,0.11231,0.10422,0,0.125
0.075515,1,0.11242,0.10433,0,0.125
0.075473,1,0.11254,0.10444,0,0.125
0.075443,1,0.11265,0.10456,0,0.125
0.075412,1,0.11276,0.10467,0,0.125
0.075382,1,0.11288,0.10478,0,0.125
nan,0,0.11299,0.1049,0,0.125
nan,0,0.1131,0.10501,0,0.125
nan,0,0.11322,0.10512,0,0.125
nan,0,0.11333,0.10524,0,0.125
